ISO-10303-21;
HEADER;
/* Generated by software containing ST-Developer
 * from STEP Tools, Inc. (www.steptools.com) 
 */
/* OPTION: using custom renumber hook */

FILE_DESCRIPTION(
/* description */ ('STEP AP242 Edition 2',
'CAx-IF Rec.Pracs.---Representation and Presentation of Product Manufa
cturing Information (PMI)---4.0---2014-10-13',
'CAx-IF Rec.Pracs.---3D Tessellated Geometry---0.4---2014-09-14','2;1',
'CAx-IF Rec.Pracs.---User Defined Attributes---1.5---2016-08-15'),
/* implementation_level */ '2;1');

FILE_NAME(
/* name */ 'Modular_vacuum - Obroc_noge',
/* time_stamp */ '2026-06-25T10:59:17Z',
/* author */ (''),
/* organization */ (''),
/* preprocessor_version */ 'ST-DEVELOPER v20',
/* originating_system */ 'ONSHAPE BY PTC INC, 1.216',
/* authorisation */ '  ');

FILE_SCHEMA (('AP242_MANAGED_MODEL_BASED_3D_ENGINEERING_MIM_LF { 1 0 10303 442 3 1 4 }'));
ENDSEC;

DATA;
#10=SHAPE_REPRESENTATION_RELATIONSHIP('','',#1389,#11);
#11=ADVANCED_BREP_SHAPE_REPRESENTATION('',(#1387),#9221);
#12=(
BOUNDED_CURVE()
B_SPLINE_CURVE(2,(#2654,#2655,#2656,#2657,#2658,#2659,#2660,#2661,#2662,
#2663,#2664,#2665,#2666,#2667,#2668,#2669,#2670,#2671,#2672,#2673,#2674,
#2675,#2676,#2677,#2678,#2679,#2680,#2681,#2682,#2683,#2684,#2685,#2686,
#2687,#2688,#2689,#2690,#2691,#2692,#2693,#2694,#2695,#2696,#2697,#2698,
#2699,#2700,#2701,#2702,#2703,#2704,#2705,#2706,#2707,#2708,#2709,#2710,
#2711,#2712,#2713,#2714,#2715,#2716,#2717,#2718,#2719,#2720,#2721,#2722,
#2723,#2724,#2725,#2726,#2727,#2728,#2729,#2730,#2731,#2732,#2733,#2734,
#2735,#2736,#2737,#2738,#2739,#2740,#2741,#2742,#2743,#2744,#2745,#2746,
#2747,#2748,#2749,#2750,#2751,#2752,#2753,#2754,#2755,#2756,#2757,#2758,
#2759,#2760,#2761,#2762,#2763,#2764,#2765,#2766,#2767,#2768,#2769,#2770,
#2771,#2772,#2773,#2774,#2775,#2776,#2777,#2778,#2779,#2780,#2781,#2782,
#2783,#2784,#2785,#2786,#2787,#2788,#2789,#2790,#2791,#2792,#2793,#2794,
#2795,#2796,#2797,#2798,#2799,#2800,#2801,#2802,#2803,#2804,#2805,#2806,
#2807,#2808,#2809,#2810,#2811,#2812,#2813,#2814,#2815,#2816,#2817,#2818,
#2819,#2820,#2821,#2822,#2823,#2824,#2825,#2826,#2827,#2828,#2829,#2830,
#2831,#2832,#2833,#2834,#2835,#2836,#2837,#2838,#2839,#2840,#2841,#2842,
#2843,#2844,#2845,#2846,#2847,#2848,#2849,#2850,#2851,#2852,#2853,#2854,
#2855,#2856,#2857,#2858,#2859,#2860,#2861,#2862,#2863,#2864,#2865,#2866,
#2867,#2868,#2869,#2870),.UNSPECIFIED.,.F.,.F.)
B_SPLINE_CURVE_WITH_KNOTS((3,2,2,2,2,2,2,2,2,2,2,2,2,2,2,2,2,2,2,2,2,2,
2,2,2,2,2,2,2,2,2,2,2,2,2,2,2,2,2,2,2,2,2,2,2,2,2,2,2,2,2,2,2,2,2,2,2,2,
2,2,2,2,2,2,2,2,2,2,2,2,2,2,2,2,2,2,2,2,2,2,2,2,2,2,2,2,2,2,2,2,2,2,2,2,
2,2,2,2,2,2,2,2,2,2,2,2,2,2,3),(0.,0.00925925925925926,0.0185185185185185,
0.0277777777777778,0.037037037037037,0.0462962962962963,0.0555555555555556,
0.0648148148148148,0.0740740740740741,0.0833333333333333,0.0925925925925926,
0.101851851851852,0.111111111111111,0.12037037037037,0.12962962962963,0.138888888888889,
0.148148148148148,0.157407407407407,0.166666666666667,0.175925925925926,
0.185185185185185,0.194444444444445,0.203703703703703,0.212962962962963,
0.222222222222222,0.231481481481481,0.240740740740741,0.25,0.25925925925926,
0.268518518518518,0.277777777777778,0.287037037037037,0.296296296296297,
0.305555555555555,0.314814814814815,0.324074074074074,0.333333333333334,
0.342592592592592,0.351851851851852,0.361111111111111,0.370370370370371,
0.37962962962963,0.388888888888889,0.398148148148148,0.407407407407407,
0.416666666666667,0.425925925925926,0.435185185185185,0.444444444444444,
0.453703703703704,0.462962962962963,0.472222222222222,0.481481481481482,
0.490740740740741,0.5,0.509259259259259,0.518518518518519,0.527777777777778,
0.537037037037037,0.546296296296296,0.555555555555556,0.564814814814815,
0.574074074074074,0.583333333333333,0.592592592592593,0.601851851851852,
0.611111111111111,0.62037037037037,0.62962962962963,0.638888888888889,0.648148148148148,
0.657407407407407,0.666666666666667,0.675925925925926,0.685185185185185,
0.694444444444444,0.703703703703704,0.712962962962963,0.722222222222222,
0.731481481481482,0.740740740740741,0.75,0.759259259259259,0.768518518518519,
0.777777777777778,0.787037037037037,0.796296296296296,0.805555555555556,
0.814814814814815,0.824074074074074,0.833333333333333,0.842592592592593,
0.851851851851852,0.861111111111111,0.87037037037037,0.87962962962963,0.888888888888889,
0.898148148148148,0.907407407407407,0.916666666666667,0.925925925925926,
0.935185185185185,0.944444444444444,0.953703703703704,0.962962962962963,
0.972222222222222,0.981481481481482,0.990740740740741,1.),.UNSPECIFIED.)
CURVE()
GEOMETRIC_REPRESENTATION_ITEM()
RATIONAL_B_SPLINE_CURVE((1.,0.866025403784439,1.,0.866025403784439,1.,0.866025403784439,
1.,0.866025403784439,1.,0.866025403784439,1.,0.866025403784439,1.,0.866025403784439,
1.,0.866025403784439,1.,0.866025403784439,1.,0.866025403784439,1.,0.866025403784439,
1.,0.866025403784439,1.,0.866025403784439,1.,0.866025403784439,1.,0.866025403784439,
1.,0.866025403784439,1.,0.866025403784439,1.,0.866025403784439,1.,0.866025403784439,
1.,0.866025403784439,1.,0.866025403784439,1.,0.866025403784439,1.,0.866025403784439,
1.,0.866025403784439,1.,0.866025403784439,1.,0.866025403784439,1.,0.866025403784439,
1.,0.866025403784439,1.,0.866025403784439,1.,0.866025403784439,1.,0.866025403784439,
1.,0.866025403784439,1.,0.866025403784439,1.,0.866025403784439,1.,0.866025403784439,
1.,0.866025403784439,1.,0.866025403784439,1.,0.866025403784439,1.,0.866025403784439,
1.,0.866025403784439,1.,0.866025403784439,1.,0.866025403784439,1.,0.866025403784439,
1.,0.866025403784439,1.,0.866025403784439,1.,0.866025403784439,1.,0.866025403784439,
1.,0.866025403784439,1.,0.866025403784439,1.,0.866025403784439,1.,0.866025403784439,
1.,0.866025403784439,1.,0.866025403784439,1.,0.866025403784439,1.,0.866025403784439,
1.,0.866025403784439,1.,0.866025403784439,1.,0.866025403784439,1.,0.866025403784439,
1.,0.866025403784439,1.,0.866025403784439,1.,0.866025403784439,1.,0.866025403784439,
1.,0.866025403784439,1.,0.866025403784439,1.,0.866025403784439,1.,0.866025403784439,
1.,0.866025403784439,1.,0.866025403784439,1.,0.866025403784439,1.,0.866025403784439,
1.,0.866025403784439,1.,0.866025403784439,1.,0.866025403784439,1.,0.866025403784439,
1.,0.866025403784439,1.,0.866025403784439,1.,0.866025403784439,1.,0.866025403784439,
1.,0.866025403784439,1.,0.866025403784439,1.,0.866025403784439,1.,0.866025403784439,
1.,0.866025403784439,1.,0.866025403784439,1.,0.866025403784439,1.,0.866025403784439,
1.,0.866025403784439,1.,0.866025403784439,1.,0.866025403784439,1.,0.866025403784439,
1.,0.866025403784439,1.,0.866025403784439,1.,0.866025403784439,1.,0.866025403784439,
1.,0.866025403784439,1.,0.866025403784439,1.,0.866025403784439,1.,0.866025403784439,
1.,0.866025403784439,1.,0.866025403784439,1.,0.866025403784439,1.,0.866025403784439,
1.,0.866025403784439,1.,0.866025403784439,1.,0.866025403784439,1.,0.866025403784439,
1.,0.866025403784439,1.))
REPRESENTATION_ITEM('')
);
#13=(
BOUNDED_CURVE()
B_SPLINE_CURVE(2,(#2871,#2872,#2873,#2874,#2875,#2876,#2877,#2878,#2879,
#2880,#2881,#2882,#2883,#2884,#2885,#2886,#2887,#2888,#2889,#2890,#2891,
#2892,#2893,#2894,#2895,#2896,#2897,#2898,#2899,#2900,#2901,#2902,#2903,
#2904,#2905,#2906,#2907,#2908,#2909,#2910,#2911,#2912,#2913,#2914,#2915,
#2916,#2917,#2918,#2919,#2920,#2921,#2922,#2923,#2924,#2925,#2926,#2927,
#2928,#2929,#2930,#2931,#2932,#2933,#2934,#2935,#2936,#2937,#2938,#2939,
#2940,#2941,#2942,#2943,#2944,#2945,#2946,#2947,#2948,#2949,#2950,#2951,
#2952,#2953,#2954,#2955,#2956,#2957,#2958,#2959,#2960,#2961,#2962,#2963,
#2964,#2965,#2966,#2967,#2968,#2969,#2970,#2971,#2972,#2973,#2974,#2975,
#2976,#2977,#2978,#2979,#2980,#2981,#2982,#2983,#2984,#2985,#2986,#2987,
#2988,#2989,#2990,#2991,#2992,#2993,#2994,#2995,#2996,#2997,#2998,#2999,
#3000,#3001,#3002,#3003,#3004,#3005,#3006,#3007,#3008,#3009,#3010,#3011,
#3012,#3013,#3014,#3015,#3016,#3017,#3018,#3019,#3020,#3021,#3022,#3023,
#3024,#3025,#3026,#3027,#3028,#3029,#3030,#3031,#3032,#3033,#3034,#3035,
#3036,#3037,#3038,#3039,#3040,#3041,#3042,#3043,#3044,#3045,#3046,#3047,
#3048,#3049,#3050,#3051,#3052,#3053,#3054,#3055,#3056,#3057,#3058,#3059,
#3060,#3061,#3062,#3063,#3064,#3065,#3066,#3067,#3068,#3069,#3070,#3071,
#3072,#3073,#3074,#3075,#3076,#3077,#3078,#3079,#3080,#3081,#3082,#3083,
#3084,#3085,#3086,#3087),.UNSPECIFIED.,.F.,.F.)
B_SPLINE_CURVE_WITH_KNOTS((3,2,2,2,2,2,2,2,2,2,2,2,2,2,2,2,2,2,2,2,2,2,
2,2,2,2,2,2,2,2,2,2,2,2,2,2,2,2,2,2,2,2,2,2,2,2,2,2,2,2,2,2,2,2,2,2,2,2,
2,2,2,2,2,2,2,2,2,2,2,2,2,2,2,2,2,2,2,2,2,2,2,2,2,2,2,2,2,2,2,2,2,2,2,2,
2,2,2,2,2,2,2,2,2,2,2,2,2,2,3),(0.,0.00925925925925926,0.0185185185185185,
0.0277777777777778,0.037037037037037,0.0462962962962963,0.0555555555555556,
0.0648148148148148,0.0740740740740741,0.0833333333333333,0.0925925925925926,
0.101851851851852,0.111111111111111,0.12037037037037,0.12962962962963,0.138888888888889,
0.148148148148148,0.157407407407407,0.166666666666667,0.175925925925926,
0.185185185185185,0.194444444444445,0.203703703703703,0.212962962962963,
0.222222222222222,0.231481481481481,0.240740740740741,0.25,0.25925925925926,
0.268518518518518,0.277777777777778,0.287037037037037,0.296296296296297,
0.305555555555555,0.314814814814815,0.324074074074074,0.333333333333334,
0.342592592592592,0.351851851851852,0.361111111111111,0.370370370370371,
0.37962962962963,0.388888888888889,0.398148148148148,0.407407407407407,
0.416666666666667,0.425925925925926,0.435185185185185,0.444444444444444,
0.453703703703704,0.462962962962963,0.472222222222222,0.481481481481482,
0.490740740740741,0.5,0.509259259259259,0.518518518518519,0.527777777777778,
0.537037037037037,0.546296296296296,0.555555555555556,0.564814814814815,
0.574074074074074,0.583333333333333,0.592592592592593,0.601851851851852,
0.611111111111111,0.62037037037037,0.62962962962963,0.638888888888889,0.648148148148148,
0.657407407407407,0.666666666666667,0.675925925925926,0.685185185185185,
0.694444444444444,0.703703703703704,0.712962962962963,0.722222222222222,
0.731481481481482,0.740740740740741,0.75,0.759259259259259,0.768518518518519,
0.777777777777778,0.787037037037037,0.796296296296296,0.805555555555556,
0.814814814814815,0.824074074074074,0.833333333333333,0.842592592592593,
0.851851851851852,0.861111111111111,0.87037037037037,0.87962962962963,0.888888888888889,
0.898148148148148,0.907407407407407,0.916666666666667,0.925925925925926,
0.935185185185185,0.944444444444444,0.953703703703704,0.962962962962963,
0.972222222222222,0.981481481481482,0.990740740740741,1.),.UNSPECIFIED.)
CURVE()
GEOMETRIC_REPRESENTATION_ITEM()
RATIONAL_B_SPLINE_CURVE((1.,0.866025403784439,1.,0.866025403784439,1.,0.866025403784439,
1.,0.866025403784439,1.,0.866025403784439,1.,0.866025403784439,1.,0.866025403784439,
1.,0.866025403784439,1.,0.866025403784439,1.,0.866025403784439,1.,0.866025403784439,
1.,0.866025403784439,1.,0.866025403784439,1.,0.866025403784439,1.,0.866025403784439,
1.,0.866025403784439,1.,0.866025403784439,1.,0.866025403784439,1.,0.866025403784439,
1.,0.866025403784439,1.,0.866025403784439,1.,0.866025403784439,1.,0.866025403784439,
1.,0.866025403784439,1.,0.866025403784439,1.,0.866025403784439,1.,0.866025403784439,
1.,0.866025403784439,1.,0.866025403784439,1.,0.866025403784439,1.,0.866025403784439,
1.,0.866025403784439,1.,0.866025403784439,1.,0.866025403784439,1.,0.866025403784439,
1.,0.866025403784439,1.,0.866025403784439,1.,0.866025403784439,1.,0.866025403784439,
1.,0.866025403784439,1.,0.866025403784439,1.,0.866025403784439,1.,0.866025403784439,
1.,0.866025403784439,1.,0.866025403784439,1.,0.866025403784439,1.,0.866025403784439,
1.,0.866025403784439,1.,0.866025403784439,1.,0.866025403784439,1.,0.866025403784439,
1.,0.866025403784439,1.,0.866025403784439,1.,0.866025403784439,1.,0.866025403784439,
1.,0.866025403784439,1.,0.866025403784439,1.,0.866025403784439,1.,0.866025403784439,
1.,0.866025403784439,1.,0.866025403784439,1.,0.866025403784439,1.,0.866025403784439,
1.,0.866025403784439,1.,0.866025403784439,1.,0.866025403784439,1.,0.866025403784439,
1.,0.866025403784439,1.,0.866025403784439,1.,0.866025403784439,1.,0.866025403784439,
1.,0.866025403784439,1.,0.866025403784439,1.,0.866025403784439,1.,0.866025403784439,
1.,0.866025403784439,1.,0.866025403784439,1.,0.866025403784439,1.,0.866025403784439,
1.,0.866025403784439,1.,0.866025403784439,1.,0.866025403784439,1.,0.866025403784439,
1.,0.866025403784439,1.,0.866025403784439,1.,0.866025403784439,1.,0.866025403784439,
1.,0.866025403784439,1.,0.866025403784439,1.,0.866025403784439,1.,0.866025403784439,
1.,0.866025403784439,1.,0.866025403784439,1.,0.866025403784439,1.,0.866025403784439,
1.,0.866025403784439,1.,0.866025403784439,1.,0.866025403784439,1.,0.866025403784439,
1.,0.866025403784439,1.,0.866025403784439,1.,0.866025403784439,1.,0.866025403784439,
1.,0.866025403784439,1.,0.866025403784439,1.,0.866025403784439,1.,0.866025403784439,
1.,0.866025403784439,1.))
REPRESENTATION_ITEM('')
);
#14=(
BOUNDED_CURVE()
B_SPLINE_CURVE(2,(#3450,#3451,#3452,#3453,#3454,#3455,#3456,#3457,#3458,
#3459,#3460,#3461,#3462,#3463,#3464,#3465,#3466,#3467,#3468,#3469,#3470,
#3471,#3472,#3473,#3474,#3475,#3476,#3477,#3478,#3479,#3480,#3481,#3482,
#3483,#3484,#3485,#3486,#3487,#3488,#3489,#3490,#3491,#3492,#3493,#3494,
#3495,#3496,#3497,#3498,#3499,#3500,#3501,#3502,#3503,#3504,#3505,#3506,
#3507,#3508,#3509,#3510,#3511,#3512,#3513,#3514,#3515,#3516,#3517,#3518,
#3519,#3520,#3521,#3522,#3523,#3524,#3525,#3526,#3527,#3528,#3529,#3530,
#3531,#3532,#3533,#3534,#3535,#3536,#3537,#3538,#3539,#3540,#3541,#3542,
#3543,#3544,#3545,#3546,#3547,#3548,#3549,#3550,#3551,#3552,#3553,#3554,
#3555,#3556,#3557,#3558,#3559,#3560,#3561,#3562,#3563,#3564,#3565,#3566,
#3567,#3568,#3569,#3570,#3571,#3572,#3573,#3574,#3575,#3576,#3577,#3578,
#3579,#3580,#3581,#3582,#3583,#3584,#3585,#3586,#3587,#3588,#3589,#3590,
#3591,#3592,#3593,#3594,#3595,#3596,#3597,#3598,#3599,#3600,#3601,#3602,
#3603,#3604,#3605,#3606,#3607,#3608,#3609,#3610,#3611,#3612,#3613,#3614,
#3615,#3616,#3617,#3618,#3619,#3620,#3621,#3622,#3623,#3624,#3625,#3626,
#3627,#3628,#3629,#3630,#3631,#3632,#3633,#3634,#3635,#3636,#3637,#3638,
#3639,#3640,#3641,#3642,#3643,#3644,#3645,#3646,#3647,#3648,#3649,#3650,
#3651,#3652,#3653,#3654,#3655,#3656,#3657,#3658,#3659,#3660,#3661,#3662,
#3663,#3664,#3665,#3666),.UNSPECIFIED.,.F.,.F.)
B_SPLINE_CURVE_WITH_KNOTS((3,2,2,2,2,2,2,2,2,2,2,2,2,2,2,2,2,2,2,2,2,2,
2,2,2,2,2,2,2,2,2,2,2,2,2,2,2,2,2,2,2,2,2,2,2,2,2,2,2,2,2,2,2,2,2,2,2,2,
2,2,2,2,2,2,2,2,2,2,2,2,2,2,2,2,2,2,2,2,2,2,2,2,2,2,2,2,2,2,2,2,2,2,2,2,
2,2,2,2,2,2,2,2,2,2,2,2,2,2,3),(0.,0.00925925925925926,0.0185185185185185,
0.0277777777777778,0.037037037037037,0.0462962962962963,0.0555555555555556,
0.0648148148148148,0.0740740740740741,0.0833333333333333,0.0925925925925926,
0.101851851851852,0.111111111111111,0.12037037037037,0.12962962962963,0.138888888888889,
0.148148148148148,0.157407407407407,0.166666666666667,0.175925925925926,
0.185185185185185,0.194444444444445,0.203703703703703,0.212962962962963,
0.222222222222222,0.231481481481481,0.240740740740741,0.25,0.25925925925926,
0.268518518518518,0.277777777777778,0.287037037037037,0.296296296296297,
0.305555555555555,0.314814814814815,0.324074074074074,0.333333333333334,
0.342592592592592,0.351851851851852,0.361111111111111,0.370370370370371,
0.37962962962963,0.388888888888889,0.398148148148148,0.407407407407407,
0.416666666666667,0.425925925925926,0.435185185185185,0.444444444444444,
0.453703703703704,0.462962962962963,0.472222222222222,0.481481481481482,
0.490740740740741,0.5,0.509259259259259,0.518518518518519,0.527777777777778,
0.537037037037037,0.546296296296296,0.555555555555556,0.564814814814815,
0.574074074074074,0.583333333333333,0.592592592592593,0.601851851851852,
0.611111111111111,0.62037037037037,0.62962962962963,0.638888888888889,0.648148148148148,
0.657407407407407,0.666666666666667,0.675925925925926,0.685185185185185,
0.694444444444444,0.703703703703704,0.712962962962963,0.722222222222222,
0.731481481481482,0.740740740740741,0.75,0.759259259259259,0.768518518518519,
0.777777777777778,0.787037037037037,0.796296296296296,0.805555555555556,
0.814814814814815,0.824074074074074,0.833333333333333,0.842592592592593,
0.851851851851852,0.861111111111111,0.87037037037037,0.87962962962963,0.888888888888889,
0.898148148148148,0.907407407407407,0.916666666666667,0.925925925925926,
0.935185185185185,0.944444444444444,0.953703703703704,0.962962962962963,
0.972222222222222,0.981481481481482,0.990740740740741,1.),.UNSPECIFIED.)
CURVE()
GEOMETRIC_REPRESENTATION_ITEM()
RATIONAL_B_SPLINE_CURVE((1.,0.866025403784439,1.,0.866025403784439,1.,0.866025403784439,
1.,0.866025403784439,1.,0.866025403784439,1.,0.866025403784439,1.,0.866025403784439,
1.,0.866025403784439,1.,0.866025403784439,1.,0.866025403784439,1.,0.866025403784439,
1.,0.866025403784439,1.,0.866025403784439,1.,0.866025403784439,1.,0.866025403784439,
1.,0.866025403784439,1.,0.866025403784439,1.,0.866025403784439,1.,0.866025403784439,
1.,0.866025403784439,1.,0.866025403784439,1.,0.866025403784439,1.,0.866025403784439,
1.,0.866025403784439,1.,0.866025403784439,1.,0.866025403784439,1.,0.866025403784439,
1.,0.866025403784439,1.,0.866025403784439,1.,0.866025403784439,1.,0.866025403784439,
1.,0.866025403784439,1.,0.866025403784439,1.,0.866025403784439,1.,0.866025403784439,
1.,0.866025403784439,1.,0.866025403784439,1.,0.866025403784439,1.,0.866025403784439,
1.,0.866025403784439,1.,0.866025403784439,1.,0.866025403784439,1.,0.866025403784439,
1.,0.866025403784439,1.,0.866025403784439,1.,0.866025403784439,1.,0.866025403784439,
1.,0.866025403784439,1.,0.866025403784439,1.,0.866025403784439,1.,0.866025403784439,
1.,0.866025403784439,1.,0.866025403784439,1.,0.866025403784439,1.,0.866025403784439,
1.,0.866025403784439,1.,0.866025403784439,1.,0.866025403784439,1.,0.866025403784439,
1.,0.866025403784439,1.,0.866025403784439,1.,0.866025403784439,1.,0.866025403784439,
1.,0.866025403784439,1.,0.866025403784439,1.,0.866025403784439,1.,0.866025403784439,
1.,0.866025403784439,1.,0.866025403784439,1.,0.866025403784439,1.,0.866025403784439,
1.,0.866025403784439,1.,0.866025403784439,1.,0.866025403784439,1.,0.866025403784439,
1.,0.866025403784439,1.,0.866025403784439,1.,0.866025403784439,1.,0.866025403784439,
1.,0.866025403784439,1.,0.866025403784439,1.,0.866025403784439,1.,0.866025403784439,
1.,0.866025403784439,1.,0.866025403784439,1.,0.866025403784439,1.,0.866025403784439,
1.,0.866025403784439,1.,0.866025403784439,1.,0.866025403784439,1.,0.866025403784439,
1.,0.866025403784439,1.,0.866025403784439,1.,0.866025403784439,1.,0.866025403784439,
1.,0.866025403784439,1.,0.866025403784439,1.,0.866025403784439,1.,0.866025403784439,
1.,0.866025403784439,1.,0.866025403784439,1.,0.866025403784439,1.,0.866025403784439,
1.,0.866025403784439,1.,0.866025403784439,1.,0.866025403784439,1.,0.866025403784439,
1.,0.866025403784439,1.))
REPRESENTATION_ITEM('')
);
#15=(
BOUNDED_CURVE()
B_SPLINE_CURVE(2,(#3667,#3668,#3669,#3670,#3671,#3672,#3673,#3674,#3675,
#3676,#3677,#3678,#3679,#3680,#3681,#3682,#3683,#3684,#3685,#3686,#3687,
#3688,#3689,#3690,#3691,#3692,#3693,#3694,#3695,#3696,#3697,#3698,#3699,
#3700,#3701,#3702,#3703,#3704,#3705,#3706,#3707,#3708,#3709,#3710,#3711,
#3712,#3713,#3714,#3715,#3716,#3717,#3718,#3719,#3720,#3721,#3722,#3723,
#3724,#3725,#3726,#3727,#3728,#3729,#3730,#3731,#3732,#3733,#3734,#3735,
#3736,#3737,#3738,#3739,#3740,#3741,#3742,#3743,#3744,#3745,#3746,#3747,
#3748,#3749,#3750,#3751,#3752,#3753,#3754,#3755,#3756,#3757,#3758,#3759,
#3760,#3761,#3762,#3763,#3764,#3765,#3766,#3767,#3768,#3769,#3770,#3771,
#3772,#3773,#3774,#3775,#3776,#3777,#3778,#3779,#3780,#3781,#3782,#3783,
#3784,#3785,#3786,#3787,#3788,#3789,#3790,#3791,#3792,#3793,#3794,#3795,
#3796,#3797,#3798,#3799,#3800,#3801,#3802,#3803,#3804,#3805,#3806,#3807,
#3808,#3809,#3810,#3811,#3812,#3813,#3814,#3815,#3816,#3817,#3818,#3819,
#3820,#3821,#3822,#3823,#3824,#3825,#3826,#3827,#3828,#3829,#3830,#3831,
#3832,#3833,#3834,#3835,#3836,#3837,#3838,#3839,#3840,#3841,#3842,#3843,
#3844,#3845,#3846,#3847,#3848,#3849,#3850,#3851,#3852,#3853,#3854,#3855,
#3856,#3857,#3858,#3859,#3860,#3861,#3862,#3863,#3864,#3865,#3866,#3867,
#3868,#3869,#3870,#3871,#3872,#3873,#3874,#3875,#3876,#3877,#3878,#3879,
#3880,#3881,#3882,#3883),.UNSPECIFIED.,.F.,.F.)
B_SPLINE_CURVE_WITH_KNOTS((3,2,2,2,2,2,2,2,2,2,2,2,2,2,2,2,2,2,2,2,2,2,
2,2,2,2,2,2,2,2,2,2,2,2,2,2,2,2,2,2,2,2,2,2,2,2,2,2,2,2,2,2,2,2,2,2,2,2,
2,2,2,2,2,2,2,2,2,2,2,2,2,2,2,2,2,2,2,2,2,2,2,2,2,2,2,2,2,2,2,2,2,2,2,2,
2,2,2,2,2,2,2,2,2,2,2,2,2,2,3),(0.,0.00925925925925926,0.0185185185185185,
0.0277777777777778,0.037037037037037,0.0462962962962963,0.0555555555555556,
0.0648148148148148,0.0740740740740741,0.0833333333333333,0.0925925925925926,
0.101851851851852,0.111111111111111,0.12037037037037,0.12962962962963,0.138888888888889,
0.148148148148148,0.157407407407407,0.166666666666667,0.175925925925926,
0.185185185185185,0.194444444444445,0.203703703703703,0.212962962962963,
0.222222222222222,0.231481481481481,0.240740740740741,0.25,0.25925925925926,
0.268518518518518,0.277777777777778,0.287037037037037,0.296296296296297,
0.305555555555555,0.314814814814815,0.324074074074074,0.333333333333334,
0.342592592592592,0.351851851851852,0.361111111111111,0.370370370370371,
0.37962962962963,0.388888888888889,0.398148148148148,0.407407407407407,
0.416666666666667,0.425925925925926,0.435185185185185,0.444444444444444,
0.453703703703704,0.462962962962963,0.472222222222222,0.481481481481482,
0.490740740740741,0.5,0.509259259259259,0.518518518518519,0.527777777777778,
0.537037037037037,0.546296296296296,0.555555555555556,0.564814814814815,
0.574074074074074,0.583333333333333,0.592592592592593,0.601851851851852,
0.611111111111111,0.62037037037037,0.62962962962963,0.638888888888889,0.648148148148148,
0.657407407407407,0.666666666666667,0.675925925925926,0.685185185185185,
0.694444444444444,0.703703703703704,0.712962962962963,0.722222222222222,
0.731481481481482,0.740740740740741,0.75,0.759259259259259,0.768518518518519,
0.777777777777778,0.787037037037037,0.796296296296296,0.805555555555556,
0.814814814814815,0.824074074074074,0.833333333333333,0.842592592592593,
0.851851851851852,0.861111111111111,0.87037037037037,0.87962962962963,0.888888888888889,
0.898148148148148,0.907407407407407,0.916666666666667,0.925925925925926,
0.935185185185185,0.944444444444444,0.953703703703704,0.962962962962963,
0.972222222222222,0.981481481481482,0.990740740740741,1.),.UNSPECIFIED.)
CURVE()
GEOMETRIC_REPRESENTATION_ITEM()
RATIONAL_B_SPLINE_CURVE((1.,0.866025403784439,1.,0.866025403784439,1.,0.866025403784439,
1.,0.866025403784439,1.,0.866025403784439,1.,0.866025403784439,1.,0.866025403784439,
1.,0.866025403784439,1.,0.866025403784439,1.,0.866025403784439,1.,0.866025403784439,
1.,0.866025403784439,1.,0.866025403784439,1.,0.866025403784439,1.,0.866025403784439,
1.,0.866025403784439,1.,0.866025403784439,1.,0.866025403784439,1.,0.866025403784439,
1.,0.866025403784439,1.,0.866025403784439,1.,0.866025403784439,1.,0.866025403784439,
1.,0.866025403784439,1.,0.866025403784439,1.,0.866025403784439,1.,0.866025403784439,
1.,0.866025403784439,1.,0.866025403784439,1.,0.866025403784439,1.,0.866025403784439,
1.,0.866025403784439,1.,0.866025403784439,1.,0.866025403784439,1.,0.866025403784439,
1.,0.866025403784439,1.,0.866025403784439,1.,0.866025403784439,1.,0.866025403784439,
1.,0.866025403784439,1.,0.866025403784439,1.,0.866025403784439,1.,0.866025403784439,
1.,0.866025403784439,1.,0.866025403784439,1.,0.866025403784439,1.,0.866025403784439,
1.,0.866025403784439,1.,0.866025403784439,1.,0.866025403784439,1.,0.866025403784439,
1.,0.866025403784439,1.,0.866025403784439,1.,0.866025403784439,1.,0.866025403784439,
1.,0.866025403784439,1.,0.866025403784439,1.,0.866025403784439,1.,0.866025403784439,
1.,0.866025403784439,1.,0.866025403784439,1.,0.866025403784439,1.,0.866025403784439,
1.,0.866025403784439,1.,0.866025403784439,1.,0.866025403784439,1.,0.866025403784439,
1.,0.866025403784439,1.,0.866025403784439,1.,0.866025403784439,1.,0.866025403784439,
1.,0.866025403784439,1.,0.866025403784439,1.,0.866025403784439,1.,0.866025403784439,
1.,0.866025403784439,1.,0.866025403784439,1.,0.866025403784439,1.,0.866025403784439,
1.,0.866025403784439,1.,0.866025403784439,1.,0.866025403784439,1.,0.866025403784439,
1.,0.866025403784439,1.,0.866025403784439,1.,0.866025403784439,1.,0.866025403784439,
1.,0.866025403784439,1.,0.866025403784439,1.,0.866025403784439,1.,0.866025403784439,
1.,0.866025403784439,1.,0.866025403784439,1.,0.866025403784439,1.,0.866025403784439,
1.,0.866025403784439,1.,0.866025403784439,1.,0.866025403784439,1.,0.866025403784439,
1.,0.866025403784439,1.,0.866025403784439,1.,0.866025403784439,1.,0.866025403784439,
1.,0.866025403784439,1.,0.866025403784439,1.,0.866025403784439,1.,0.866025403784439,
1.,0.866025403784439,1.))
REPRESENTATION_ITEM('')
);
#16=(
BOUNDED_CURVE()
B_SPLINE_CURVE(2,(#4963,#4964,#4965,#4966,#4967,#4968,#4969,#4970,#4971,
#4972,#4973,#4974,#4975,#4976,#4977,#4978,#4979,#4980,#4981,#4982,#4983,
#4984,#4985,#4986,#4987,#4988,#4989,#4990,#4991,#4992,#4993,#4994,#4995,
#4996,#4997,#4998,#4999,#5000,#5001,#5002,#5003,#5004,#5005,#5006,#5007,
#5008,#5009,#5010,#5011,#5012,#5013,#5014,#5015,#5016,#5017,#5018,#5019,
#5020,#5021,#5022,#5023,#5024,#5025,#5026,#5027,#5028,#5029,#5030,#5031,
#5032,#5033,#5034,#5035,#5036,#5037,#5038,#5039,#5040,#5041,#5042,#5043,
#5044,#5045,#5046,#5047,#5048,#5049,#5050,#5051,#5052,#5053,#5054,#5055,
#5056,#5057,#5058,#5059,#5060,#5061,#5062,#5063,#5064,#5065,#5066,#5067,
#5068,#5069,#5070,#5071,#5072,#5073,#5074,#5075,#5076,#5077,#5078,#5079,
#5080,#5081,#5082,#5083,#5084,#5085,#5086,#5087,#5088,#5089,#5090,#5091,
#5092,#5093,#5094,#5095,#5096,#5097,#5098,#5099,#5100,#5101,#5102,#5103,
#5104,#5105,#5106,#5107,#5108,#5109,#5110,#5111,#5112,#5113,#5114,#5115,
#5116,#5117,#5118,#5119,#5120,#5121,#5122,#5123,#5124,#5125,#5126,#5127,
#5128,#5129,#5130,#5131,#5132,#5133,#5134,#5135,#5136,#5137,#5138,#5139,
#5140,#5141,#5142,#5143,#5144,#5145,#5146,#5147,#5148,#5149,#5150,#5151,
#5152,#5153,#5154,#5155,#5156,#5157,#5158,#5159,#5160,#5161,#5162,#5163,
#5164,#5165,#5166,#5167,#5168,#5169,#5170,#5171,#5172,#5173,#5174,#5175,
#5176,#5177,#5178,#5179),.UNSPECIFIED.,.F.,.F.)
B_SPLINE_CURVE_WITH_KNOTS((3,2,2,2,2,2,2,2,2,2,2,2,2,2,2,2,2,2,2,2,2,2,
2,2,2,2,2,2,2,2,2,2,2,2,2,2,2,2,2,2,2,2,2,2,2,2,2,2,2,2,2,2,2,2,2,2,2,2,
2,2,2,2,2,2,2,2,2,2,2,2,2,2,2,2,2,2,2,2,2,2,2,2,2,2,2,2,2,2,2,2,2,2,2,2,
2,2,2,2,2,2,2,2,2,2,2,2,2,2,3),(0.,0.00925925925925926,0.0185185185185185,
0.0277777777777778,0.037037037037037,0.0462962962962963,0.0555555555555556,
0.0648148148148148,0.0740740740740741,0.0833333333333333,0.0925925925925926,
0.101851851851852,0.111111111111111,0.12037037037037,0.12962962962963,0.138888888888889,
0.148148148148148,0.157407407407407,0.166666666666667,0.175925925925926,
0.185185185185185,0.194444444444445,0.203703703703703,0.212962962962963,
0.222222222222222,0.231481481481481,0.240740740740741,0.25,0.25925925925926,
0.268518518518518,0.277777777777778,0.287037037037037,0.296296296296297,
0.305555555555555,0.314814814814815,0.324074074074074,0.333333333333334,
0.342592592592592,0.351851851851852,0.361111111111111,0.370370370370371,
0.37962962962963,0.388888888888889,0.398148148148148,0.407407407407407,
0.416666666666667,0.425925925925926,0.435185185185185,0.444444444444444,
0.453703703703704,0.462962962962963,0.472222222222222,0.481481481481482,
0.490740740740741,0.5,0.509259259259259,0.518518518518519,0.527777777777778,
0.537037037037037,0.546296296296296,0.555555555555556,0.564814814814815,
0.574074074074074,0.583333333333333,0.592592592592593,0.601851851851852,
0.611111111111111,0.62037037037037,0.62962962962963,0.638888888888889,0.648148148148148,
0.657407407407407,0.666666666666667,0.675925925925926,0.685185185185185,
0.694444444444444,0.703703703703704,0.712962962962963,0.722222222222222,
0.731481481481482,0.740740740740741,0.75,0.759259259259259,0.768518518518519,
0.777777777777778,0.787037037037037,0.796296296296296,0.805555555555556,
0.814814814814815,0.824074074074074,0.833333333333333,0.842592592592593,
0.851851851851852,0.861111111111111,0.87037037037037,0.87962962962963,0.888888888888889,
0.898148148148148,0.907407407407407,0.916666666666667,0.925925925925926,
0.935185185185185,0.944444444444444,0.953703703703704,0.962962962962963,
0.972222222222222,0.981481481481482,0.990740740740741,1.),.UNSPECIFIED.)
CURVE()
GEOMETRIC_REPRESENTATION_ITEM()
RATIONAL_B_SPLINE_CURVE((1.,0.866025403784439,1.,0.866025403784439,1.,0.866025403784439,
1.,0.866025403784439,1.,0.866025403784439,1.,0.866025403784439,1.,0.866025403784439,
1.,0.866025403784439,1.,0.866025403784439,1.,0.866025403784439,1.,0.866025403784439,
1.,0.866025403784439,1.,0.866025403784439,1.,0.866025403784439,1.,0.866025403784439,
1.,0.866025403784439,1.,0.866025403784439,1.,0.866025403784439,1.,0.866025403784439,
1.,0.866025403784439,1.,0.866025403784439,1.,0.866025403784439,1.,0.866025403784439,
1.,0.866025403784439,1.,0.866025403784439,1.,0.866025403784439,1.,0.866025403784439,
1.,0.866025403784439,1.,0.866025403784439,1.,0.866025403784439,1.,0.866025403784439,
1.,0.866025403784439,1.,0.866025403784439,1.,0.866025403784439,1.,0.866025403784439,
1.,0.866025403784439,1.,0.866025403784439,1.,0.866025403784439,1.,0.866025403784439,
1.,0.866025403784439,1.,0.866025403784439,1.,0.866025403784439,1.,0.866025403784439,
1.,0.866025403784439,1.,0.866025403784439,1.,0.866025403784439,1.,0.866025403784439,
1.,0.866025403784439,1.,0.866025403784439,1.,0.866025403784439,1.,0.866025403784439,
1.,0.866025403784439,1.,0.866025403784439,1.,0.866025403784439,1.,0.866025403784439,
1.,0.866025403784439,1.,0.866025403784439,1.,0.866025403784439,1.,0.866025403784439,
1.,0.866025403784439,1.,0.866025403784439,1.,0.866025403784439,1.,0.866025403784439,
1.,0.866025403784439,1.,0.866025403784439,1.,0.866025403784439,1.,0.866025403784439,
1.,0.866025403784439,1.,0.866025403784439,1.,0.866025403784439,1.,0.866025403784439,
1.,0.866025403784439,1.,0.866025403784439,1.,0.866025403784439,1.,0.866025403784439,
1.,0.866025403784439,1.,0.866025403784439,1.,0.866025403784439,1.,0.866025403784439,
1.,0.866025403784439,1.,0.866025403784439,1.,0.866025403784439,1.,0.866025403784439,
1.,0.866025403784439,1.,0.866025403784439,1.,0.866025403784439,1.,0.866025403784439,
1.,0.866025403784439,1.,0.866025403784439,1.,0.866025403784439,1.,0.866025403784439,
1.,0.866025403784439,1.,0.866025403784439,1.,0.866025403784439,1.,0.866025403784439,
1.,0.866025403784439,1.,0.866025403784439,1.,0.866025403784439,1.,0.866025403784439,
1.,0.866025403784439,1.,0.866025403784439,1.,0.866025403784439,1.,0.866025403784439,
1.,0.866025403784439,1.,0.866025403784439,1.,0.866025403784439,1.,0.866025403784439,
1.,0.866025403784439,1.))
REPRESENTATION_ITEM('')
);
#17=(
BOUNDED_CURVE()
B_SPLINE_CURVE(2,(#5180,#5181,#5182,#5183,#5184,#5185,#5186,#5187,#5188,
#5189,#5190,#5191,#5192,#5193,#5194,#5195,#5196,#5197,#5198,#5199,#5200,
#5201,#5202,#5203,#5204,#5205,#5206,#5207,#5208,#5209,#5210,#5211,#5212,
#5213,#5214,#5215,#5216,#5217,#5218,#5219,#5220,#5221,#5222,#5223,#5224,
#5225,#5226,#5227,#5228,#5229,#5230,#5231,#5232,#5233,#5234,#5235,#5236,
#5237,#5238,#5239,#5240,#5241,#5242,#5243,#5244,#5245,#5246,#5247,#5248,
#5249,#5250,#5251,#5252,#5253,#5254,#5255,#5256,#5257,#5258,#5259,#5260,
#5261,#5262,#5263,#5264,#5265,#5266,#5267,#5268,#5269,#5270,#5271,#5272,
#5273,#5274,#5275,#5276,#5277,#5278,#5279,#5280,#5281,#5282,#5283,#5284,
#5285,#5286,#5287,#5288,#5289,#5290,#5291,#5292,#5293,#5294,#5295,#5296,
#5297,#5298,#5299,#5300,#5301,#5302,#5303,#5304,#5305,#5306,#5307,#5308,
#5309,#5310,#5311,#5312,#5313,#5314,#5315,#5316,#5317,#5318,#5319,#5320,
#5321,#5322,#5323,#5324,#5325,#5326,#5327,#5328,#5329,#5330,#5331,#5332,
#5333,#5334,#5335,#5336,#5337,#5338,#5339,#5340,#5341,#5342,#5343,#5344,
#5345,#5346,#5347,#5348,#5349,#5350,#5351,#5352,#5353,#5354,#5355,#5356,
#5357,#5358,#5359,#5360,#5361,#5362,#5363,#5364,#5365,#5366,#5367,#5368,
#5369,#5370,#5371,#5372,#5373,#5374,#5375,#5376,#5377,#5378,#5379,#5380,
#5381,#5382,#5383,#5384,#5385,#5386,#5387,#5388,#5389,#5390,#5391,#5392,
#5393,#5394,#5395,#5396),.UNSPECIFIED.,.F.,.F.)
B_SPLINE_CURVE_WITH_KNOTS((3,2,2,2,2,2,2,2,2,2,2,2,2,2,2,2,2,2,2,2,2,2,
2,2,2,2,2,2,2,2,2,2,2,2,2,2,2,2,2,2,2,2,2,2,2,2,2,2,2,2,2,2,2,2,2,2,2,2,
2,2,2,2,2,2,2,2,2,2,2,2,2,2,2,2,2,2,2,2,2,2,2,2,2,2,2,2,2,2,2,2,2,2,2,2,
2,2,2,2,2,2,2,2,2,2,2,2,2,2,3),(0.,0.00925925925925926,0.0185185185185185,
0.0277777777777778,0.037037037037037,0.0462962962962963,0.0555555555555556,
0.0648148148148148,0.0740740740740741,0.0833333333333333,0.0925925925925926,
0.101851851851852,0.111111111111111,0.12037037037037,0.12962962962963,0.138888888888889,
0.148148148148148,0.157407407407407,0.166666666666667,0.175925925925926,
0.185185185185185,0.194444444444445,0.203703703703703,0.212962962962963,
0.222222222222222,0.231481481481481,0.240740740740741,0.25,0.25925925925926,
0.268518518518518,0.277777777777778,0.287037037037037,0.296296296296297,
0.305555555555555,0.314814814814815,0.324074074074074,0.333333333333334,
0.342592592592592,0.351851851851852,0.361111111111111,0.370370370370371,
0.37962962962963,0.388888888888889,0.398148148148148,0.407407407407407,
0.416666666666667,0.425925925925926,0.435185185185185,0.444444444444444,
0.453703703703704,0.462962962962963,0.472222222222222,0.481481481481482,
0.490740740740741,0.5,0.509259259259259,0.518518518518519,0.527777777777778,
0.537037037037037,0.546296296296296,0.555555555555556,0.564814814814815,
0.574074074074074,0.583333333333333,0.592592592592593,0.601851851851852,
0.611111111111111,0.62037037037037,0.62962962962963,0.638888888888889,0.648148148148148,
0.657407407407407,0.666666666666667,0.675925925925926,0.685185185185185,
0.694444444444444,0.703703703703704,0.712962962962963,0.722222222222222,
0.731481481481482,0.740740740740741,0.75,0.759259259259259,0.768518518518519,
0.777777777777778,0.787037037037037,0.796296296296296,0.805555555555556,
0.814814814814815,0.824074074074074,0.833333333333333,0.842592592592593,
0.851851851851852,0.861111111111111,0.87037037037037,0.87962962962963,0.888888888888889,
0.898148148148148,0.907407407407407,0.916666666666667,0.925925925925926,
0.935185185185185,0.944444444444444,0.953703703703704,0.962962962962963,
0.972222222222222,0.981481481481482,0.990740740740741,1.),.UNSPECIFIED.)
CURVE()
GEOMETRIC_REPRESENTATION_ITEM()
RATIONAL_B_SPLINE_CURVE((1.,0.866025403784439,1.,0.866025403784439,1.,0.866025403784439,
1.,0.866025403784439,1.,0.866025403784439,1.,0.866025403784439,1.,0.866025403784439,
1.,0.866025403784439,1.,0.866025403784439,1.,0.866025403784439,1.,0.866025403784439,
1.,0.866025403784439,1.,0.866025403784439,1.,0.866025403784439,1.,0.866025403784439,
1.,0.866025403784439,1.,0.866025403784439,1.,0.866025403784439,1.,0.866025403784439,
1.,0.866025403784439,1.,0.866025403784439,1.,0.866025403784439,1.,0.866025403784439,
1.,0.866025403784439,1.,0.866025403784439,1.,0.866025403784439,1.,0.866025403784439,
1.,0.866025403784439,1.,0.866025403784439,1.,0.866025403784439,1.,0.866025403784439,
1.,0.866025403784439,1.,0.866025403784439,1.,0.866025403784439,1.,0.866025403784439,
1.,0.866025403784439,1.,0.866025403784439,1.,0.866025403784439,1.,0.866025403784439,
1.,0.866025403784439,1.,0.866025403784439,1.,0.866025403784439,1.,0.866025403784439,
1.,0.866025403784439,1.,0.866025403784439,1.,0.866025403784439,1.,0.866025403784439,
1.,0.866025403784439,1.,0.866025403784439,1.,0.866025403784439,1.,0.866025403784439,
1.,0.866025403784439,1.,0.866025403784439,1.,0.866025403784439,1.,0.866025403784439,
1.,0.866025403784439,1.,0.866025403784439,1.,0.866025403784439,1.,0.866025403784439,
1.,0.866025403784439,1.,0.866025403784439,1.,0.866025403784439,1.,0.866025403784439,
1.,0.866025403784439,1.,0.866025403784439,1.,0.866025403784439,1.,0.866025403784439,
1.,0.866025403784439,1.,0.866025403784439,1.,0.866025403784439,1.,0.866025403784439,
1.,0.866025403784439,1.,0.866025403784439,1.,0.866025403784439,1.,0.866025403784439,
1.,0.866025403784439,1.,0.866025403784439,1.,0.866025403784439,1.,0.866025403784439,
1.,0.866025403784439,1.,0.866025403784439,1.,0.866025403784439,1.,0.866025403784439,
1.,0.866025403784439,1.,0.866025403784439,1.,0.866025403784439,1.,0.866025403784439,
1.,0.866025403784439,1.,0.866025403784439,1.,0.866025403784439,1.,0.866025403784439,
1.,0.866025403784439,1.,0.866025403784439,1.,0.866025403784439,1.,0.866025403784439,
1.,0.866025403784439,1.,0.866025403784439,1.,0.866025403784439,1.,0.866025403784439,
1.,0.866025403784439,1.,0.866025403784439,1.,0.866025403784439,1.,0.866025403784439,
1.,0.866025403784439,1.,0.866025403784439,1.,0.866025403784439,1.,0.866025403784439,
1.,0.866025403784439,1.))
REPRESENTATION_ITEM('')
);
#18=(
BOUNDED_CURVE()
B_SPLINE_CURVE(2,(#5759,#5760,#5761,#5762,#5763,#5764,#5765,#5766,#5767,
#5768,#5769,#5770,#5771,#5772,#5773,#5774,#5775,#5776,#5777,#5778,#5779,
#5780,#5781,#5782,#5783,#5784,#5785,#5786,#5787,#5788,#5789,#5790,#5791,
#5792,#5793,#5794,#5795,#5796,#5797,#5798,#5799,#5800,#5801,#5802,#5803,
#5804,#5805,#5806,#5807,#5808,#5809,#5810,#5811,#5812,#5813,#5814,#5815,
#5816,#5817,#5818,#5819,#5820,#5821,#5822,#5823,#5824,#5825,#5826,#5827,
#5828,#5829,#5830,#5831,#5832,#5833,#5834,#5835,#5836,#5837,#5838,#5839,
#5840,#5841,#5842,#5843,#5844,#5845,#5846,#5847,#5848,#5849,#5850,#5851,
#5852,#5853,#5854,#5855,#5856,#5857,#5858,#5859,#5860,#5861,#5862,#5863,
#5864,#5865,#5866,#5867,#5868,#5869,#5870,#5871,#5872,#5873,#5874,#5875,
#5876,#5877,#5878,#5879,#5880,#5881,#5882,#5883,#5884,#5885,#5886,#5887,
#5888,#5889,#5890,#5891,#5892,#5893,#5894,#5895,#5896,#5897,#5898,#5899,
#5900,#5901,#5902,#5903,#5904,#5905,#5906,#5907,#5908,#5909,#5910,#5911,
#5912,#5913,#5914,#5915,#5916,#5917,#5918,#5919,#5920,#5921,#5922,#5923,
#5924,#5925,#5926,#5927,#5928,#5929,#5930,#5931,#5932,#5933,#5934,#5935,
#5936,#5937,#5938,#5939,#5940,#5941,#5942,#5943,#5944,#5945,#5946,#5947,
#5948,#5949,#5950,#5951,#5952,#5953,#5954,#5955,#5956,#5957,#5958,#5959,
#5960,#5961,#5962,#5963,#5964,#5965,#5966,#5967,#5968,#5969,#5970,#5971,
#5972,#5973,#5974,#5975),.UNSPECIFIED.,.F.,.F.)
B_SPLINE_CURVE_WITH_KNOTS((3,2,2,2,2,2,2,2,2,2,2,2,2,2,2,2,2,2,2,2,2,2,
2,2,2,2,2,2,2,2,2,2,2,2,2,2,2,2,2,2,2,2,2,2,2,2,2,2,2,2,2,2,2,2,2,2,2,2,
2,2,2,2,2,2,2,2,2,2,2,2,2,2,2,2,2,2,2,2,2,2,2,2,2,2,2,2,2,2,2,2,2,2,2,2,
2,2,2,2,2,2,2,2,2,2,2,2,2,2,3),(0.,0.00925925925925926,0.0185185185185185,
0.0277777777777778,0.037037037037037,0.0462962962962963,0.0555555555555556,
0.0648148148148148,0.0740740740740741,0.0833333333333333,0.0925925925925926,
0.101851851851852,0.111111111111111,0.12037037037037,0.12962962962963,0.138888888888889,
0.148148148148148,0.157407407407407,0.166666666666667,0.175925925925926,
0.185185185185185,0.194444444444445,0.203703703703703,0.212962962962963,
0.222222222222222,0.231481481481481,0.240740740740741,0.25,0.25925925925926,
0.268518518518518,0.277777777777778,0.287037037037037,0.296296296296297,
0.305555555555555,0.314814814814815,0.324074074074074,0.333333333333334,
0.342592592592592,0.351851851851852,0.361111111111111,0.370370370370371,
0.37962962962963,0.388888888888889,0.398148148148148,0.407407407407407,
0.416666666666667,0.425925925925926,0.435185185185185,0.444444444444444,
0.453703703703704,0.462962962962963,0.472222222222222,0.481481481481482,
0.490740740740741,0.5,0.509259259259259,0.518518518518519,0.527777777777778,
0.537037037037037,0.546296296296296,0.555555555555556,0.564814814814815,
0.574074074074074,0.583333333333333,0.592592592592593,0.601851851851852,
0.611111111111111,0.62037037037037,0.62962962962963,0.638888888888889,0.648148148148148,
0.657407407407407,0.666666666666667,0.675925925925926,0.685185185185185,
0.694444444444444,0.703703703703704,0.712962962962963,0.722222222222222,
0.731481481481482,0.740740740740741,0.75,0.759259259259259,0.768518518518519,
0.777777777777778,0.787037037037037,0.796296296296296,0.805555555555556,
0.814814814814815,0.824074074074074,0.833333333333333,0.842592592592593,
0.851851851851852,0.861111111111111,0.87037037037037,0.87962962962963,0.888888888888889,
0.898148148148148,0.907407407407407,0.916666666666667,0.925925925925926,
0.935185185185185,0.944444444444444,0.953703703703704,0.962962962962963,
0.972222222222222,0.981481481481482,0.990740740740741,1.),.UNSPECIFIED.)
CURVE()
GEOMETRIC_REPRESENTATION_ITEM()
RATIONAL_B_SPLINE_CURVE((1.,0.866025403784439,1.,0.866025403784439,1.,0.866025403784439,
1.,0.866025403784439,1.,0.866025403784439,1.,0.866025403784439,1.,0.866025403784439,
1.,0.866025403784439,1.,0.866025403784439,1.,0.866025403784439,1.,0.866025403784439,
1.,0.866025403784439,1.,0.866025403784439,1.,0.866025403784439,1.,0.866025403784439,
1.,0.866025403784439,1.,0.866025403784439,1.,0.866025403784439,1.,0.866025403784439,
1.,0.866025403784439,1.,0.866025403784439,1.,0.866025403784439,1.,0.866025403784439,
1.,0.866025403784439,1.,0.866025403784439,1.,0.866025403784439,1.,0.866025403784439,
1.,0.866025403784439,1.,0.866025403784439,1.,0.866025403784439,1.,0.866025403784439,
1.,0.866025403784439,1.,0.866025403784439,1.,0.866025403784439,1.,0.866025403784439,
1.,0.866025403784439,1.,0.866025403784439,1.,0.866025403784439,1.,0.866025403784439,
1.,0.866025403784439,1.,0.866025403784439,1.,0.866025403784439,1.,0.866025403784439,
1.,0.866025403784439,1.,0.866025403784439,1.,0.866025403784439,1.,0.866025403784439,
1.,0.866025403784439,1.,0.866025403784439,1.,0.866025403784439,1.,0.866025403784439,
1.,0.866025403784439,1.,0.866025403784439,1.,0.866025403784439,1.,0.866025403784439,
1.,0.866025403784439,1.,0.866025403784439,1.,0.866025403784439,1.,0.866025403784439,
1.,0.866025403784439,1.,0.866025403784439,1.,0.866025403784439,1.,0.866025403784439,
1.,0.866025403784439,1.,0.866025403784439,1.,0.866025403784439,1.,0.866025403784439,
1.,0.866025403784439,1.,0.866025403784439,1.,0.866025403784439,1.,0.866025403784439,
1.,0.866025403784439,1.,0.866025403784439,1.,0.866025403784439,1.,0.866025403784439,
1.,0.866025403784439,1.,0.866025403784439,1.,0.866025403784439,1.,0.866025403784439,
1.,0.866025403784439,1.,0.866025403784439,1.,0.866025403784439,1.,0.866025403784439,
1.,0.866025403784439,1.,0.866025403784439,1.,0.866025403784439,1.,0.866025403784439,
1.,0.866025403784439,1.,0.866025403784439,1.,0.866025403784439,1.,0.866025403784439,
1.,0.866025403784439,1.,0.866025403784439,1.,0.866025403784439,1.,0.866025403784439,
1.,0.866025403784439,1.,0.866025403784439,1.,0.866025403784439,1.,0.866025403784439,
1.,0.866025403784439,1.,0.866025403784439,1.,0.866025403784439,1.,0.866025403784439,
1.,0.866025403784439,1.,0.866025403784439,1.,0.866025403784439,1.,0.866025403784439,
1.,0.866025403784439,1.))
REPRESENTATION_ITEM('')
);
#19=(
BOUNDED_CURVE()
B_SPLINE_CURVE(2,(#5976,#5977,#5978,#5979,#5980,#5981,#5982,#5983,#5984,
#5985,#5986,#5987,#5988,#5989,#5990,#5991,#5992,#5993,#5994,#5995,#5996,
#5997,#5998,#5999,#6000,#6001,#6002,#6003,#6004,#6005,#6006,#6007,#6008,
#6009,#6010,#6011,#6012,#6013,#6014,#6015,#6016,#6017,#6018,#6019,#6020,
#6021,#6022,#6023,#6024,#6025,#6026,#6027,#6028,#6029,#6030,#6031,#6032,
#6033,#6034,#6035,#6036,#6037,#6038,#6039,#6040,#6041,#6042,#6043,#6044,
#6045,#6046,#6047,#6048,#6049,#6050,#6051,#6052,#6053,#6054,#6055,#6056,
#6057,#6058,#6059,#6060,#6061,#6062,#6063,#6064,#6065,#6066,#6067,#6068,
#6069,#6070,#6071,#6072,#6073,#6074,#6075,#6076,#6077,#6078,#6079,#6080,
#6081,#6082,#6083,#6084,#6085,#6086,#6087,#6088,#6089,#6090,#6091,#6092,
#6093,#6094,#6095,#6096,#6097,#6098,#6099,#6100,#6101,#6102,#6103,#6104,
#6105,#6106,#6107,#6108,#6109,#6110,#6111,#6112,#6113,#6114,#6115,#6116,
#6117,#6118,#6119,#6120,#6121,#6122,#6123,#6124,#6125,#6126,#6127,#6128,
#6129,#6130,#6131,#6132,#6133,#6134,#6135,#6136,#6137,#6138,#6139,#6140,
#6141,#6142,#6143,#6144,#6145,#6146,#6147,#6148,#6149,#6150,#6151,#6152,
#6153,#6154,#6155,#6156,#6157,#6158,#6159,#6160,#6161,#6162,#6163,#6164,
#6165,#6166,#6167,#6168,#6169,#6170,#6171,#6172,#6173,#6174,#6175,#6176,
#6177,#6178,#6179,#6180,#6181,#6182,#6183,#6184,#6185,#6186,#6187,#6188,
#6189,#6190,#6191,#6192),.UNSPECIFIED.,.F.,.F.)
B_SPLINE_CURVE_WITH_KNOTS((3,2,2,2,2,2,2,2,2,2,2,2,2,2,2,2,2,2,2,2,2,2,
2,2,2,2,2,2,2,2,2,2,2,2,2,2,2,2,2,2,2,2,2,2,2,2,2,2,2,2,2,2,2,2,2,2,2,2,
2,2,2,2,2,2,2,2,2,2,2,2,2,2,2,2,2,2,2,2,2,2,2,2,2,2,2,2,2,2,2,2,2,2,2,2,
2,2,2,2,2,2,2,2,2,2,2,2,2,2,3),(0.,0.00925925925925926,0.0185185185185185,
0.0277777777777778,0.037037037037037,0.0462962962962963,0.0555555555555556,
0.0648148148148148,0.0740740740740741,0.0833333333333333,0.0925925925925926,
0.101851851851852,0.111111111111111,0.12037037037037,0.12962962962963,0.138888888888889,
0.148148148148148,0.157407407407407,0.166666666666667,0.175925925925926,
0.185185185185185,0.194444444444445,0.203703703703703,0.212962962962963,
0.222222222222222,0.231481481481481,0.240740740740741,0.25,0.25925925925926,
0.268518518518518,0.277777777777778,0.287037037037037,0.296296296296297,
0.305555555555555,0.314814814814815,0.324074074074074,0.333333333333334,
0.342592592592592,0.351851851851852,0.361111111111111,0.370370370370371,
0.37962962962963,0.388888888888889,0.398148148148148,0.407407407407407,
0.416666666666667,0.425925925925926,0.435185185185185,0.444444444444444,
0.453703703703704,0.462962962962963,0.472222222222222,0.481481481481482,
0.490740740740741,0.5,0.509259259259259,0.518518518518519,0.527777777777778,
0.537037037037037,0.546296296296296,0.555555555555556,0.564814814814815,
0.574074074074074,0.583333333333333,0.592592592592593,0.601851851851852,
0.611111111111111,0.62037037037037,0.62962962962963,0.638888888888889,0.648148148148148,
0.657407407407407,0.666666666666667,0.675925925925926,0.685185185185185,
0.694444444444444,0.703703703703704,0.712962962962963,0.722222222222222,
0.731481481481482,0.740740740740741,0.75,0.759259259259259,0.768518518518519,
0.777777777777778,0.787037037037037,0.796296296296296,0.805555555555556,
0.814814814814815,0.824074074074074,0.833333333333333,0.842592592592593,
0.851851851851852,0.861111111111111,0.87037037037037,0.87962962962963,0.888888888888889,
0.898148148148148,0.907407407407407,0.916666666666667,0.925925925925926,
0.935185185185185,0.944444444444444,0.953703703703704,0.962962962962963,
0.972222222222222,0.981481481481482,0.990740740740741,1.),.UNSPECIFIED.)
CURVE()
GEOMETRIC_REPRESENTATION_ITEM()
RATIONAL_B_SPLINE_CURVE((1.,0.866025403784439,1.,0.866025403784439,1.,0.866025403784439,
1.,0.866025403784439,1.,0.866025403784439,1.,0.866025403784439,1.,0.866025403784439,
1.,0.866025403784439,1.,0.866025403784439,1.,0.866025403784439,1.,0.866025403784439,
1.,0.866025403784439,1.,0.866025403784439,1.,0.866025403784439,1.,0.866025403784439,
1.,0.866025403784439,1.,0.866025403784439,1.,0.866025403784439,1.,0.866025403784439,
1.,0.866025403784439,1.,0.866025403784439,1.,0.866025403784439,1.,0.866025403784439,
1.,0.866025403784439,1.,0.866025403784439,1.,0.866025403784439,1.,0.866025403784439,
1.,0.866025403784439,1.,0.866025403784439,1.,0.866025403784439,1.,0.866025403784439,
1.,0.866025403784439,1.,0.866025403784439,1.,0.866025403784439,1.,0.866025403784439,
1.,0.866025403784439,1.,0.866025403784439,1.,0.866025403784439,1.,0.866025403784439,
1.,0.866025403784439,1.,0.866025403784439,1.,0.866025403784439,1.,0.866025403784439,
1.,0.866025403784439,1.,0.866025403784439,1.,0.866025403784439,1.,0.866025403784439,
1.,0.866025403784439,1.,0.866025403784439,1.,0.866025403784439,1.,0.866025403784439,
1.,0.866025403784439,1.,0.866025403784439,1.,0.866025403784439,1.,0.866025403784439,
1.,0.866025403784439,1.,0.866025403784439,1.,0.866025403784439,1.,0.866025403784439,
1.,0.866025403784439,1.,0.866025403784439,1.,0.866025403784439,1.,0.866025403784439,
1.,0.866025403784439,1.,0.866025403784439,1.,0.866025403784439,1.,0.866025403784439,
1.,0.866025403784439,1.,0.866025403784439,1.,0.866025403784439,1.,0.866025403784439,
1.,0.866025403784439,1.,0.866025403784439,1.,0.866025403784439,1.,0.866025403784439,
1.,0.866025403784439,1.,0.866025403784439,1.,0.866025403784439,1.,0.866025403784439,
1.,0.866025403784439,1.,0.866025403784439,1.,0.866025403784439,1.,0.866025403784439,
1.,0.866025403784439,1.,0.866025403784439,1.,0.866025403784439,1.,0.866025403784439,
1.,0.866025403784439,1.,0.866025403784439,1.,0.866025403784439,1.,0.866025403784439,
1.,0.866025403784439,1.,0.866025403784439,1.,0.866025403784439,1.,0.866025403784439,
1.,0.866025403784439,1.,0.866025403784439,1.,0.866025403784439,1.,0.866025403784439,
1.,0.866025403784439,1.,0.866025403784439,1.,0.866025403784439,1.,0.866025403784439,
1.,0.866025403784439,1.,0.866025403784439,1.,0.866025403784439,1.,0.866025403784439,
1.,0.866025403784439,1.))
REPRESENTATION_ITEM('')
);
#20=(
BOUNDED_CURVE()
B_SPLINE_CURVE(2,(#7272,#7273,#7274,#7275,#7276,#7277,#7278,#7279,#7280,
#7281,#7282,#7283,#7284,#7285,#7286,#7287,#7288,#7289,#7290,#7291,#7292,
#7293,#7294,#7295,#7296,#7297,#7298,#7299,#7300,#7301,#7302,#7303,#7304,
#7305,#7306,#7307,#7308,#7309,#7310,#7311,#7312,#7313,#7314,#7315,#7316,
#7317,#7318,#7319,#7320,#7321,#7322,#7323,#7324,#7325,#7326,#7327,#7328,
#7329,#7330,#7331,#7332,#7333,#7334,#7335,#7336,#7337,#7338,#7339,#7340,
#7341,#7342,#7343,#7344,#7345,#7346,#7347,#7348,#7349,#7350,#7351,#7352,
#7353,#7354,#7355,#7356,#7357,#7358,#7359,#7360,#7361,#7362,#7363,#7364,
#7365,#7366,#7367,#7368,#7369,#7370,#7371,#7372,#7373,#7374,#7375,#7376,
#7377,#7378,#7379,#7380,#7381,#7382,#7383,#7384,#7385,#7386,#7387,#7388,
#7389,#7390,#7391,#7392,#7393,#7394,#7395,#7396,#7397,#7398,#7399,#7400,
#7401,#7402,#7403,#7404,#7405,#7406,#7407,#7408,#7409,#7410,#7411,#7412,
#7413,#7414,#7415,#7416,#7417,#7418,#7419,#7420,#7421,#7422,#7423,#7424,
#7425,#7426,#7427,#7428,#7429,#7430,#7431,#7432,#7433,#7434,#7435,#7436,
#7437,#7438,#7439,#7440,#7441,#7442,#7443,#7444,#7445,#7446,#7447,#7448,
#7449,#7450,#7451,#7452,#7453,#7454,#7455,#7456,#7457,#7458,#7459,#7460,
#7461,#7462,#7463,#7464,#7465,#7466,#7467,#7468,#7469,#7470,#7471,#7472,
#7473,#7474,#7475,#7476,#7477,#7478,#7479,#7480,#7481,#7482,#7483,#7484,
#7485,#7486,#7487,#7488),.UNSPECIFIED.,.F.,.F.)
B_SPLINE_CURVE_WITH_KNOTS((3,2,2,2,2,2,2,2,2,2,2,2,2,2,2,2,2,2,2,2,2,2,
2,2,2,2,2,2,2,2,2,2,2,2,2,2,2,2,2,2,2,2,2,2,2,2,2,2,2,2,2,2,2,2,2,2,2,2,
2,2,2,2,2,2,2,2,2,2,2,2,2,2,2,2,2,2,2,2,2,2,2,2,2,2,2,2,2,2,2,2,2,2,2,2,
2,2,2,2,2,2,2,2,2,2,2,2,2,2,3),(0.,0.00925925925925926,0.0185185185185185,
0.0277777777777778,0.037037037037037,0.0462962962962963,0.0555555555555556,
0.0648148148148148,0.0740740740740741,0.0833333333333333,0.0925925925925926,
0.101851851851852,0.111111111111111,0.12037037037037,0.12962962962963,0.138888888888889,
0.148148148148148,0.157407407407407,0.166666666666667,0.175925925925926,
0.185185185185185,0.194444444444445,0.203703703703703,0.212962962962963,
0.222222222222222,0.231481481481481,0.240740740740741,0.25,0.25925925925926,
0.268518518518518,0.277777777777778,0.287037037037037,0.296296296296297,
0.305555555555555,0.314814814814815,0.324074074074074,0.333333333333334,
0.342592592592592,0.351851851851852,0.361111111111111,0.370370370370371,
0.37962962962963,0.388888888888889,0.398148148148148,0.407407407407407,
0.416666666666667,0.425925925925926,0.435185185185185,0.444444444444444,
0.453703703703704,0.462962962962963,0.472222222222222,0.481481481481482,
0.490740740740741,0.5,0.509259259259259,0.518518518518519,0.527777777777778,
0.537037037037037,0.546296296296296,0.555555555555556,0.564814814814815,
0.574074074074074,0.583333333333333,0.592592592592593,0.601851851851852,
0.611111111111111,0.62037037037037,0.62962962962963,0.638888888888889,0.648148148148148,
0.657407407407407,0.666666666666667,0.675925925925926,0.685185185185185,
0.694444444444444,0.703703703703704,0.712962962962963,0.722222222222222,
0.731481481481482,0.740740740740741,0.75,0.759259259259259,0.768518518518519,
0.777777777777778,0.787037037037037,0.796296296296296,0.805555555555556,
0.814814814814815,0.824074074074074,0.833333333333333,0.842592592592593,
0.851851851851852,0.861111111111111,0.87037037037037,0.87962962962963,0.888888888888889,
0.898148148148148,0.907407407407407,0.916666666666667,0.925925925925926,
0.935185185185185,0.944444444444444,0.953703703703704,0.962962962962963,
0.972222222222222,0.981481481481482,0.990740740740741,1.),.UNSPECIFIED.)
CURVE()
GEOMETRIC_REPRESENTATION_ITEM()
RATIONAL_B_SPLINE_CURVE((1.,0.866025403784439,1.,0.866025403784439,1.,0.866025403784439,
1.,0.866025403784439,1.,0.866025403784439,1.,0.866025403784439,1.,0.866025403784439,
1.,0.866025403784439,1.,0.866025403784439,1.,0.866025403784439,1.,0.866025403784439,
1.,0.866025403784439,1.,0.866025403784439,1.,0.866025403784439,1.,0.866025403784439,
1.,0.866025403784439,1.,0.866025403784439,1.,0.866025403784439,1.,0.866025403784439,
1.,0.866025403784439,1.,0.866025403784439,1.,0.866025403784439,1.,0.866025403784439,
1.,0.866025403784439,1.,0.866025403784439,1.,0.866025403784439,1.,0.866025403784439,
1.,0.866025403784439,1.,0.866025403784439,1.,0.866025403784439,1.,0.866025403784439,
1.,0.866025403784439,1.,0.866025403784439,1.,0.866025403784439,1.,0.866025403784439,
1.,0.866025403784439,1.,0.866025403784439,1.,0.866025403784439,1.,0.866025403784439,
1.,0.866025403784439,1.,0.866025403784439,1.,0.866025403784439,1.,0.866025403784439,
1.,0.866025403784439,1.,0.866025403784439,1.,0.866025403784439,1.,0.866025403784439,
1.,0.866025403784439,1.,0.866025403784439,1.,0.866025403784439,1.,0.866025403784439,
1.,0.866025403784439,1.,0.866025403784439,1.,0.866025403784439,1.,0.866025403784439,
1.,0.866025403784439,1.,0.866025403784439,1.,0.866025403784439,1.,0.866025403784439,
1.,0.866025403784439,1.,0.866025403784439,1.,0.866025403784439,1.,0.866025403784439,
1.,0.866025403784439,1.,0.866025403784439,1.,0.866025403784439,1.,0.866025403784439,
1.,0.866025403784439,1.,0.866025403784439,1.,0.866025403784439,1.,0.866025403784439,
1.,0.866025403784439,1.,0.866025403784439,1.,0.866025403784439,1.,0.866025403784439,
1.,0.866025403784439,1.,0.866025403784439,1.,0.866025403784439,1.,0.866025403784439,
1.,0.866025403784439,1.,0.866025403784439,1.,0.866025403784439,1.,0.866025403784439,
1.,0.866025403784439,1.,0.866025403784439,1.,0.866025403784439,1.,0.866025403784439,
1.,0.866025403784439,1.,0.866025403784439,1.,0.866025403784439,1.,0.866025403784439,
1.,0.866025403784439,1.,0.866025403784439,1.,0.866025403784439,1.,0.866025403784439,
1.,0.866025403784439,1.,0.866025403784439,1.,0.866025403784439,1.,0.866025403784439,
1.,0.866025403784439,1.,0.866025403784439,1.,0.866025403784439,1.,0.866025403784439,
1.,0.866025403784439,1.,0.866025403784439,1.,0.866025403784439,1.,0.866025403784439,
1.,0.866025403784439,1.))
REPRESENTATION_ITEM('')
);
#21=(
BOUNDED_CURVE()
B_SPLINE_CURVE(2,(#7489,#7490,#7491,#7492,#7493,#7494,#7495,#7496,#7497,
#7498,#7499,#7500,#7501,#7502,#7503,#7504,#7505,#7506,#7507,#7508,#7509,
#7510,#7511,#7512,#7513,#7514,#7515,#7516,#7517,#7518,#7519,#7520,#7521,
#7522,#7523,#7524,#7525,#7526,#7527,#7528,#7529,#7530,#7531,#7532,#7533,
#7534,#7535,#7536,#7537,#7538,#7539,#7540,#7541,#7542,#7543,#7544,#7545,
#7546,#7547,#7548,#7549,#7550,#7551,#7552,#7553,#7554,#7555,#7556,#7557,
#7558,#7559,#7560,#7561,#7562,#7563,#7564,#7565,#7566,#7567,#7568,#7569,
#7570,#7571,#7572,#7573,#7574,#7575,#7576,#7577,#7578,#7579,#7580,#7581,
#7582,#7583,#7584,#7585,#7586,#7587,#7588,#7589,#7590,#7591,#7592,#7593,
#7594,#7595,#7596,#7597,#7598,#7599,#7600,#7601,#7602,#7603,#7604,#7605,
#7606,#7607,#7608,#7609,#7610,#7611,#7612,#7613,#7614,#7615,#7616,#7617,
#7618,#7619,#7620,#7621,#7622,#7623,#7624,#7625,#7626,#7627,#7628,#7629,
#7630,#7631,#7632,#7633,#7634,#7635,#7636,#7637,#7638,#7639,#7640,#7641,
#7642,#7643,#7644,#7645,#7646,#7647,#7648,#7649,#7650,#7651,#7652,#7653,
#7654,#7655,#7656,#7657,#7658,#7659,#7660,#7661,#7662,#7663,#7664,#7665,
#7666,#7667,#7668,#7669,#7670,#7671,#7672,#7673,#7674,#7675,#7676,#7677,
#7678,#7679,#7680,#7681,#7682,#7683,#7684,#7685,#7686,#7687,#7688,#7689,
#7690,#7691,#7692,#7693,#7694,#7695,#7696,#7697,#7698,#7699,#7700,#7701,
#7702,#7703,#7704,#7705),.UNSPECIFIED.,.F.,.F.)
B_SPLINE_CURVE_WITH_KNOTS((3,2,2,2,2,2,2,2,2,2,2,2,2,2,2,2,2,2,2,2,2,2,
2,2,2,2,2,2,2,2,2,2,2,2,2,2,2,2,2,2,2,2,2,2,2,2,2,2,2,2,2,2,2,2,2,2,2,2,
2,2,2,2,2,2,2,2,2,2,2,2,2,2,2,2,2,2,2,2,2,2,2,2,2,2,2,2,2,2,2,2,2,2,2,2,
2,2,2,2,2,2,2,2,2,2,2,2,2,2,3),(0.,0.00925925925925926,0.0185185185185185,
0.0277777777777778,0.037037037037037,0.0462962962962963,0.0555555555555556,
0.0648148148148148,0.0740740740740741,0.0833333333333333,0.0925925925925926,
0.101851851851852,0.111111111111111,0.12037037037037,0.12962962962963,0.138888888888889,
0.148148148148148,0.157407407407407,0.166666666666667,0.175925925925926,
0.185185185185185,0.194444444444445,0.203703703703703,0.212962962962963,
0.222222222222222,0.231481481481481,0.240740740740741,0.25,0.25925925925926,
0.268518518518518,0.277777777777778,0.287037037037037,0.296296296296297,
0.305555555555555,0.314814814814815,0.324074074074074,0.333333333333334,
0.342592592592592,0.351851851851852,0.361111111111111,0.370370370370371,
0.37962962962963,0.388888888888889,0.398148148148148,0.407407407407407,
0.416666666666667,0.425925925925926,0.435185185185185,0.444444444444444,
0.453703703703704,0.462962962962963,0.472222222222222,0.481481481481482,
0.490740740740741,0.5,0.509259259259259,0.518518518518519,0.527777777777778,
0.537037037037037,0.546296296296296,0.555555555555556,0.564814814814815,
0.574074074074074,0.583333333333333,0.592592592592593,0.601851851851852,
0.611111111111111,0.62037037037037,0.62962962962963,0.638888888888889,0.648148148148148,
0.657407407407407,0.666666666666667,0.675925925925926,0.685185185185185,
0.694444444444444,0.703703703703704,0.712962962962963,0.722222222222222,
0.731481481481482,0.740740740740741,0.75,0.759259259259259,0.768518518518519,
0.777777777777778,0.787037037037037,0.796296296296296,0.805555555555556,
0.814814814814815,0.824074074074074,0.833333333333333,0.842592592592593,
0.851851851851852,0.861111111111111,0.87037037037037,0.87962962962963,0.888888888888889,
0.898148148148148,0.907407407407407,0.916666666666667,0.925925925925926,
0.935185185185185,0.944444444444444,0.953703703703704,0.962962962962963,
0.972222222222222,0.981481481481482,0.990740740740741,1.),.UNSPECIFIED.)
CURVE()
GEOMETRIC_REPRESENTATION_ITEM()
RATIONAL_B_SPLINE_CURVE((1.,0.866025403784439,1.,0.866025403784439,1.,0.866025403784439,
1.,0.866025403784439,1.,0.866025403784439,1.,0.866025403784439,1.,0.866025403784439,
1.,0.866025403784439,1.,0.866025403784439,1.,0.866025403784439,1.,0.866025403784439,
1.,0.866025403784439,1.,0.866025403784439,1.,0.866025403784439,1.,0.866025403784439,
1.,0.866025403784439,1.,0.866025403784439,1.,0.866025403784439,1.,0.866025403784439,
1.,0.866025403784439,1.,0.866025403784439,1.,0.866025403784439,1.,0.866025403784439,
1.,0.866025403784439,1.,0.866025403784439,1.,0.866025403784439,1.,0.866025403784439,
1.,0.866025403784439,1.,0.866025403784439,1.,0.866025403784439,1.,0.866025403784439,
1.,0.866025403784439,1.,0.866025403784439,1.,0.866025403784439,1.,0.866025403784439,
1.,0.866025403784439,1.,0.866025403784439,1.,0.866025403784439,1.,0.866025403784439,
1.,0.866025403784439,1.,0.866025403784439,1.,0.866025403784439,1.,0.866025403784439,
1.,0.866025403784439,1.,0.866025403784439,1.,0.866025403784439,1.,0.866025403784439,
1.,0.866025403784439,1.,0.866025403784439,1.,0.866025403784439,1.,0.866025403784439,
1.,0.866025403784439,1.,0.866025403784439,1.,0.866025403784439,1.,0.866025403784439,
1.,0.866025403784439,1.,0.866025403784439,1.,0.866025403784439,1.,0.866025403784439,
1.,0.866025403784439,1.,0.866025403784439,1.,0.866025403784439,1.,0.866025403784439,
1.,0.866025403784439,1.,0.866025403784439,1.,0.866025403784439,1.,0.866025403784439,
1.,0.866025403784439,1.,0.866025403784439,1.,0.866025403784439,1.,0.866025403784439,
1.,0.866025403784439,1.,0.866025403784439,1.,0.866025403784439,1.,0.866025403784439,
1.,0.866025403784439,1.,0.866025403784439,1.,0.866025403784439,1.,0.866025403784439,
1.,0.866025403784439,1.,0.866025403784439,1.,0.866025403784439,1.,0.866025403784439,
1.,0.866025403784439,1.,0.866025403784439,1.,0.866025403784439,1.,0.866025403784439,
1.,0.866025403784439,1.,0.866025403784439,1.,0.866025403784439,1.,0.866025403784439,
1.,0.866025403784439,1.,0.866025403784439,1.,0.866025403784439,1.,0.866025403784439,
1.,0.866025403784439,1.,0.866025403784439,1.,0.866025403784439,1.,0.866025403784439,
1.,0.866025403784439,1.,0.866025403784439,1.,0.866025403784439,1.,0.866025403784439,
1.,0.866025403784439,1.,0.866025403784439,1.,0.866025403784439,1.,0.866025403784439,
1.,0.866025403784439,1.))
REPRESENTATION_ITEM('')
);
#22=(
BOUNDED_CURVE()
B_SPLINE_CURVE(2,(#8068,#8069,#8070,#8071,#8072,#8073,#8074,#8075,#8076,
#8077,#8078,#8079,#8080,#8081,#8082,#8083,#8084,#8085,#8086,#8087,#8088,
#8089,#8090,#8091,#8092,#8093,#8094,#8095,#8096,#8097,#8098,#8099,#8100,
#8101,#8102,#8103,#8104,#8105,#8106,#8107,#8108,#8109,#8110,#8111,#8112,
#8113,#8114,#8115,#8116,#8117,#8118,#8119,#8120,#8121,#8122,#8123,#8124,
#8125,#8126,#8127,#8128,#8129,#8130,#8131,#8132,#8133,#8134,#8135,#8136,
#8137,#8138,#8139,#8140,#8141,#8142,#8143,#8144,#8145,#8146,#8147,#8148,
#8149,#8150,#8151,#8152,#8153,#8154,#8155,#8156,#8157,#8158,#8159,#8160,
#8161,#8162,#8163,#8164,#8165,#8166,#8167,#8168,#8169,#8170,#8171,#8172,
#8173,#8174,#8175,#8176,#8177,#8178,#8179,#8180,#8181,#8182,#8183,#8184,
#8185,#8186,#8187,#8188,#8189,#8190,#8191,#8192,#8193,#8194,#8195,#8196,
#8197,#8198,#8199,#8200,#8201,#8202,#8203,#8204,#8205,#8206,#8207,#8208,
#8209,#8210,#8211,#8212,#8213,#8214,#8215,#8216,#8217,#8218,#8219,#8220,
#8221,#8222,#8223,#8224,#8225,#8226,#8227,#8228,#8229,#8230,#8231,#8232,
#8233,#8234,#8235,#8236,#8237,#8238,#8239,#8240,#8241,#8242,#8243,#8244,
#8245,#8246,#8247,#8248,#8249,#8250,#8251,#8252,#8253,#8254,#8255,#8256,
#8257,#8258,#8259,#8260,#8261,#8262,#8263,#8264,#8265,#8266,#8267,#8268,
#8269,#8270,#8271,#8272,#8273,#8274,#8275,#8276,#8277,#8278,#8279,#8280,
#8281,#8282,#8283,#8284),.UNSPECIFIED.,.F.,.F.)
B_SPLINE_CURVE_WITH_KNOTS((3,2,2,2,2,2,2,2,2,2,2,2,2,2,2,2,2,2,2,2,2,2,
2,2,2,2,2,2,2,2,2,2,2,2,2,2,2,2,2,2,2,2,2,2,2,2,2,2,2,2,2,2,2,2,2,2,2,2,
2,2,2,2,2,2,2,2,2,2,2,2,2,2,2,2,2,2,2,2,2,2,2,2,2,2,2,2,2,2,2,2,2,2,2,2,
2,2,2,2,2,2,2,2,2,2,2,2,2,2,3),(0.,0.00925925925925926,0.0185185185185185,
0.0277777777777778,0.037037037037037,0.0462962962962963,0.0555555555555556,
0.0648148148148148,0.0740740740740741,0.0833333333333333,0.0925925925925926,
0.101851851851852,0.111111111111111,0.12037037037037,0.12962962962963,0.138888888888889,
0.148148148148148,0.157407407407407,0.166666666666667,0.175925925925926,
0.185185185185185,0.194444444444445,0.203703703703703,0.212962962962963,
0.222222222222222,0.231481481481481,0.240740740740741,0.25,0.25925925925926,
0.268518518518518,0.277777777777778,0.287037037037037,0.296296296296297,
0.305555555555555,0.314814814814815,0.324074074074074,0.333333333333334,
0.342592592592592,0.351851851851852,0.361111111111111,0.370370370370371,
0.37962962962963,0.388888888888889,0.398148148148148,0.407407407407407,
0.416666666666667,0.425925925925926,0.435185185185185,0.444444444444444,
0.453703703703704,0.462962962962963,0.472222222222222,0.481481481481482,
0.490740740740741,0.5,0.509259259259259,0.518518518518519,0.527777777777778,
0.537037037037037,0.546296296296296,0.555555555555556,0.564814814814815,
0.574074074074074,0.583333333333333,0.592592592592593,0.601851851851852,
0.611111111111111,0.62037037037037,0.62962962962963,0.638888888888889,0.648148148148148,
0.657407407407407,0.666666666666667,0.675925925925926,0.685185185185185,
0.694444444444444,0.703703703703704,0.712962962962963,0.722222222222222,
0.731481481481482,0.740740740740741,0.75,0.759259259259259,0.768518518518519,
0.777777777777778,0.787037037037037,0.796296296296296,0.805555555555556,
0.814814814814815,0.824074074074074,0.833333333333333,0.842592592592593,
0.851851851851852,0.861111111111111,0.87037037037037,0.87962962962963,0.888888888888889,
0.898148148148148,0.907407407407407,0.916666666666667,0.925925925925926,
0.935185185185185,0.944444444444444,0.953703703703704,0.962962962962963,
0.972222222222222,0.981481481481482,0.990740740740741,1.),.UNSPECIFIED.)
CURVE()
GEOMETRIC_REPRESENTATION_ITEM()
RATIONAL_B_SPLINE_CURVE((1.,0.866025403784439,1.,0.866025403784439,1.,0.866025403784439,
1.,0.866025403784439,1.,0.866025403784439,1.,0.866025403784439,1.,0.866025403784439,
1.,0.866025403784439,1.,0.866025403784439,1.,0.866025403784439,1.,0.866025403784439,
1.,0.866025403784439,1.,0.866025403784439,1.,0.866025403784439,1.,0.866025403784439,
1.,0.866025403784439,1.,0.866025403784439,1.,0.866025403784439,1.,0.866025403784439,
1.,0.866025403784439,1.,0.866025403784439,1.,0.866025403784439,1.,0.866025403784439,
1.,0.866025403784439,1.,0.866025403784439,1.,0.866025403784439,1.,0.866025403784439,
1.,0.866025403784439,1.,0.866025403784439,1.,0.866025403784439,1.,0.866025403784439,
1.,0.866025403784439,1.,0.866025403784439,1.,0.866025403784439,1.,0.866025403784439,
1.,0.866025403784439,1.,0.866025403784439,1.,0.866025403784439,1.,0.866025403784439,
1.,0.866025403784439,1.,0.866025403784439,1.,0.866025403784439,1.,0.866025403784439,
1.,0.866025403784439,1.,0.866025403784439,1.,0.866025403784439,1.,0.866025403784439,
1.,0.866025403784439,1.,0.866025403784439,1.,0.866025403784439,1.,0.866025403784439,
1.,0.866025403784439,1.,0.866025403784439,1.,0.866025403784439,1.,0.866025403784439,
1.,0.866025403784439,1.,0.866025403784439,1.,0.866025403784439,1.,0.866025403784439,
1.,0.866025403784439,1.,0.866025403784439,1.,0.866025403784439,1.,0.866025403784439,
1.,0.866025403784439,1.,0.866025403784439,1.,0.866025403784439,1.,0.866025403784439,
1.,0.866025403784439,1.,0.866025403784439,1.,0.866025403784439,1.,0.866025403784439,
1.,0.866025403784439,1.,0.866025403784439,1.,0.866025403784439,1.,0.866025403784439,
1.,0.866025403784439,1.,0.866025403784439,1.,0.866025403784439,1.,0.866025403784439,
1.,0.866025403784439,1.,0.866025403784439,1.,0.866025403784439,1.,0.866025403784439,
1.,0.866025403784439,1.,0.866025403784439,1.,0.866025403784439,1.,0.866025403784439,
1.,0.866025403784439,1.,0.866025403784439,1.,0.866025403784439,1.,0.866025403784439,
1.,0.866025403784439,1.,0.866025403784439,1.,0.866025403784439,1.,0.866025403784439,
1.,0.866025403784439,1.,0.866025403784439,1.,0.866025403784439,1.,0.866025403784439,
1.,0.866025403784439,1.,0.866025403784439,1.,0.866025403784439,1.,0.866025403784439,
1.,0.866025403784439,1.,0.866025403784439,1.,0.866025403784439,1.,0.866025403784439,
1.,0.866025403784439,1.))
REPRESENTATION_ITEM('')
);
#23=(
BOUNDED_CURVE()
B_SPLINE_CURVE(2,(#8285,#8286,#8287,#8288,#8289,#8290,#8291,#8292,#8293,
#8294,#8295,#8296,#8297,#8298,#8299,#8300,#8301,#8302,#8303,#8304,#8305,
#8306,#8307,#8308,#8309,#8310,#8311,#8312,#8313,#8314,#8315,#8316,#8317,
#8318,#8319,#8320,#8321,#8322,#8323,#8324,#8325,#8326,#8327,#8328,#8329,
#8330,#8331,#8332,#8333,#8334,#8335,#8336,#8337,#8338,#8339,#8340,#8341,
#8342,#8343,#8344,#8345,#8346,#8347,#8348,#8349,#8350,#8351,#8352,#8353,
#8354,#8355,#8356,#8357,#8358,#8359,#8360,#8361,#8362,#8363,#8364,#8365,
#8366,#8367,#8368,#8369,#8370,#8371,#8372,#8373,#8374,#8375,#8376,#8377,
#8378,#8379,#8380,#8381,#8382,#8383,#8384,#8385,#8386,#8387,#8388,#8389,
#8390,#8391,#8392,#8393,#8394,#8395,#8396,#8397,#8398,#8399,#8400,#8401,
#8402,#8403,#8404,#8405,#8406,#8407,#8408,#8409,#8410,#8411,#8412,#8413,
#8414,#8415,#8416,#8417,#8418,#8419,#8420,#8421,#8422,#8423,#8424,#8425,
#8426,#8427,#8428,#8429,#8430,#8431,#8432,#8433,#8434,#8435,#8436,#8437,
#8438,#8439,#8440,#8441,#8442,#8443,#8444,#8445,#8446,#8447,#8448,#8449,
#8450,#8451,#8452,#8453,#8454,#8455,#8456,#8457,#8458,#8459,#8460,#8461,
#8462,#8463,#8464,#8465,#8466,#8467,#8468,#8469,#8470,#8471,#8472,#8473,
#8474,#8475,#8476,#8477,#8478,#8479,#8480,#8481,#8482,#8483,#8484,#8485,
#8486,#8487,#8488,#8489,#8490,#8491,#8492,#8493,#8494,#8495,#8496,#8497,
#8498,#8499,#8500,#8501),.UNSPECIFIED.,.F.,.F.)
B_SPLINE_CURVE_WITH_KNOTS((3,2,2,2,2,2,2,2,2,2,2,2,2,2,2,2,2,2,2,2,2,2,
2,2,2,2,2,2,2,2,2,2,2,2,2,2,2,2,2,2,2,2,2,2,2,2,2,2,2,2,2,2,2,2,2,2,2,2,
2,2,2,2,2,2,2,2,2,2,2,2,2,2,2,2,2,2,2,2,2,2,2,2,2,2,2,2,2,2,2,2,2,2,2,2,
2,2,2,2,2,2,2,2,2,2,2,2,2,2,3),(0.,0.00925925925925926,0.0185185185185185,
0.0277777777777778,0.037037037037037,0.0462962962962963,0.0555555555555556,
0.0648148148148148,0.0740740740740741,0.0833333333333333,0.0925925925925926,
0.101851851851852,0.111111111111111,0.12037037037037,0.12962962962963,0.138888888888889,
0.148148148148148,0.157407407407407,0.166666666666667,0.175925925925926,
0.185185185185185,0.194444444444445,0.203703703703703,0.212962962962963,
0.222222222222222,0.231481481481481,0.240740740740741,0.25,0.25925925925926,
0.268518518518518,0.277777777777778,0.287037037037037,0.296296296296297,
0.305555555555555,0.314814814814815,0.324074074074074,0.333333333333334,
0.342592592592592,0.351851851851852,0.361111111111111,0.370370370370371,
0.37962962962963,0.388888888888889,0.398148148148148,0.407407407407407,
0.416666666666667,0.425925925925926,0.435185185185185,0.444444444444444,
0.453703703703704,0.462962962962963,0.472222222222222,0.481481481481482,
0.490740740740741,0.5,0.509259259259259,0.518518518518519,0.527777777777778,
0.537037037037037,0.546296296296296,0.555555555555556,0.564814814814815,
0.574074074074074,0.583333333333333,0.592592592592593,0.601851851851852,
0.611111111111111,0.62037037037037,0.62962962962963,0.638888888888889,0.648148148148148,
0.657407407407407,0.666666666666667,0.675925925925926,0.685185185185185,
0.694444444444444,0.703703703703704,0.712962962962963,0.722222222222222,
0.731481481481482,0.740740740740741,0.75,0.759259259259259,0.768518518518519,
0.777777777777778,0.787037037037037,0.796296296296296,0.805555555555556,
0.814814814814815,0.824074074074074,0.833333333333333,0.842592592592593,
0.851851851851852,0.861111111111111,0.87037037037037,0.87962962962963,0.888888888888889,
0.898148148148148,0.907407407407407,0.916666666666667,0.925925925925926,
0.935185185185185,0.944444444444444,0.953703703703704,0.962962962962963,
0.972222222222222,0.981481481481482,0.990740740740741,1.),.UNSPECIFIED.)
CURVE()
GEOMETRIC_REPRESENTATION_ITEM()
RATIONAL_B_SPLINE_CURVE((1.,0.866025403784439,1.,0.866025403784439,1.,0.866025403784439,
1.,0.866025403784439,1.,0.866025403784439,1.,0.866025403784439,1.,0.866025403784439,
1.,0.866025403784439,1.,0.866025403784439,1.,0.866025403784439,1.,0.866025403784439,
1.,0.866025403784439,1.,0.866025403784439,1.,0.866025403784439,1.,0.866025403784439,
1.,0.866025403784439,1.,0.866025403784439,1.,0.866025403784439,1.,0.866025403784439,
1.,0.866025403784439,1.,0.866025403784439,1.,0.866025403784439,1.,0.866025403784439,
1.,0.866025403784439,1.,0.866025403784439,1.,0.866025403784439,1.,0.866025403784439,
1.,0.866025403784439,1.,0.866025403784439,1.,0.866025403784439,1.,0.866025403784439,
1.,0.866025403784439,1.,0.866025403784439,1.,0.866025403784439,1.,0.866025403784439,
1.,0.866025403784439,1.,0.866025403784439,1.,0.866025403784439,1.,0.866025403784439,
1.,0.866025403784439,1.,0.866025403784439,1.,0.866025403784439,1.,0.866025403784439,
1.,0.866025403784439,1.,0.866025403784439,1.,0.866025403784439,1.,0.866025403784439,
1.,0.866025403784439,1.,0.866025403784439,1.,0.866025403784439,1.,0.866025403784439,
1.,0.866025403784439,1.,0.866025403784439,1.,0.866025403784439,1.,0.866025403784439,
1.,0.866025403784439,1.,0.866025403784439,1.,0.866025403784439,1.,0.866025403784439,
1.,0.866025403784439,1.,0.866025403784439,1.,0.866025403784439,1.,0.866025403784439,
1.,0.866025403784439,1.,0.866025403784439,1.,0.866025403784439,1.,0.866025403784439,
1.,0.866025403784439,1.,0.866025403784439,1.,0.866025403784439,1.,0.866025403784439,
1.,0.866025403784439,1.,0.866025403784439,1.,0.866025403784439,1.,0.866025403784439,
1.,0.866025403784439,1.,0.866025403784439,1.,0.866025403784439,1.,0.866025403784439,
1.,0.866025403784439,1.,0.866025403784439,1.,0.866025403784439,1.,0.866025403784439,
1.,0.866025403784439,1.,0.866025403784439,1.,0.866025403784439,1.,0.866025403784439,
1.,0.866025403784439,1.,0.866025403784439,1.,0.866025403784439,1.,0.866025403784439,
1.,0.866025403784439,1.,0.866025403784439,1.,0.866025403784439,1.,0.866025403784439,
1.,0.866025403784439,1.,0.866025403784439,1.,0.866025403784439,1.,0.866025403784439,
1.,0.866025403784439,1.,0.866025403784439,1.,0.866025403784439,1.,0.866025403784439,
1.,0.866025403784439,1.,0.866025403784439,1.,0.866025403784439,1.,0.866025403784439,
1.,0.866025403784439,1.))
REPRESENTATION_ITEM('')
);
#24=(
BOUNDED_SURFACE()
B_SPLINE_SURFACE(1,2,((#2292,#2293,#2294,#2295,#2296,#2297,#2298,#2299,
#2300,#2301,#2302,#2303,#2304,#2305,#2306,#2307,#2308,#2309,#2310,#2311,
#2312,#2313,#2314,#2315,#2316,#2317,#2318,#2319,#2320,#2321,#2322,#2323,
#2324,#2325,#2326,#2327,#2328,#2329,#2330,#2331,#2332,#2333,#2334,#2335,
#2336,#2337,#2338,#2339,#2340,#2341,#2342,#2343,#2344,#2345,#2346,#2347,
#2348,#2349,#2350,#2351,#2352,#2353,#2354,#2355,#2356,#2357,#2358,#2359,
#2360,#2361,#2362,#2363,#2364,#2365,#2366,#2367,#2368,#2369,#2370,#2371,
#2372,#2373,#2374,#2375,#2376,#2377,#2378,#2379,#2380,#2381,#2382,#2383,
#2384,#2385,#2386,#2387,#2388,#2389,#2390,#2391,#2392,#2393,#2394,#2395,
#2396,#2397,#2398,#2399,#2400,#2401,#2402,#2403,#2404,#2405,#2406,#2407,
#2408,#2409,#2410,#2411,#2412,#2413,#2414,#2415,#2416,#2417,#2418,#2419,
#2420,#2421,#2422,#2423,#2424,#2425,#2426,#2427,#2428,#2429,#2430,#2431,
#2432,#2433,#2434,#2435,#2436,#2437,#2438,#2439,#2440,#2441,#2442,#2443,
#2444,#2445,#2446,#2447,#2448,#2449,#2450,#2451,#2452,#2453,#2454,#2455,
#2456,#2457,#2458,#2459,#2460,#2461,#2462,#2463,#2464,#2465,#2466,#2467,
#2468,#2469,#2470,#2471,#2472),(#2473,#2474,#2475,#2476,#2477,#2478,#2479,
#2480,#2481,#2482,#2483,#2484,#2485,#2486,#2487,#2488,#2489,#2490,#2491,
#2492,#2493,#2494,#2495,#2496,#2497,#2498,#2499,#2500,#2501,#2502,#2503,
#2504,#2505,#2506,#2507,#2508,#2509,#2510,#2511,#2512,#2513,#2514,#2515,
#2516,#2517,#2518,#2519,#2520,#2521,#2522,#2523,#2524,#2525,#2526,#2527,
#2528,#2529,#2530,#2531,#2532,#2533,#2534,#2535,#2536,#2537,#2538,#2539,
#2540,#2541,#2542,#2543,#2544,#2545,#2546,#2547,#2548,#2549,#2550,#2551,
#2552,#2553,#2554,#2555,#2556,#2557,#2558,#2559,#2560,#2561,#2562,#2563,
#2564,#2565,#2566,#2567,#2568,#2569,#2570,#2571,#2572,#2573,#2574,#2575,
#2576,#2577,#2578,#2579,#2580,#2581,#2582,#2583,#2584,#2585,#2586,#2587,
#2588,#2589,#2590,#2591,#2592,#2593,#2594,#2595,#2596,#2597,#2598,#2599,
#2600,#2601,#2602,#2603,#2604,#2605,#2606,#2607,#2608,#2609,#2610,#2611,
#2612,#2613,#2614,#2615,#2616,#2617,#2618,#2619,#2620,#2621,#2622,#2623,
#2624,#2625,#2626,#2627,#2628,#2629,#2630,#2631,#2632,#2633,#2634,#2635,
#2636,#2637,#2638,#2639,#2640,#2641,#2642,#2643,#2644,#2645,#2646,#2647,
#2648,#2649,#2650,#2651,#2652,#2653)),.UNSPECIFIED.,.F.,.F.,.F.)
B_SPLINE_SURFACE_WITH_KNOTS((2,2),(3,2,2,2,2,2,2,2,2,2,2,2,2,2,2,2,2,2,
2,2,2,2,2,2,2,2,2,2,2,2,2,2,2,2,2,2,2,2,2,2,2,2,2,2,2,2,2,2,2,2,2,2,2,2,
2,2,2,2,2,2,2,2,2,2,2,2,2,2,2,2,2,2,2,2,2,2,2,2,2,2,2,2,2,2,2,2,2,2,2,2,
3),(0.,1.),(0.0889951671703472,0.0925925925925926,0.101851851851852,0.111111111111111,
0.12037037037037,0.12962962962963,0.138888888888889,0.148148148148148,0.157407407407407,
0.166666666666667,0.175925925925926,0.185185185185185,0.194444444444445,
0.203703703703703,0.212962962962963,0.222222222222222,0.231481481481481,
0.240740740740741,0.25,0.25925925925926,0.268518518518518,0.277777777777778,
0.287037037037037,0.296296296296297,0.305555555555555,0.314814814814815,
0.324074074074074,0.333333333333334,0.342592592592592,0.351851851851852,
0.361111111111111,0.370370370370371,0.37962962962963,0.388888888888889,
0.398148148148148,0.407407407407407,0.416666666666667,0.425925925925926,
0.435185185185185,0.444444444444444,0.453703703703704,0.462962962962963,
0.472222222222222,0.481481481481482,0.490740740740741,0.5,0.509259259259259,
0.518518518518519,0.527777777777778,0.537037037037037,0.546296296296296,
0.555555555555556,0.564814814814815,0.574074074074074,0.583333333333333,
0.592592592592593,0.601851851851852,0.611111111111111,0.62037037037037,
0.62962962962963,0.638888888888889,0.648148148148148,0.657407407407407,
0.666666666666667,0.675925925925926,0.685185185185185,0.694444444444444,
0.703703703703704,0.712962962962963,0.722222222222222,0.731481481481482,
0.740740740740741,0.75,0.759259259259259,0.768518518518519,0.777777777777778,
0.787037037037037,0.796296296296296,0.805555555555556,0.814814814814815,
0.824074074074074,0.833333333333333,0.842592592592593,0.851851851851852,
0.861111111111111,0.87037037037037,0.87962962962963,0.888888888888889,0.898148148148148,
0.907407407407407,0.909515492044562),.PIECEWISE_BEZIER_KNOTS.)
GEOMETRIC_REPRESENTATION_ITEM()
RATIONAL_B_SPLINE_SURFACE(((0.936342602060526,0.947947929217021,1.,0.866025403784439,
1.,0.866025403784439,1.,0.866025403784439,1.,0.866025403784439,1.,0.866025403784439,
1.,0.866025403784439,1.,0.866025403784439,1.,0.866025403784439,1.,0.866025403784439,
1.,0.866025403784439,1.,0.866025403784439,1.,0.866025403784439,1.,0.866025403784439,
1.,0.866025403784439,1.,0.866025403784439,1.,0.866025403784439,1.,0.866025403784439,
1.,0.866025403784439,1.,0.866025403784439,1.,0.866025403784439,1.,0.866025403784439,
1.,0.866025403784439,1.,0.866025403784439,1.,0.866025403784439,1.,0.866025403784439,
1.,0.866025403784439,1.,0.866025403784439,1.,0.866025403784439,1.,0.866025403784439,
1.,0.866025403784439,1.,0.866025403784439,1.,0.866025403784439,1.,0.866025403784439,
1.,0.866025403784439,1.,0.866025403784439,1.,0.866025403784439,1.,0.866025403784439,
1.,0.866025403784439,1.,0.866025403784439,1.,0.866025403784439,1.,0.866025403784439,
1.,0.866025403784439,1.,0.866025403784439,1.,0.866025403784439,1.,0.866025403784439,
1.,0.866025403784439,1.,0.866025403784439,1.,0.866025403784439,1.,0.866025403784439,
1.,0.866025403784439,1.,0.866025403784439,1.,0.866025403784439,1.,0.866025403784439,
1.,0.866025403784439,1.,0.866025403784439,1.,0.866025403784439,1.,0.866025403784439,
1.,0.866025403784439,1.,0.866025403784439,1.,0.866025403784439,1.,0.866025403784439,
1.,0.866025403784439,1.,0.866025403784439,1.,0.866025403784439,1.,0.866025403784439,
1.,0.866025403784439,1.,0.866025403784439,1.,0.866025403784439,1.,0.866025403784439,
1.,0.866025403784439,1.,0.866025403784439,1.,0.866025403784439,1.,0.866025403784439,
1.,0.866025403784439,1.,0.866025403784439,1.,0.866025403784439,1.,0.866025403784439,
1.,0.866025403784439,1.,0.866025403784439,1.,0.866025403784439,1.,0.866025403784439,
1.,0.866025403784439,1.,0.866025403784439,1.,0.866025403784439,1.,0.866025403784439,
1.,0.866025403784439,1.,0.866025403784439,1.,0.866025403784439,1.,0.969497582890491,
0.952884327992384),(0.936342602060526,0.947947929217021,1.,0.866025403784439,
1.,0.866025403784439,1.,0.866025403784439,1.,0.866025403784439,1.,0.866025403784439,
1.,0.866025403784439,1.,0.866025403784439,1.,0.866025403784439,1.,0.866025403784439,
1.,0.866025403784439,1.,0.866025403784439,1.,0.866025403784439,1.,0.866025403784439,
1.,0.866025403784439,1.,0.866025403784439,1.,0.866025403784439,1.,0.866025403784439,
1.,0.866025403784439,1.,0.866025403784439,1.,0.866025403784439,1.,0.866025403784439,
1.,0.866025403784439,1.,0.866025403784439,1.,0.866025403784439,1.,0.866025403784439,
1.,0.866025403784439,1.,0.866025403784439,1.,0.866025403784439,1.,0.866025403784439,
1.,0.866025403784439,1.,0.866025403784439,1.,0.866025403784439,1.,0.866025403784439,
1.,0.866025403784439,1.,0.866025403784439,1.,0.866025403784439,1.,0.866025403784439,
1.,0.866025403784439,1.,0.866025403784439,1.,0.866025403784439,1.,0.866025403784439,
1.,0.866025403784439,1.,0.866025403784439,1.,0.866025403784439,1.,0.866025403784439,
1.,0.866025403784439,1.,0.866025403784439,1.,0.866025403784439,1.,0.866025403784439,
1.,0.866025403784439,1.,0.866025403784439,1.,0.866025403784439,1.,0.866025403784439,
1.,0.866025403784439,1.,0.866025403784439,1.,0.866025403784439,1.,0.866025403784439,
1.,0.866025403784439,1.,0.866025403784439,1.,0.866025403784439,1.,0.866025403784439,
1.,0.866025403784439,1.,0.866025403784439,1.,0.866025403784439,1.,0.866025403784439,
1.,0.866025403784439,1.,0.866025403784439,1.,0.866025403784439,1.,0.866025403784439,
1.,0.866025403784439,1.,0.866025403784439,1.,0.866025403784439,1.,0.866025403784439,
1.,0.866025403784439,1.,0.866025403784439,1.,0.866025403784439,1.,0.866025403784439,
1.,0.866025403784439,1.,0.866025403784439,1.,0.866025403784439,1.,0.866025403784439,
1.,0.866025403784439,1.,0.866025403784439,1.,0.866025403784439,1.,0.866025403784439,
1.,0.866025403784439,1.,0.866025403784439,1.,0.866025403784439,1.,0.969497582890491,
0.952884327992384)))
REPRESENTATION_ITEM('')
SURFACE()
);
#25=(
BOUNDED_SURFACE()
B_SPLINE_SURFACE(1,2,((#3088,#3089,#3090,#3091,#3092,#3093,#3094,#3095,
#3096,#3097,#3098,#3099,#3100,#3101,#3102,#3103,#3104,#3105,#3106,#3107,
#3108,#3109,#3110,#3111,#3112,#3113,#3114,#3115,#3116,#3117,#3118,#3119,
#3120,#3121,#3122,#3123,#3124,#3125,#3126,#3127,#3128,#3129,#3130,#3131,
#3132,#3133,#3134,#3135,#3136,#3137,#3138,#3139,#3140,#3141,#3142,#3143,
#3144,#3145,#3146,#3147,#3148,#3149,#3150,#3151,#3152,#3153,#3154,#3155,
#3156,#3157,#3158,#3159,#3160,#3161,#3162,#3163,#3164,#3165,#3166,#3167,
#3168,#3169,#3170,#3171,#3172,#3173,#3174,#3175,#3176,#3177,#3178,#3179,
#3180,#3181,#3182,#3183,#3184,#3185,#3186,#3187,#3188,#3189,#3190,#3191,
#3192,#3193,#3194,#3195,#3196,#3197,#3198,#3199,#3200,#3201,#3202,#3203,
#3204,#3205,#3206,#3207,#3208,#3209,#3210,#3211,#3212,#3213,#3214,#3215,
#3216,#3217,#3218,#3219,#3220,#3221,#3222,#3223,#3224,#3225,#3226,#3227,
#3228,#3229,#3230,#3231,#3232,#3233,#3234,#3235,#3236,#3237,#3238,#3239,
#3240,#3241,#3242,#3243,#3244,#3245,#3246,#3247,#3248,#3249,#3250,#3251,
#3252,#3253,#3254,#3255,#3256,#3257,#3258,#3259,#3260,#3261,#3262,#3263,
#3264,#3265,#3266,#3267,#3268),(#3269,#3270,#3271,#3272,#3273,#3274,#3275,
#3276,#3277,#3278,#3279,#3280,#3281,#3282,#3283,#3284,#3285,#3286,#3287,
#3288,#3289,#3290,#3291,#3292,#3293,#3294,#3295,#3296,#3297,#3298,#3299,
#3300,#3301,#3302,#3303,#3304,#3305,#3306,#3307,#3308,#3309,#3310,#3311,
#3312,#3313,#3314,#3315,#3316,#3317,#3318,#3319,#3320,#3321,#3322,#3323,
#3324,#3325,#3326,#3327,#3328,#3329,#3330,#3331,#3332,#3333,#3334,#3335,
#3336,#3337,#3338,#3339,#3340,#3341,#3342,#3343,#3344,#3345,#3346,#3347,
#3348,#3349,#3350,#3351,#3352,#3353,#3354,#3355,#3356,#3357,#3358,#3359,
#3360,#3361,#3362,#3363,#3364,#3365,#3366,#3367,#3368,#3369,#3370,#3371,
#3372,#3373,#3374,#3375,#3376,#3377,#3378,#3379,#3380,#3381,#3382,#3383,
#3384,#3385,#3386,#3387,#3388,#3389,#3390,#3391,#3392,#3393,#3394,#3395,
#3396,#3397,#3398,#3399,#3400,#3401,#3402,#3403,#3404,#3405,#3406,#3407,
#3408,#3409,#3410,#3411,#3412,#3413,#3414,#3415,#3416,#3417,#3418,#3419,
#3420,#3421,#3422,#3423,#3424,#3425,#3426,#3427,#3428,#3429,#3430,#3431,
#3432,#3433,#3434,#3435,#3436,#3437,#3438,#3439,#3440,#3441,#3442,#3443,
#3444,#3445,#3446,#3447,#3448,#3449)),.UNSPECIFIED.,.F.,.F.,.F.)
B_SPLINE_SURFACE_WITH_KNOTS((2,2),(3,2,2,2,2,2,2,2,2,2,2,2,2,2,2,2,2,2,
2,2,2,2,2,2,2,2,2,2,2,2,2,2,2,2,2,2,2,2,2,2,2,2,2,2,2,2,2,2,2,2,2,2,2,2,
2,2,2,2,2,2,2,2,2,2,2,2,2,2,2,2,2,2,2,2,2,2,2,2,2,2,2,2,2,2,2,2,2,2,2,2,
3),(0.,1.),(0.0645778271112275,0.0648148148148148,0.0740740740740741,0.0833333333333333,
0.0925925925925926,0.101851851851852,0.111111111111111,0.12037037037037,
0.12962962962963,0.138888888888889,0.148148148148148,0.157407407407407,
0.166666666666667,0.175925925925926,0.185185185185185,0.194444444444445,
0.203703703703703,0.212962962962963,0.222222222222222,0.231481481481481,
0.240740740740741,0.25,0.25925925925926,0.268518518518518,0.277777777777778,
0.287037037037037,0.296296296296297,0.305555555555555,0.314814814814815,
0.324074074074074,0.333333333333334,0.342592592592592,0.351851851851852,
0.361111111111111,0.370370370370371,0.37962962962963,0.388888888888889,
0.398148148148148,0.407407407407407,0.416666666666667,0.425925925925926,
0.435185185185185,0.444444444444444,0.453703703703704,0.462962962962963,
0.472222222222222,0.481481481481482,0.490740740740741,0.5,0.509259259259259,
0.518518518518519,0.527777777777778,0.537037037037037,0.546296296296296,
0.555555555555556,0.564814814814815,0.574074074074074,0.583333333333333,
0.592592592592593,0.601851851851852,0.611111111111111,0.62037037037037,
0.62962962962963,0.638888888888889,0.648148148148148,0.657407407407407,
0.666666666666667,0.675925925925926,0.685185185185185,0.694444444444444,
0.703703703703704,0.712962962962963,0.722222222222222,0.731481481481482,
0.740740740740741,0.75,0.759259259259259,0.768518518518519,0.777777777777778,
0.787037037037037,0.796296296296296,0.805555555555556,0.814814814814815,
0.824074074074074,0.833333333333333,0.842592592592593,0.851851851851852,
0.861111111111111,0.87037037037037,0.87962962962963,0.88541395064719),
 .PIECEWISE_BEZIER_KNOTS.)
GEOMETRIC_REPRESENTATION_ITEM()
RATIONAL_B_SPLINE_SURFACE(((0.993317458405789,0.996570964155214,1.,0.866025403784439,
1.,0.866025403784439,1.,0.866025403784439,1.,0.866025403784439,1.,0.866025403784439,
1.,0.866025403784439,1.,0.866025403784439,1.,0.866025403784439,1.,0.866025403784439,
1.,0.866025403784439,1.,0.866025403784439,1.,0.866025403784439,1.,0.866025403784439,
1.,0.866025403784439,1.,0.866025403784439,1.,0.866025403784439,1.,0.866025403784439,
1.,0.866025403784439,1.,0.866025403784439,1.,0.866025403784439,1.,0.866025403784439,
1.,0.866025403784439,1.,0.866025403784439,1.,0.866025403784439,1.,0.866025403784439,
1.,0.866025403784439,1.,0.866025403784439,1.,0.866025403784439,1.,0.866025403784439,
1.,0.866025403784439,1.,0.866025403784439,1.,0.866025403784439,1.,0.866025403784439,
1.,0.866025403784439,1.,0.866025403784439,1.,0.866025403784439,1.,0.866025403784439,
1.,0.866025403784439,1.,0.866025403784439,1.,0.866025403784439,1.,0.866025403784439,
1.,0.866025403784439,1.,0.866025403784439,1.,0.866025403784439,1.,0.866025403784439,
1.,0.866025403784439,1.,0.866025403784439,1.,0.866025403784439,1.,0.866025403784439,
1.,0.866025403784439,1.,0.866025403784439,1.,0.866025403784439,1.,0.866025403784439,
1.,0.866025403784439,1.,0.866025403784439,1.,0.866025403784439,1.,0.866025403784439,
1.,0.866025403784439,1.,0.866025403784439,1.,0.866025403784439,1.,0.866025403784439,
1.,0.866025403784439,1.,0.866025403784439,1.,0.866025403784439,1.,0.866025403784439,
1.,0.866025403784439,1.,0.866025403784439,1.,0.866025403784439,1.,0.866025403784439,
1.,0.866025403784439,1.,0.866025403784439,1.,0.866025403784439,1.,0.866025403784439,
1.,0.866025403784439,1.,0.866025403784439,1.,0.866025403784439,1.,0.866025403784439,
1.,0.866025403784439,1.,0.866025403784439,1.,0.866025403784439,1.,0.866025403784439,
1.,0.866025403784439,1.,0.866025403784439,1.,0.866025403784439,1.,0.866025403784439,
1.,0.866025403784439,1.,0.866025403784439,1.,0.866025403784439,1.,0.916305176147455,
0.937179781687897),(0.993317458405789,0.996570964155214,1.,0.866025403784439,
1.,0.866025403784439,1.,0.866025403784439,1.,0.866025403784439,1.,0.866025403784439,
1.,0.866025403784439,1.,0.866025403784439,1.,0.866025403784439,1.,0.866025403784439,
1.,0.866025403784439,1.,0.866025403784439,1.,0.866025403784439,1.,0.866025403784439,
1.,0.866025403784439,1.,0.866025403784439,1.,0.866025403784439,1.,0.866025403784439,
1.,0.866025403784439,1.,0.866025403784439,1.,0.866025403784439,1.,0.866025403784439,
1.,0.866025403784439,1.,0.866025403784439,1.,0.866025403784439,1.,0.866025403784439,
1.,0.866025403784439,1.,0.866025403784439,1.,0.866025403784439,1.,0.866025403784439,
1.,0.866025403784439,1.,0.866025403784439,1.,0.866025403784439,1.,0.866025403784439,
1.,0.866025403784439,1.,0.866025403784439,1.,0.866025403784439,1.,0.866025403784439,
1.,0.866025403784439,1.,0.866025403784439,1.,0.866025403784439,1.,0.866025403784439,
1.,0.866025403784439,1.,0.866025403784439,1.,0.866025403784439,1.,0.866025403784439,
1.,0.866025403784439,1.,0.866025403784439,1.,0.866025403784439,1.,0.866025403784439,
1.,0.866025403784439,1.,0.866025403784439,1.,0.866025403784439,1.,0.866025403784439,
1.,0.866025403784439,1.,0.866025403784439,1.,0.866025403784439,1.,0.866025403784439,
1.,0.866025403784439,1.,0.866025403784439,1.,0.866025403784439,1.,0.866025403784439,
1.,0.866025403784439,1.,0.866025403784439,1.,0.866025403784439,1.,0.866025403784439,
1.,0.866025403784439,1.,0.866025403784439,1.,0.866025403784439,1.,0.866025403784439,
1.,0.866025403784439,1.,0.866025403784439,1.,0.866025403784439,1.,0.866025403784439,
1.,0.866025403784439,1.,0.866025403784439,1.,0.866025403784439,1.,0.866025403784439,
1.,0.866025403784439,1.,0.866025403784439,1.,0.866025403784439,1.,0.866025403784439,
1.,0.866025403784439,1.,0.866025403784439,1.,0.866025403784439,1.,0.866025403784439,
1.,0.866025403784439,1.,0.866025403784439,1.,0.866025403784439,1.,0.916305176147455,
0.937179781687897)))
REPRESENTATION_ITEM('')
SURFACE()
);
#26=(
BOUNDED_SURFACE()
B_SPLINE_SURFACE(3,2,((#3884,#3885,#3886,#3887,#3888,#3889,#3890,#3891,
#3892,#3893,#3894,#3895,#3896,#3897,#3898,#3899,#3900,#3901,#3902,#3903,
#3904,#3905,#3906,#3907,#3908,#3909,#3910,#3911,#3912,#3913,#3914,#3915,
#3916,#3917,#3918,#3919,#3920,#3921,#3922,#3923,#3924,#3925,#3926,#3927,
#3928,#3929,#3930,#3931,#3932,#3933,#3934,#3935,#3936,#3937,#3938,#3939,
#3940,#3941,#3942,#3943,#3944,#3945,#3946,#3947,#3948,#3949,#3950,#3951,
#3952,#3953,#3954,#3955,#3956,#3957,#3958,#3959,#3960,#3961,#3962,#3963,
#3964,#3965,#3966,#3967,#3968,#3969,#3970,#3971,#3972,#3973,#3974,#3975,
#3976,#3977,#3978,#3979,#3980,#3981,#3982,#3983,#3984,#3985,#3986,#3987,
#3988,#3989,#3990,#3991,#3992,#3993,#3994,#3995,#3996,#3997,#3998,#3999,
#4000,#4001,#4002,#4003,#4004,#4005,#4006,#4007,#4008,#4009,#4010,#4011,
#4012,#4013,#4014,#4015,#4016,#4017,#4018,#4019,#4020,#4021,#4022,#4023,
#4024,#4025,#4026,#4027,#4028,#4029,#4030,#4031,#4032,#4033,#4034,#4035,
#4036,#4037,#4038,#4039,#4040,#4041,#4042,#4043,#4044,#4045,#4046,#4047,
#4048,#4049,#4050,#4051,#4052,#4053,#4054,#4055,#4056,#4057,#4058,#4059,
#4060,#4061,#4062),(#4063,#4064,#4065,#4066,#4067,#4068,#4069,#4070,#4071,
#4072,#4073,#4074,#4075,#4076,#4077,#4078,#4079,#4080,#4081,#4082,#4083,
#4084,#4085,#4086,#4087,#4088,#4089,#4090,#4091,#4092,#4093,#4094,#4095,
#4096,#4097,#4098,#4099,#4100,#4101,#4102,#4103,#4104,#4105,#4106,#4107,
#4108,#4109,#4110,#4111,#4112,#4113,#4114,#4115,#4116,#4117,#4118,#4119,
#4120,#4121,#4122,#4123,#4124,#4125,#4126,#4127,#4128,#4129,#4130,#4131,
#4132,#4133,#4134,#4135,#4136,#4137,#4138,#4139,#4140,#4141,#4142,#4143,
#4144,#4145,#4146,#4147,#4148,#4149,#4150,#4151,#4152,#4153,#4154,#4155,
#4156,#4157,#4158,#4159,#4160,#4161,#4162,#4163,#4164,#4165,#4166,#4167,
#4168,#4169,#4170,#4171,#4172,#4173,#4174,#4175,#4176,#4177,#4178,#4179,
#4180,#4181,#4182,#4183,#4184,#4185,#4186,#4187,#4188,#4189,#4190,#4191,
#4192,#4193,#4194,#4195,#4196,#4197,#4198,#4199,#4200,#4201,#4202,#4203,
#4204,#4205,#4206,#4207,#4208,#4209,#4210,#4211,#4212,#4213,#4214,#4215,
#4216,#4217,#4218,#4219,#4220,#4221,#4222,#4223,#4224,#4225,#4226,#4227,
#4228,#4229,#4230,#4231,#4232,#4233,#4234,#4235,#4236,#4237,#4238,#4239,
#4240,#4241),(#4242,#4243,#4244,#4245,#4246,#4247,#4248,#4249,#4250,#4251,
#4252,#4253,#4254,#4255,#4256,#4257,#4258,#4259,#4260,#4261,#4262,#4263,
#4264,#4265,#4266,#4267,#4268,#4269,#4270,#4271,#4272,#4273,#4274,#4275,
#4276,#4277,#4278,#4279,#4280,#4281,#4282,#4283,#4284,#4285,#4286,#4287,
#4288,#4289,#4290,#4291,#4292,#4293,#4294,#4295,#4296,#4297,#4298,#4299,
#4300,#4301,#4302,#4303,#4304,#4305,#4306,#4307,#4308,#4309,#4310,#4311,
#4312,#4313,#4314,#4315,#4316,#4317,#4318,#4319,#4320,#4321,#4322,#4323,
#4324,#4325,#4326,#4327,#4328,#4329,#4330,#4331,#4332,#4333,#4334,#4335,
#4336,#4337,#4338,#4339,#4340,#4341,#4342,#4343,#4344,#4345,#4346,#4347,
#4348,#4349,#4350,#4351,#4352,#4353,#4354,#4355,#4356,#4357,#4358,#4359,
#4360,#4361,#4362,#4363,#4364,#4365,#4366,#4367,#4368,#4369,#4370,#4371,
#4372,#4373,#4374,#4375,#4376,#4377,#4378,#4379,#4380,#4381,#4382,#4383,
#4384,#4385,#4386,#4387,#4388,#4389,#4390,#4391,#4392,#4393,#4394,#4395,
#4396,#4397,#4398,#4399,#4400,#4401,#4402,#4403,#4404,#4405,#4406,#4407,
#4408,#4409,#4410,#4411,#4412,#4413,#4414,#4415,#4416,#4417,#4418,#4419,
#4420),(#4421,#4422,#4423,#4424,#4425,#4426,#4427,#4428,#4429,#4430,#4431,
#4432,#4433,#4434,#4435,#4436,#4437,#4438,#4439,#4440,#4441,#4442,#4443,
#4444,#4445,#4446,#4447,#4448,#4449,#4450,#4451,#4452,#4453,#4454,#4455,
#4456,#4457,#4458,#4459,#4460,#4461,#4462,#4463,#4464,#4465,#4466,#4467,
#4468,#4469,#4470,#4471,#4472,#4473,#4474,#4475,#4476,#4477,#4478,#4479,
#4480,#4481,#4482,#4483,#4484,#4485,#4486,#4487,#4488,#4489,#4490,#4491,
#4492,#4493,#4494,#4495,#4496,#4497,#4498,#4499,#4500,#4501,#4502,#4503,
#4504,#4505,#4506,#4507,#4508,#4509,#4510,#4511,#4512,#4513,#4514,#4515,
#4516,#4517,#4518,#4519,#4520,#4521,#4522,#4523,#4524,#4525,#4526,#4527,
#4528,#4529,#4530,#4531,#4532,#4533,#4534,#4535,#4536,#4537,#4538,#4539,
#4540,#4541,#4542,#4543,#4544,#4545,#4546,#4547,#4548,#4549,#4550,#4551,
#4552,#4553,#4554,#4555,#4556,#4557,#4558,#4559,#4560,#4561,#4562,#4563,
#4564,#4565,#4566,#4567,#4568,#4569,#4570,#4571,#4572,#4573,#4574,#4575,
#4576,#4577,#4578,#4579,#4580,#4581,#4582,#4583,#4584,#4585,#4586,#4587,
#4588,#4589,#4590,#4591,#4592,#4593,#4594,#4595,#4596,#4597,#4598,#4599)),
 .UNSPECIFIED.,.F.,.F.,.F.)
B_SPLINE_SURFACE_WITH_KNOTS((4,4),(3,2,2,2,2,2,2,2,2,2,2,2,2,2,2,2,2,2,
2,2,2,2,2,2,2,2,2,2,2,2,2,2,2,2,2,2,2,2,2,2,2,2,2,2,2,2,2,2,2,2,2,2,2,2,
2,2,2,2,2,2,2,2,2,2,2,2,2,2,2,2,2,2,2,2,2,2,2,2,2,2,2,2,2,2,2,2,2,2,2,3),
(0.,1.),(0.0820764289846177,0.0833333333333333,0.0925925925925926,0.101851851851852,
0.111111111111111,0.12037037037037,0.12962962962963,0.138888888888889,0.148148148148148,
0.157407407407407,0.166666666666667,0.175925925925926,0.185185185185185,
0.194444444444445,0.203703703703703,0.212962962962963,0.222222222222222,
0.231481481481481,0.240740740740741,0.25,0.25925925925926,0.268518518518518,
0.277777777777778,0.287037037037037,0.296296296296297,0.305555555555555,
0.314814814814815,0.324074074074074,0.333333333333334,0.342592592592592,
0.351851851851852,0.361111111111111,0.370370370370371,0.37962962962963,
0.388888888888889,0.398148148148148,0.407407407407407,0.416666666666667,
0.425925925925926,0.435185185185185,0.444444444444444,0.453703703703704,
0.462962962962963,0.472222222222222,0.481481481481482,0.490740740740741,
0.5,0.509259259259259,0.518518518518519,0.527777777777778,0.537037037037037,
0.546296296296296,0.555555555555556,0.564814814814815,0.574074074074074,
0.583333333333333,0.592592592592593,0.601851851851852,0.611111111111111,
0.62037037037037,0.62962962962963,0.638888888888889,0.648148148148148,0.657407407407407,
0.666666666666667,0.675925925925926,0.685185185185185,0.694444444444444,
0.703703703703704,0.712962962962963,0.722222222222222,0.731481481481482,
0.740740740740741,0.75,0.759259259259259,0.768518518518519,0.777777777777778,
0.787037037037037,0.796296296296296,0.805555555555556,0.814814814814815,
0.824074074074074,0.833333333333333,0.842592592592593,0.851851851851852,
0.861111111111111,0.87037037037037,0.87962962962963,0.888888888888889,0.892082345641172),
 .PIECEWISE_BEZIER_KNOTS.)
GEOMETRIC_REPRESENTATION_ITEM()
RATIONAL_B_SPLINE_SURFACE(((0.968564526883835,0.981813528719118,1.,0.866025403784439,
1.,0.866025403784439,1.,0.866025403784439,1.,0.866025403784439,1.,0.866025403784439,
1.,0.866025403784439,1.,0.866025403784439,1.,0.866025403784439,1.,0.866025403784439,
1.,0.866025403784439,1.,0.866025403784439,1.,0.866025403784439,1.,0.866025403784439,
1.,0.866025403784439,1.,0.866025403784439,1.,0.866025403784439,1.,0.866025403784439,
1.,0.866025403784439,1.,0.866025403784439,1.,0.866025403784439,1.,0.866025403784439,
1.,0.866025403784439,1.,0.866025403784439,1.,0.866025403784439,1.,0.866025403784439,
1.,0.866025403784439,1.,0.866025403784439,1.,0.866025403784439,1.,0.866025403784439,
1.,0.866025403784439,1.,0.866025403784439,1.,0.866025403784439,1.,0.866025403784439,
1.,0.866025403784439,1.,0.866025403784439,1.,0.866025403784439,1.,0.866025403784439,
1.,0.866025403784439,1.,0.866025403784439,1.,0.866025403784439,1.,0.866025403784439,
1.,0.866025403784439,1.,0.866025403784439,1.,0.866025403784439,1.,0.866025403784439,
1.,0.866025403784439,1.,0.866025403784439,1.,0.866025403784439,1.,0.866025403784439,
1.,0.866025403784439,1.,0.866025403784439,1.,0.866025403784439,1.,0.866025403784439,
1.,0.866025403784439,1.,0.866025403784439,1.,0.866025403784439,1.,0.866025403784439,
1.,0.866025403784439,1.,0.866025403784439,1.,0.866025403784439,1.,0.866025403784439,
1.,0.866025403784439,1.,0.866025403784439,1.,0.866025403784439,1.,0.866025403784439,
1.,0.866025403784439,1.,0.866025403784439,1.,0.866025403784439,1.,0.866025403784439,
1.,0.866025403784439,1.,0.866025403784439,1.,0.866025403784439,1.,0.866025403784439,
1.,0.866025403784439,1.,0.866025403784439,1.,0.866025403784439,1.,0.866025403784439,
1.,0.866025403784439,1.,0.866025403784439,1.,0.866025403784439,1.,0.866025403784439,
1.,0.866025403784439,1.,0.866025403784439,1.,0.866025403784439,1.,0.866025403784439,
1.,0.866025403784439,1.,0.866025403784439,1.,0.953793055476757,0.939459044815375),
(0.710280653048203,0.719996587727412,0.733333333333393,0.63508529610864,
0.733333333333393,0.63508529610864,0.733333333333393,0.63508529610864,0.733333333333393,
0.63508529610864,0.733333333333393,0.63508529610864,0.733333333333393,0.63508529610864,
0.733333333333393,0.63508529610864,0.733333333333393,0.63508529610864,0.733333333333393,
0.63508529610864,0.733333333333393,0.63508529610864,0.733333333333393,0.63508529610864,
0.733333333333393,0.63508529610864,0.733333333333393,0.63508529610864,0.733333333333393,
0.63508529610864,0.733333333333393,0.63508529610864,0.733333333333393,0.63508529610864,
0.733333333333393,0.63508529610864,0.733333333333393,0.63508529610864,0.733333333333393,
0.63508529610864,0.733333333333393,0.63508529610864,0.733333333333393,0.63508529610864,
0.733333333333393,0.63508529610864,0.733333333333393,0.63508529610864,0.733333333333393,
0.63508529610864,0.733333333333393,0.63508529610864,0.733333333333393,0.63508529610864,
0.733333333333393,0.63508529610864,0.733333333333393,0.63508529610864,0.733333333333393,
0.63508529610864,0.733333333333393,0.63508529610864,0.733333333333393,0.63508529610864,
0.733333333333393,0.63508529610864,0.733333333333393,0.63508529610864,0.733333333333393,
0.63508529610864,0.733333333333393,0.63508529610864,0.733333333333393,0.63508529610864,
0.733333333333393,0.63508529610864,0.733333333333393,0.63508529610864,0.733333333333393,
0.63508529610864,0.733333333333393,0.63508529610864,0.733333333333393,0.63508529610864,
0.733333333333393,0.63508529610864,0.733333333333393,0.63508529610864,0.733333333333393,
0.63508529610864,0.733333333333393,0.63508529610864,0.733333333333393,0.63508529610864,
0.733333333333393,0.63508529610864,0.733333333333393,0.63508529610864,0.733333333333393,
0.63508529610864,0.733333333333393,0.63508529610864,0.733333333333393,0.63508529610864,
0.733333333333393,0.63508529610864,0.733333333333393,0.63508529610864,0.733333333333393,
0.63508529610864,0.733333333333393,0.63508529610864,0.733333333333393,0.63508529610864,
0.733333333333393,0.63508529610864,0.733333333333393,0.63508529610864,0.733333333333393,
0.63508529610864,0.733333333333393,0.63508529610864,0.733333333333393,0.63508529610864,
0.733333333333393,0.63508529610864,0.733333333333393,0.63508529610864,0.733333333333393,
0.63508529610864,0.733333333333393,0.63508529610864,0.733333333333393,0.63508529610864,
0.733333333333393,0.63508529610864,0.733333333333393,0.63508529610864,0.733333333333393,
0.63508529610864,0.733333333333393,0.63508529610864,0.733333333333393,0.63508529610864,
0.733333333333393,0.63508529610864,0.733333333333393,0.63508529610864,0.733333333333393,
0.63508529610864,0.733333333333393,0.63508529610864,0.733333333333393,0.63508529610864,
0.733333333333393,0.63508529610864,0.733333333333393,0.63508529610864,0.733333333333393,
0.63508529610864,0.733333333333393,0.63508529610864,0.733333333333393,0.63508529610864,
0.733333333333393,0.63508529610864,0.733333333333393,0.63508529610864,0.733333333333393,
0.63508529610864,0.733333333333393,0.63508529610864,0.733333333333393,0.63508529610864,
0.733333333333393,0.63508529610864,0.733333333333393,0.699448240683012,
0.688936632864664),(0.710280653048203,0.719996587727412,0.733333333333393,
0.63508529610864,0.733333333333393,0.63508529610864,0.733333333333393,0.63508529610864,
0.733333333333393,0.63508529610864,0.733333333333393,0.63508529610864,0.733333333333393,
0.63508529610864,0.733333333333393,0.63508529610864,0.733333333333393,0.63508529610864,
0.733333333333393,0.63508529610864,0.733333333333393,0.63508529610864,0.733333333333393,
0.63508529610864,0.733333333333393,0.63508529610864,0.733333333333393,0.63508529610864,
0.733333333333393,0.63508529610864,0.733333333333393,0.63508529610864,0.733333333333393,
0.63508529610864,0.733333333333393,0.63508529610864,0.733333333333393,0.63508529610864,
0.733333333333393,0.63508529610864,0.733333333333393,0.63508529610864,0.733333333333393,
0.63508529610864,0.733333333333393,0.63508529610864,0.733333333333393,0.63508529610864,
0.733333333333393,0.63508529610864,0.733333333333393,0.63508529610864,0.733333333333393,
0.63508529610864,0.733333333333393,0.63508529610864,0.733333333333393,0.63508529610864,
0.733333333333393,0.63508529610864,0.733333333333393,0.63508529610864,0.733333333333393,
0.63508529610864,0.733333333333393,0.63508529610864,0.733333333333393,0.63508529610864,
0.733333333333393,0.63508529610864,0.733333333333393,0.63508529610864,0.733333333333393,
0.63508529610864,0.733333333333393,0.63508529610864,0.733333333333393,0.63508529610864,
0.733333333333393,0.63508529610864,0.733333333333393,0.63508529610864,0.733333333333393,
0.63508529610864,0.733333333333393,0.63508529610864,0.733333333333393,0.63508529610864,
0.733333333333393,0.63508529610864,0.733333333333393,0.63508529610864,0.733333333333393,
0.63508529610864,0.733333333333393,0.63508529610864,0.733333333333393,0.63508529610864,
0.733333333333393,0.63508529610864,0.733333333333393,0.63508529610864,0.733333333333393,
0.63508529610864,0.733333333333393,0.63508529610864,0.733333333333393,0.63508529610864,
0.733333333333393,0.63508529610864,0.733333333333393,0.63508529610864,0.733333333333393,
0.63508529610864,0.733333333333393,0.63508529610864,0.733333333333393,0.63508529610864,
0.733333333333393,0.63508529610864,0.733333333333393,0.63508529610864,0.733333333333393,
0.63508529610864,0.733333333333393,0.63508529610864,0.733333333333393,0.63508529610864,
0.733333333333393,0.63508529610864,0.733333333333393,0.63508529610864,0.733333333333393,
0.63508529610864,0.733333333333393,0.63508529610864,0.733333333333393,0.63508529610864,
0.733333333333393,0.63508529610864,0.733333333333393,0.63508529610864,0.733333333333393,
0.63508529610864,0.733333333333393,0.63508529610864,0.733333333333393,0.63508529610864,
0.733333333333393,0.63508529610864,0.733333333333393,0.63508529610864,0.733333333333393,
0.63508529610864,0.733333333333393,0.63508529610864,0.733333333333393,0.63508529610864,
0.733333333333393,0.63508529610864,0.733333333333393,0.63508529610864,0.733333333333393,
0.63508529610864,0.733333333333393,0.63508529610864,0.733333333333393,0.63508529610864,
0.733333333333393,0.63508529610864,0.733333333333393,0.63508529610864,0.733333333333393,
0.63508529610864,0.733333333333393,0.63508529610864,0.733333333333393,0.699448240683012,
0.688936632864664),(0.968564526883835,0.981813528719118,1.,0.866025403784439,
1.,0.866025403784439,1.,0.866025403784439,1.,0.866025403784439,1.,0.866025403784439,
1.,0.866025403784439,1.,0.866025403784439,1.,0.866025403784439,1.,0.866025403784439,
1.,0.866025403784439,1.,0.866025403784439,1.,0.866025403784439,1.,0.866025403784439,
1.,0.866025403784439,1.,0.866025403784439,1.,0.866025403784439,1.,0.866025403784439,
1.,0.866025403784439,1.,0.866025403784439,1.,0.866025403784439,1.,0.866025403784439,
1.,0.866025403784439,1.,0.866025403784439,1.,0.866025403784439,1.,0.866025403784439,
1.,0.866025403784439,1.,0.866025403784439,1.,0.866025403784439,1.,0.866025403784439,
1.,0.866025403784439,1.,0.866025403784439,1.,0.866025403784439,1.,0.866025403784439,
1.,0.866025403784439,1.,0.866025403784439,1.,0.866025403784439,1.,0.866025403784439,
1.,0.866025403784439,1.,0.866025403784439,1.,0.866025403784439,1.,0.866025403784439,
1.,0.866025403784439,1.,0.866025403784439,1.,0.866025403784439,1.,0.866025403784439,
1.,0.866025403784439,1.,0.866025403784439,1.,0.866025403784439,1.,0.866025403784439,
1.,0.866025403784439,1.,0.866025403784439,1.,0.866025403784439,1.,0.866025403784439,
1.,0.866025403784439,1.,0.866025403784439,1.,0.866025403784439,1.,0.866025403784439,
1.,0.866025403784439,1.,0.866025403784439,1.,0.866025403784439,1.,0.866025403784439,
1.,0.866025403784439,1.,0.866025403784439,1.,0.866025403784439,1.,0.866025403784439,
1.,0.866025403784439,1.,0.866025403784439,1.,0.866025403784439,1.,0.866025403784439,
1.,0.866025403784439,1.,0.866025403784439,1.,0.866025403784439,1.,0.866025403784439,
1.,0.866025403784439,1.,0.866025403784439,1.,0.866025403784439,1.,0.866025403784439,
1.,0.866025403784439,1.,0.866025403784439,1.,0.866025403784439,1.,0.866025403784439,
1.,0.866025403784439,1.,0.866025403784439,1.,0.866025403784439,1.,0.866025403784439,
1.,0.866025403784439,1.,0.866025403784439,1.,0.953793055476757,0.939459044815375)))
REPRESENTATION_ITEM('')
SURFACE()
);
#27=(
BOUNDED_SURFACE()
B_SPLINE_SURFACE(1,2,((#4601,#4602,#4603,#4604,#4605,#4606,#4607,#4608,
#4609,#4610,#4611,#4612,#4613,#4614,#4615,#4616,#4617,#4618,#4619,#4620,
#4621,#4622,#4623,#4624,#4625,#4626,#4627,#4628,#4629,#4630,#4631,#4632,
#4633,#4634,#4635,#4636,#4637,#4638,#4639,#4640,#4641,#4642,#4643,#4644,
#4645,#4646,#4647,#4648,#4649,#4650,#4651,#4652,#4653,#4654,#4655,#4656,
#4657,#4658,#4659,#4660,#4661,#4662,#4663,#4664,#4665,#4666,#4667,#4668,
#4669,#4670,#4671,#4672,#4673,#4674,#4675,#4676,#4677,#4678,#4679,#4680,
#4681,#4682,#4683,#4684,#4685,#4686,#4687,#4688,#4689,#4690,#4691,#4692,
#4693,#4694,#4695,#4696,#4697,#4698,#4699,#4700,#4701,#4702,#4703,#4704,
#4705,#4706,#4707,#4708,#4709,#4710,#4711,#4712,#4713,#4714,#4715,#4716,
#4717,#4718,#4719,#4720,#4721,#4722,#4723,#4724,#4725,#4726,#4727,#4728,
#4729,#4730,#4731,#4732,#4733,#4734,#4735,#4736,#4737,#4738,#4739,#4740,
#4741,#4742,#4743,#4744,#4745,#4746,#4747,#4748,#4749,#4750,#4751,#4752,
#4753,#4754,#4755,#4756,#4757,#4758,#4759,#4760,#4761,#4762,#4763,#4764,
#4765,#4766,#4767,#4768,#4769,#4770,#4771,#4772,#4773,#4774,#4775,#4776,
#4777,#4778,#4779,#4780,#4781),(#4782,#4783,#4784,#4785,#4786,#4787,#4788,
#4789,#4790,#4791,#4792,#4793,#4794,#4795,#4796,#4797,#4798,#4799,#4800,
#4801,#4802,#4803,#4804,#4805,#4806,#4807,#4808,#4809,#4810,#4811,#4812,
#4813,#4814,#4815,#4816,#4817,#4818,#4819,#4820,#4821,#4822,#4823,#4824,
#4825,#4826,#4827,#4828,#4829,#4830,#4831,#4832,#4833,#4834,#4835,#4836,
#4837,#4838,#4839,#4840,#4841,#4842,#4843,#4844,#4845,#4846,#4847,#4848,
#4849,#4850,#4851,#4852,#4853,#4854,#4855,#4856,#4857,#4858,#4859,#4860,
#4861,#4862,#4863,#4864,#4865,#4866,#4867,#4868,#4869,#4870,#4871,#4872,
#4873,#4874,#4875,#4876,#4877,#4878,#4879,#4880,#4881,#4882,#4883,#4884,
#4885,#4886,#4887,#4888,#4889,#4890,#4891,#4892,#4893,#4894,#4895,#4896,
#4897,#4898,#4899,#4900,#4901,#4902,#4903,#4904,#4905,#4906,#4907,#4908,
#4909,#4910,#4911,#4912,#4913,#4914,#4915,#4916,#4917,#4918,#4919,#4920,
#4921,#4922,#4923,#4924,#4925,#4926,#4927,#4928,#4929,#4930,#4931,#4932,
#4933,#4934,#4935,#4936,#4937,#4938,#4939,#4940,#4941,#4942,#4943,#4944,
#4945,#4946,#4947,#4948,#4949,#4950,#4951,#4952,#4953,#4954,#4955,#4956,
#4957,#4958,#4959,#4960,#4961,#4962)),.UNSPECIFIED.,.F.,.F.,.F.)
B_SPLINE_SURFACE_WITH_KNOTS((2,2),(3,2,2,2,2,2,2,2,2,2,2,2,2,2,2,2,2,2,
2,2,2,2,2,2,2,2,2,2,2,2,2,2,2,2,2,2,2,2,2,2,2,2,2,2,2,2,2,2,2,2,2,2,2,2,
2,2,2,2,2,2,2,2,2,2,2,2,2,2,2,2,2,2,2,2,2,2,2,2,2,2,2,2,2,2,2,2,2,2,2,2,
3),(0.,1.),(0.0889951671703474,0.0925925925925926,0.101851851851852,0.111111111111111,
0.12037037037037,0.12962962962963,0.138888888888889,0.148148148148148,0.157407407407407,
0.166666666666667,0.175925925925926,0.185185185185185,0.194444444444445,
0.203703703703703,0.212962962962963,0.222222222222222,0.231481481481481,
0.240740740740741,0.25,0.25925925925926,0.268518518518518,0.277777777777778,
0.287037037037037,0.296296296296297,0.305555555555555,0.314814814814815,
0.324074074074074,0.333333333333334,0.342592592592592,0.351851851851852,
0.361111111111111,0.370370370370371,0.37962962962963,0.388888888888889,
0.398148148148148,0.407407407407407,0.416666666666667,0.425925925925926,
0.435185185185185,0.444444444444444,0.453703703703704,0.462962962962963,
0.472222222222222,0.481481481481482,0.490740740740741,0.5,0.509259259259259,
0.518518518518519,0.527777777777778,0.537037037037037,0.546296296296296,
0.555555555555556,0.564814814814815,0.574074074074074,0.583333333333333,
0.592592592592593,0.601851851851852,0.611111111111111,0.62037037037037,
0.62962962962963,0.638888888888889,0.648148148148148,0.657407407407407,
0.666666666666667,0.675925925925926,0.685185185185185,0.694444444444444,
0.703703703703704,0.712962962962963,0.722222222222222,0.731481481481482,
0.740740740740741,0.75,0.759259259259259,0.768518518518519,0.777777777777778,
0.787037037037037,0.796296296296296,0.805555555555556,0.814814814814815,
0.824074074074074,0.833333333333333,0.842592592592593,0.851851851851852,
0.861111111111111,0.87037037037037,0.87962962962963,0.888888888888889,0.898148148148148,
0.907407407407407,0.909515492044562),.PIECEWISE_BEZIER_KNOTS.)
GEOMETRIC_REPRESENTATION_ITEM()
RATIONAL_B_SPLINE_SURFACE(((0.936342602060527,0.947947929217024,1.,0.866025403784439,
1.,0.866025403784439,1.,0.866025403784439,1.,0.866025403784439,1.,0.866025403784439,
1.,0.866025403784439,1.,0.866025403784439,1.,0.866025403784439,1.,0.866025403784439,
1.,0.866025403784439,1.,0.866025403784439,1.,0.866025403784439,1.,0.866025403784439,
1.,0.866025403784439,1.,0.866025403784439,1.,0.866025403784439,1.,0.866025403784439,
1.,0.866025403784439,1.,0.866025403784439,1.,0.866025403784439,1.,0.866025403784439,
1.,0.866025403784439,1.,0.866025403784439,1.,0.866025403784439,1.,0.866025403784439,
1.,0.866025403784439,1.,0.866025403784439,1.,0.866025403784439,1.,0.866025403784439,
1.,0.866025403784439,1.,0.866025403784439,1.,0.866025403784439,1.,0.866025403784439,
1.,0.866025403784439,1.,0.866025403784439,1.,0.866025403784439,1.,0.866025403784439,
1.,0.866025403784439,1.,0.866025403784439,1.,0.866025403784439,1.,0.866025403784439,
1.,0.866025403784439,1.,0.866025403784439,1.,0.866025403784439,1.,0.866025403784439,
1.,0.866025403784439,1.,0.866025403784439,1.,0.866025403784439,1.,0.866025403784439,
1.,0.866025403784439,1.,0.866025403784439,1.,0.866025403784439,1.,0.866025403784439,
1.,0.866025403784439,1.,0.866025403784439,1.,0.866025403784439,1.,0.866025403784439,
1.,0.866025403784439,1.,0.866025403784439,1.,0.866025403784439,1.,0.866025403784439,
1.,0.866025403784439,1.,0.866025403784439,1.,0.866025403784439,1.,0.866025403784439,
1.,0.866025403784439,1.,0.866025403784439,1.,0.866025403784439,1.,0.866025403784439,
1.,0.866025403784439,1.,0.866025403784439,1.,0.866025403784439,1.,0.866025403784439,
1.,0.866025403784439,1.,0.866025403784439,1.,0.866025403784439,1.,0.866025403784439,
1.,0.866025403784439,1.,0.866025403784439,1.,0.866025403784439,1.,0.866025403784439,
1.,0.866025403784439,1.,0.866025403784439,1.,0.866025403784439,1.,0.866025403784439,
1.,0.866025403784439,1.,0.866025403784439,1.,0.866025403784439,1.,0.969497582890493,
0.952884327992385),(0.936342602060527,0.947947929217024,1.,0.866025403784439,
1.,0.866025403784439,1.,0.866025403784439,1.,0.866025403784439,1.,0.866025403784439,
1.,0.866025403784439,1.,0.866025403784439,1.,0.866025403784439,1.,0.866025403784439,
1.,0.866025403784439,1.,0.866025403784439,1.,0.866025403784439,1.,0.866025403784439,
1.,0.866025403784439,1.,0.866025403784439,1.,0.866025403784439,1.,0.866025403784439,
1.,0.866025403784439,1.,0.866025403784439,1.,0.866025403784439,1.,0.866025403784439,
1.,0.866025403784439,1.,0.866025403784439,1.,0.866025403784439,1.,0.866025403784439,
1.,0.866025403784439,1.,0.866025403784439,1.,0.866025403784439,1.,0.866025403784439,
1.,0.866025403784439,1.,0.866025403784439,1.,0.866025403784439,1.,0.866025403784439,
1.,0.866025403784439,1.,0.866025403784439,1.,0.866025403784439,1.,0.866025403784439,
1.,0.866025403784439,1.,0.866025403784439,1.,0.866025403784439,1.,0.866025403784439,
1.,0.866025403784439,1.,0.866025403784439,1.,0.866025403784439,1.,0.866025403784439,
1.,0.866025403784439,1.,0.866025403784439,1.,0.866025403784439,1.,0.866025403784439,
1.,0.866025403784439,1.,0.866025403784439,1.,0.866025403784439,1.,0.866025403784439,
1.,0.866025403784439,1.,0.866025403784439,1.,0.866025403784439,1.,0.866025403784439,
1.,0.866025403784439,1.,0.866025403784439,1.,0.866025403784439,1.,0.866025403784439,
1.,0.866025403784439,1.,0.866025403784439,1.,0.866025403784439,1.,0.866025403784439,
1.,0.866025403784439,1.,0.866025403784439,1.,0.866025403784439,1.,0.866025403784439,
1.,0.866025403784439,1.,0.866025403784439,1.,0.866025403784439,1.,0.866025403784439,
1.,0.866025403784439,1.,0.866025403784439,1.,0.866025403784439,1.,0.866025403784439,
1.,0.866025403784439,1.,0.866025403784439,1.,0.866025403784439,1.,0.866025403784439,
1.,0.866025403784439,1.,0.866025403784439,1.,0.866025403784439,1.,0.866025403784439,
1.,0.866025403784439,1.,0.866025403784439,1.,0.866025403784439,1.,0.969497582890493,
0.952884327992385)))
REPRESENTATION_ITEM('')
SURFACE()
);
#28=(
BOUNDED_SURFACE()
B_SPLINE_SURFACE(1,2,((#5397,#5398,#5399,#5400,#5401,#5402,#5403,#5404,
#5405,#5406,#5407,#5408,#5409,#5410,#5411,#5412,#5413,#5414,#5415,#5416,
#5417,#5418,#5419,#5420,#5421,#5422,#5423,#5424,#5425,#5426,#5427,#5428,
#5429,#5430,#5431,#5432,#5433,#5434,#5435,#5436,#5437,#5438,#5439,#5440,
#5441,#5442,#5443,#5444,#5445,#5446,#5447,#5448,#5449,#5450,#5451,#5452,
#5453,#5454,#5455,#5456,#5457,#5458,#5459,#5460,#5461,#5462,#5463,#5464,
#5465,#5466,#5467,#5468,#5469,#5470,#5471,#5472,#5473,#5474,#5475,#5476,
#5477,#5478,#5479,#5480,#5481,#5482,#5483,#5484,#5485,#5486,#5487,#5488,
#5489,#5490,#5491,#5492,#5493,#5494,#5495,#5496,#5497,#5498,#5499,#5500,
#5501,#5502,#5503,#5504,#5505,#5506,#5507,#5508,#5509,#5510,#5511,#5512,
#5513,#5514,#5515,#5516,#5517,#5518,#5519,#5520,#5521,#5522,#5523,#5524,
#5525,#5526,#5527,#5528,#5529,#5530,#5531,#5532,#5533,#5534,#5535,#5536,
#5537,#5538,#5539,#5540,#5541,#5542,#5543,#5544,#5545,#5546,#5547,#5548,
#5549,#5550,#5551,#5552,#5553,#5554,#5555,#5556,#5557,#5558,#5559,#5560,
#5561,#5562,#5563,#5564,#5565,#5566,#5567,#5568,#5569,#5570,#5571,#5572,
#5573,#5574,#5575,#5576,#5577),(#5578,#5579,#5580,#5581,#5582,#5583,#5584,
#5585,#5586,#5587,#5588,#5589,#5590,#5591,#5592,#5593,#5594,#5595,#5596,
#5597,#5598,#5599,#5600,#5601,#5602,#5603,#5604,#5605,#5606,#5607,#5608,
#5609,#5610,#5611,#5612,#5613,#5614,#5615,#5616,#5617,#5618,#5619,#5620,
#5621,#5622,#5623,#5624,#5625,#5626,#5627,#5628,#5629,#5630,#5631,#5632,
#5633,#5634,#5635,#5636,#5637,#5638,#5639,#5640,#5641,#5642,#5643,#5644,
#5645,#5646,#5647,#5648,#5649,#5650,#5651,#5652,#5653,#5654,#5655,#5656,
#5657,#5658,#5659,#5660,#5661,#5662,#5663,#5664,#5665,#5666,#5667,#5668,
#5669,#5670,#5671,#5672,#5673,#5674,#5675,#5676,#5677,#5678,#5679,#5680,
#5681,#5682,#5683,#5684,#5685,#5686,#5687,#5688,#5689,#5690,#5691,#5692,
#5693,#5694,#5695,#5696,#5697,#5698,#5699,#5700,#5701,#5702,#5703,#5704,
#5705,#5706,#5707,#5708,#5709,#5710,#5711,#5712,#5713,#5714,#5715,#5716,
#5717,#5718,#5719,#5720,#5721,#5722,#5723,#5724,#5725,#5726,#5727,#5728,
#5729,#5730,#5731,#5732,#5733,#5734,#5735,#5736,#5737,#5738,#5739,#5740,
#5741,#5742,#5743,#5744,#5745,#5746,#5747,#5748,#5749,#5750,#5751,#5752,
#5753,#5754,#5755,#5756,#5757,#5758)),.UNSPECIFIED.,.F.,.F.,.F.)
B_SPLINE_SURFACE_WITH_KNOTS((2,2),(3,2,2,2,2,2,2,2,2,2,2,2,2,2,2,2,2,2,
2,2,2,2,2,2,2,2,2,2,2,2,2,2,2,2,2,2,2,2,2,2,2,2,2,2,2,2,2,2,2,2,2,2,2,2,
2,2,2,2,2,2,2,2,2,2,2,2,2,2,2,2,2,2,2,2,2,2,2,2,2,2,2,2,2,2,2,2,2,2,2,2,
3),(0.,1.),(0.0645778271112274,0.0648148148148148,0.0740740740740741,0.0833333333333333,
0.0925925925925926,0.101851851851852,0.111111111111111,0.12037037037037,
0.12962962962963,0.138888888888889,0.148148148148148,0.157407407407407,
0.166666666666667,0.175925925925926,0.185185185185185,0.194444444444445,
0.203703703703703,0.212962962962963,0.222222222222222,0.231481481481481,
0.240740740740741,0.25,0.25925925925926,0.268518518518518,0.277777777777778,
0.287037037037037,0.296296296296297,0.305555555555555,0.314814814814815,
0.324074074074074,0.333333333333334,0.342592592592592,0.351851851851852,
0.361111111111111,0.370370370370371,0.37962962962963,0.388888888888889,
0.398148148148148,0.407407407407407,0.416666666666667,0.425925925925926,
0.435185185185185,0.444444444444444,0.453703703703704,0.462962962962963,
0.472222222222222,0.481481481481482,0.490740740740741,0.5,0.509259259259259,
0.518518518518519,0.527777777777778,0.537037037037037,0.546296296296296,
0.555555555555556,0.564814814814815,0.574074074074074,0.583333333333333,
0.592592592592593,0.601851851851852,0.611111111111111,0.62037037037037,
0.62962962962963,0.638888888888889,0.648148148148148,0.657407407407407,
0.666666666666667,0.675925925925926,0.685185185185185,0.694444444444444,
0.703703703703704,0.712962962962963,0.722222222222222,0.731481481481482,
0.740740740740741,0.75,0.759259259259259,0.768518518518519,0.777777777777778,
0.787037037037037,0.796296296296296,0.805555555555556,0.814814814814815,
0.824074074074074,0.833333333333333,0.842592592592593,0.851851851851852,
0.861111111111111,0.87037037037037,0.87962962962963,0.885413950647189),
 .PIECEWISE_BEZIER_KNOTS.)
GEOMETRIC_REPRESENTATION_ITEM()
RATIONAL_B_SPLINE_SURFACE(((0.993317458405786,0.996570964155212,1.,0.866025403784439,
1.,0.866025403784439,1.,0.866025403784439,1.,0.866025403784439,1.,0.866025403784439,
1.,0.866025403784439,1.,0.866025403784439,1.,0.866025403784439,1.,0.866025403784439,
1.,0.866025403784439,1.,0.866025403784439,1.,0.866025403784439,1.,0.866025403784439,
1.,0.866025403784439,1.,0.866025403784439,1.,0.866025403784439,1.,0.866025403784439,
1.,0.866025403784439,1.,0.866025403784439,1.,0.866025403784439,1.,0.866025403784439,
1.,0.866025403784439,1.,0.866025403784439,1.,0.866025403784439,1.,0.866025403784439,
1.,0.866025403784439,1.,0.866025403784439,1.,0.866025403784439,1.,0.866025403784439,
1.,0.866025403784439,1.,0.866025403784439,1.,0.866025403784439,1.,0.866025403784439,
1.,0.866025403784439,1.,0.866025403784439,1.,0.866025403784439,1.,0.866025403784439,
1.,0.866025403784439,1.,0.866025403784439,1.,0.866025403784439,1.,0.866025403784439,
1.,0.866025403784439,1.,0.866025403784439,1.,0.866025403784439,1.,0.866025403784439,
1.,0.866025403784439,1.,0.866025403784439,1.,0.866025403784439,1.,0.866025403784439,
1.,0.866025403784439,1.,0.866025403784439,1.,0.866025403784439,1.,0.866025403784439,
1.,0.866025403784439,1.,0.866025403784439,1.,0.866025403784439,1.,0.866025403784439,
1.,0.866025403784439,1.,0.866025403784439,1.,0.866025403784439,1.,0.866025403784439,
1.,0.866025403784439,1.,0.866025403784439,1.,0.866025403784439,1.,0.866025403784439,
1.,0.866025403784439,1.,0.866025403784439,1.,0.866025403784439,1.,0.866025403784439,
1.,0.866025403784439,1.,0.866025403784439,1.,0.866025403784439,1.,0.866025403784439,
1.,0.866025403784439,1.,0.866025403784439,1.,0.866025403784439,1.,0.866025403784439,
1.,0.866025403784439,1.,0.866025403784439,1.,0.866025403784439,1.,0.866025403784439,
1.,0.866025403784439,1.,0.866025403784439,1.,0.866025403784439,1.,0.866025403784439,
1.,0.866025403784439,1.,0.866025403784439,1.,0.866025403784439,1.,0.916305176147457,
0.937179781687896),(0.993317458405786,0.996570964155212,1.,0.866025403784439,
1.,0.866025403784439,1.,0.866025403784439,1.,0.866025403784439,1.,0.866025403784439,
1.,0.866025403784439,1.,0.866025403784439,1.,0.866025403784439,1.,0.866025403784439,
1.,0.866025403784439,1.,0.866025403784439,1.,0.866025403784439,1.,0.866025403784439,
1.,0.866025403784439,1.,0.866025403784439,1.,0.866025403784439,1.,0.866025403784439,
1.,0.866025403784439,1.,0.866025403784439,1.,0.866025403784439,1.,0.866025403784439,
1.,0.866025403784439,1.,0.866025403784439,1.,0.866025403784439,1.,0.866025403784439,
1.,0.866025403784439,1.,0.866025403784439,1.,0.866025403784439,1.,0.866025403784439,
1.,0.866025403784439,1.,0.866025403784439,1.,0.866025403784439,1.,0.866025403784439,
1.,0.866025403784439,1.,0.866025403784439,1.,0.866025403784439,1.,0.866025403784439,
1.,0.866025403784439,1.,0.866025403784439,1.,0.866025403784439,1.,0.866025403784439,
1.,0.866025403784439,1.,0.866025403784439,1.,0.866025403784439,1.,0.866025403784439,
1.,0.866025403784439,1.,0.866025403784439,1.,0.866025403784439,1.,0.866025403784439,
1.,0.866025403784439,1.,0.866025403784439,1.,0.866025403784439,1.,0.866025403784439,
1.,0.866025403784439,1.,0.866025403784439,1.,0.866025403784439,1.,0.866025403784439,
1.,0.866025403784439,1.,0.866025403784439,1.,0.866025403784439,1.,0.866025403784439,
1.,0.866025403784439,1.,0.866025403784439,1.,0.866025403784439,1.,0.866025403784439,
1.,0.866025403784439,1.,0.866025403784439,1.,0.866025403784439,1.,0.866025403784439,
1.,0.866025403784439,1.,0.866025403784439,1.,0.866025403784439,1.,0.866025403784439,
1.,0.866025403784439,1.,0.866025403784439,1.,0.866025403784439,1.,0.866025403784439,
1.,0.866025403784439,1.,0.866025403784439,1.,0.866025403784439,1.,0.866025403784439,
1.,0.866025403784439,1.,0.866025403784439,1.,0.866025403784439,1.,0.866025403784439,
1.,0.866025403784439,1.,0.866025403784439,1.,0.866025403784439,1.,0.916305176147457,
0.937179781687896)))
REPRESENTATION_ITEM('')
SURFACE()
);
#29=(
BOUNDED_SURFACE()
B_SPLINE_SURFACE(3,2,((#6193,#6194,#6195,#6196,#6197,#6198,#6199,#6200,
#6201,#6202,#6203,#6204,#6205,#6206,#6207,#6208,#6209,#6210,#6211,#6212,
#6213,#6214,#6215,#6216,#6217,#6218,#6219,#6220,#6221,#6222,#6223,#6224,
#6225,#6226,#6227,#6228,#6229,#6230,#6231,#6232,#6233,#6234,#6235,#6236,
#6237,#6238,#6239,#6240,#6241,#6242,#6243,#6244,#6245,#6246,#6247,#6248,
#6249,#6250,#6251,#6252,#6253,#6254,#6255,#6256,#6257,#6258,#6259,#6260,
#6261,#6262,#6263,#6264,#6265,#6266,#6267,#6268,#6269,#6270,#6271,#6272,
#6273,#6274,#6275,#6276,#6277,#6278,#6279,#6280,#6281,#6282,#6283,#6284,
#6285,#6286,#6287,#6288,#6289,#6290,#6291,#6292,#6293,#6294,#6295,#6296,
#6297,#6298,#6299,#6300,#6301,#6302,#6303,#6304,#6305,#6306,#6307,#6308,
#6309,#6310,#6311,#6312,#6313,#6314,#6315,#6316,#6317,#6318,#6319,#6320,
#6321,#6322,#6323,#6324,#6325,#6326,#6327,#6328,#6329,#6330,#6331,#6332,
#6333,#6334,#6335,#6336,#6337,#6338,#6339,#6340,#6341,#6342,#6343,#6344,
#6345,#6346,#6347,#6348,#6349,#6350,#6351,#6352,#6353,#6354,#6355,#6356,
#6357,#6358,#6359,#6360,#6361,#6362,#6363,#6364,#6365,#6366,#6367,#6368,
#6369,#6370,#6371),(#6372,#6373,#6374,#6375,#6376,#6377,#6378,#6379,#6380,
#6381,#6382,#6383,#6384,#6385,#6386,#6387,#6388,#6389,#6390,#6391,#6392,
#6393,#6394,#6395,#6396,#6397,#6398,#6399,#6400,#6401,#6402,#6403,#6404,
#6405,#6406,#6407,#6408,#6409,#6410,#6411,#6412,#6413,#6414,#6415,#6416,
#6417,#6418,#6419,#6420,#6421,#6422,#6423,#6424,#6425,#6426,#6427,#6428,
#6429,#6430,#6431,#6432,#6433,#6434,#6435,#6436,#6437,#6438,#6439,#6440,
#6441,#6442,#6443,#6444,#6445,#6446,#6447,#6448,#6449,#6450,#6451,#6452,
#6453,#6454,#6455,#6456,#6457,#6458,#6459,#6460,#6461,#6462,#6463,#6464,
#6465,#6466,#6467,#6468,#6469,#6470,#6471,#6472,#6473,#6474,#6475,#6476,
#6477,#6478,#6479,#6480,#6481,#6482,#6483,#6484,#6485,#6486,#6487,#6488,
#6489,#6490,#6491,#6492,#6493,#6494,#6495,#6496,#6497,#6498,#6499,#6500,
#6501,#6502,#6503,#6504,#6505,#6506,#6507,#6508,#6509,#6510,#6511,#6512,
#6513,#6514,#6515,#6516,#6517,#6518,#6519,#6520,#6521,#6522,#6523,#6524,
#6525,#6526,#6527,#6528,#6529,#6530,#6531,#6532,#6533,#6534,#6535,#6536,
#6537,#6538,#6539,#6540,#6541,#6542,#6543,#6544,#6545,#6546,#6547,#6548,
#6549,#6550),(#6551,#6552,#6553,#6554,#6555,#6556,#6557,#6558,#6559,#6560,
#6561,#6562,#6563,#6564,#6565,#6566,#6567,#6568,#6569,#6570,#6571,#6572,
#6573,#6574,#6575,#6576,#6577,#6578,#6579,#6580,#6581,#6582,#6583,#6584,
#6585,#6586,#6587,#6588,#6589,#6590,#6591,#6592,#6593,#6594,#6595,#6596,
#6597,#6598,#6599,#6600,#6601,#6602,#6603,#6604,#6605,#6606,#6607,#6608,
#6609,#6610,#6611,#6612,#6613,#6614,#6615,#6616,#6617,#6618,#6619,#6620,
#6621,#6622,#6623,#6624,#6625,#6626,#6627,#6628,#6629,#6630,#6631,#6632,
#6633,#6634,#6635,#6636,#6637,#6638,#6639,#6640,#6641,#6642,#6643,#6644,
#6645,#6646,#6647,#6648,#6649,#6650,#6651,#6652,#6653,#6654,#6655,#6656,
#6657,#6658,#6659,#6660,#6661,#6662,#6663,#6664,#6665,#6666,#6667,#6668,
#6669,#6670,#6671,#6672,#6673,#6674,#6675,#6676,#6677,#6678,#6679,#6680,
#6681,#6682,#6683,#6684,#6685,#6686,#6687,#6688,#6689,#6690,#6691,#6692,
#6693,#6694,#6695,#6696,#6697,#6698,#6699,#6700,#6701,#6702,#6703,#6704,
#6705,#6706,#6707,#6708,#6709,#6710,#6711,#6712,#6713,#6714,#6715,#6716,
#6717,#6718,#6719,#6720,#6721,#6722,#6723,#6724,#6725,#6726,#6727,#6728,
#6729),(#6730,#6731,#6732,#6733,#6734,#6735,#6736,#6737,#6738,#6739,#6740,
#6741,#6742,#6743,#6744,#6745,#6746,#6747,#6748,#6749,#6750,#6751,#6752,
#6753,#6754,#6755,#6756,#6757,#6758,#6759,#6760,#6761,#6762,#6763,#6764,
#6765,#6766,#6767,#6768,#6769,#6770,#6771,#6772,#6773,#6774,#6775,#6776,
#6777,#6778,#6779,#6780,#6781,#6782,#6783,#6784,#6785,#6786,#6787,#6788,
#6789,#6790,#6791,#6792,#6793,#6794,#6795,#6796,#6797,#6798,#6799,#6800,
#6801,#6802,#6803,#6804,#6805,#6806,#6807,#6808,#6809,#6810,#6811,#6812,
#6813,#6814,#6815,#6816,#6817,#6818,#6819,#6820,#6821,#6822,#6823,#6824,
#6825,#6826,#6827,#6828,#6829,#6830,#6831,#6832,#6833,#6834,#6835,#6836,
#6837,#6838,#6839,#6840,#6841,#6842,#6843,#6844,#6845,#6846,#6847,#6848,
#6849,#6850,#6851,#6852,#6853,#6854,#6855,#6856,#6857,#6858,#6859,#6860,
#6861,#6862,#6863,#6864,#6865,#6866,#6867,#6868,#6869,#6870,#6871,#6872,
#6873,#6874,#6875,#6876,#6877,#6878,#6879,#6880,#6881,#6882,#6883,#6884,
#6885,#6886,#6887,#6888,#6889,#6890,#6891,#6892,#6893,#6894,#6895,#6896,
#6897,#6898,#6899,#6900,#6901,#6902,#6903,#6904,#6905,#6906,#6907,#6908)),
 .UNSPECIFIED.,.F.,.F.,.F.)
B_SPLINE_SURFACE_WITH_KNOTS((4,4),(3,2,2,2,2,2,2,2,2,2,2,2,2,2,2,2,2,2,
2,2,2,2,2,2,2,2,2,2,2,2,2,2,2,2,2,2,2,2,2,2,2,2,2,2,2,2,2,2,2,2,2,2,2,2,
2,2,2,2,2,2,2,2,2,2,2,2,2,2,2,2,2,2,2,2,2,2,2,2,2,2,2,2,2,2,2,2,2,2,2,3),
(0.,1.),(0.0820764289846177,0.0833333333333333,0.0925925925925926,0.101851851851852,
0.111111111111111,0.12037037037037,0.12962962962963,0.138888888888889,0.148148148148148,
0.157407407407407,0.166666666666667,0.175925925925926,0.185185185185185,
0.194444444444445,0.203703703703703,0.212962962962963,0.222222222222222,
0.231481481481481,0.240740740740741,0.25,0.25925925925926,0.268518518518518,
0.277777777777778,0.287037037037037,0.296296296296297,0.305555555555555,
0.314814814814815,0.324074074074074,0.333333333333334,0.342592592592592,
0.351851851851852,0.361111111111111,0.370370370370371,0.37962962962963,
0.388888888888889,0.398148148148148,0.407407407407407,0.416666666666667,
0.425925925925926,0.435185185185185,0.444444444444444,0.453703703703704,
0.462962962962963,0.472222222222222,0.481481481481482,0.490740740740741,
0.5,0.509259259259259,0.518518518518519,0.527777777777778,0.537037037037037,
0.546296296296296,0.555555555555556,0.564814814814815,0.574074074074074,
0.583333333333333,0.592592592592593,0.601851851851852,0.611111111111111,
0.62037037037037,0.62962962962963,0.638888888888889,0.648148148148148,0.657407407407407,
0.666666666666667,0.675925925925926,0.685185185185185,0.694444444444444,
0.703703703703704,0.712962962962963,0.722222222222222,0.731481481481482,
0.740740740740741,0.75,0.759259259259259,0.768518518518519,0.777777777777778,
0.787037037037037,0.796296296296296,0.805555555555556,0.814814814814815,
0.824074074074074,0.833333333333333,0.842592592592593,0.851851851851852,
0.861111111111111,0.87037037037037,0.87962962962963,0.888888888888889,0.892082345641172),
 .PIECEWISE_BEZIER_KNOTS.)
GEOMETRIC_REPRESENTATION_ITEM()
RATIONAL_B_SPLINE_SURFACE(((0.968564526883835,0.981813528719118,1.,0.866025403784439,
1.,0.866025403784439,1.,0.866025403784439,1.,0.866025403784439,1.,0.866025403784439,
1.,0.866025403784439,1.,0.866025403784439,1.,0.866025403784439,1.,0.866025403784439,
1.,0.866025403784439,1.,0.866025403784439,1.,0.866025403784439,1.,0.866025403784439,
1.,0.866025403784439,1.,0.866025403784439,1.,0.866025403784439,1.,0.866025403784439,
1.,0.866025403784439,1.,0.866025403784439,1.,0.866025403784439,1.,0.866025403784439,
1.,0.866025403784439,1.,0.866025403784439,1.,0.866025403784439,1.,0.866025403784439,
1.,0.866025403784439,1.,0.866025403784439,1.,0.866025403784439,1.,0.866025403784439,
1.,0.866025403784439,1.,0.866025403784439,1.,0.866025403784439,1.,0.866025403784439,
1.,0.866025403784439,1.,0.866025403784439,1.,0.866025403784439,1.,0.866025403784439,
1.,0.866025403784439,1.,0.866025403784439,1.,0.866025403784439,1.,0.866025403784439,
1.,0.866025403784439,1.,0.866025403784439,1.,0.866025403784439,1.,0.866025403784439,
1.,0.866025403784439,1.,0.866025403784439,1.,0.866025403784439,1.,0.866025403784439,
1.,0.866025403784439,1.,0.866025403784439,1.,0.866025403784439,1.,0.866025403784439,
1.,0.866025403784439,1.,0.866025403784439,1.,0.866025403784439,1.,0.866025403784439,
1.,0.866025403784439,1.,0.866025403784439,1.,0.866025403784439,1.,0.866025403784439,
1.,0.866025403784439,1.,0.866025403784439,1.,0.866025403784439,1.,0.866025403784439,
1.,0.866025403784439,1.,0.866025403784439,1.,0.866025403784439,1.,0.866025403784439,
1.,0.866025403784439,1.,0.866025403784439,1.,0.866025403784439,1.,0.866025403784439,
1.,0.866025403784439,1.,0.866025403784439,1.,0.866025403784439,1.,0.866025403784439,
1.,0.866025403784439,1.,0.866025403784439,1.,0.866025403784439,1.,0.866025403784439,
1.,0.866025403784439,1.,0.866025403784439,1.,0.866025403784439,1.,0.866025403784439,
1.,0.866025403784439,1.,0.866025403784439,1.,0.953793055476757,0.939459044815375),
(0.710280653048221,0.71999658772743,0.733333333333411,0.635085296108656,
0.733333333333411,0.635085296108656,0.733333333333411,0.635085296108656,
0.733333333333411,0.635085296108656,0.733333333333411,0.635085296108656,
0.733333333333411,0.635085296108656,0.733333333333411,0.635085296108656,
0.733333333333411,0.635085296108656,0.733333333333411,0.635085296108656,
0.733333333333411,0.635085296108656,0.733333333333411,0.635085296108656,
0.733333333333411,0.635085296108656,0.733333333333411,0.635085296108656,
0.733333333333411,0.635085296108656,0.733333333333411,0.635085296108656,
0.733333333333411,0.635085296108656,0.733333333333411,0.635085296108656,
0.733333333333411,0.635085296108656,0.733333333333411,0.635085296108656,
0.733333333333411,0.635085296108656,0.733333333333411,0.635085296108656,
0.733333333333411,0.635085296108656,0.733333333333411,0.635085296108656,
0.733333333333411,0.635085296108656,0.733333333333411,0.635085296108656,
0.733333333333411,0.635085296108656,0.733333333333411,0.635085296108656,
0.733333333333411,0.635085296108656,0.733333333333411,0.635085296108656,
0.733333333333411,0.635085296108656,0.733333333333411,0.635085296108656,
0.733333333333411,0.635085296108656,0.733333333333411,0.635085296108656,
0.733333333333411,0.635085296108656,0.733333333333411,0.635085296108656,
0.733333333333411,0.635085296108656,0.733333333333411,0.635085296108656,
0.733333333333411,0.635085296108656,0.733333333333411,0.635085296108656,
0.733333333333411,0.635085296108656,0.733333333333411,0.635085296108656,
0.733333333333411,0.635085296108656,0.733333333333411,0.635085296108656,
0.733333333333411,0.635085296108656,0.733333333333411,0.635085296108656,
0.733333333333411,0.635085296108656,0.733333333333411,0.635085296108656,
0.733333333333411,0.635085296108656,0.733333333333411,0.635085296108656,
0.733333333333411,0.635085296108656,0.733333333333411,0.635085296108656,
0.733333333333411,0.635085296108656,0.733333333333411,0.635085296108656,
0.733333333333411,0.635085296108656,0.733333333333411,0.635085296108656,
0.733333333333411,0.635085296108656,0.733333333333411,0.635085296108656,
0.733333333333411,0.635085296108656,0.733333333333411,0.635085296108656,
0.733333333333411,0.635085296108656,0.733333333333411,0.635085296108656,
0.733333333333411,0.635085296108656,0.733333333333411,0.635085296108656,
0.733333333333411,0.635085296108656,0.733333333333411,0.635085296108656,
0.733333333333411,0.635085296108656,0.733333333333411,0.635085296108656,
0.733333333333411,0.635085296108656,0.733333333333411,0.635085296108656,
0.733333333333411,0.635085296108656,0.733333333333411,0.635085296108656,
0.733333333333411,0.635085296108656,0.733333333333411,0.635085296108656,
0.733333333333411,0.635085296108656,0.733333333333411,0.635085296108656,
0.733333333333411,0.635085296108656,0.733333333333411,0.635085296108656,
0.733333333333411,0.635085296108656,0.733333333333411,0.635085296108656,
0.733333333333411,0.635085296108656,0.733333333333411,0.635085296108656,
0.733333333333411,0.635085296108656,0.733333333333411,0.635085296108656,
0.733333333333411,0.635085296108656,0.733333333333411,0.635085296108656,
0.733333333333411,0.635085296108656,0.733333333333411,0.635085296108656,
0.733333333333411,0.699448240683029,0.688936632864681),(0.710280653048221,
0.71999658772743,0.733333333333411,0.635085296108656,0.733333333333411,
0.635085296108656,0.733333333333411,0.635085296108656,0.733333333333411,
0.635085296108656,0.733333333333411,0.635085296108656,0.733333333333411,
0.635085296108656,0.733333333333411,0.635085296108656,0.733333333333411,
0.635085296108656,0.733333333333411,0.635085296108656,0.733333333333411,
0.635085296108656,0.733333333333411,0.635085296108656,0.733333333333411,
0.635085296108656,0.733333333333411,0.635085296108656,0.733333333333411,
0.635085296108656,0.733333333333411,0.635085296108656,0.733333333333411,
0.635085296108656,0.733333333333411,0.635085296108656,0.733333333333411,
0.635085296108656,0.733333333333411,0.635085296108656,0.733333333333411,
0.635085296108656,0.733333333333411,0.635085296108656,0.733333333333411,
0.635085296108656,0.733333333333411,0.635085296108656,0.733333333333411,
0.635085296108656,0.733333333333411,0.635085296108656,0.733333333333411,
0.635085296108656,0.733333333333411,0.635085296108656,0.733333333333411,
0.635085296108656,0.733333333333411,0.635085296108656,0.733333333333411,
0.635085296108656,0.733333333333411,0.635085296108656,0.733333333333411,
0.635085296108656,0.733333333333411,0.635085296108656,0.733333333333411,
0.635085296108656,0.733333333333411,0.635085296108656,0.733333333333411,
0.635085296108656,0.733333333333411,0.635085296108656,0.733333333333411,
0.635085296108656,0.733333333333411,0.635085296108656,0.733333333333411,
0.635085296108656,0.733333333333411,0.635085296108656,0.733333333333411,
0.635085296108656,0.733333333333411,0.635085296108656,0.733333333333411,
0.635085296108656,0.733333333333411,0.635085296108656,0.733333333333411,
0.635085296108656,0.733333333333411,0.635085296108656,0.733333333333411,
0.635085296108656,0.733333333333411,0.635085296108656,0.733333333333411,
0.635085296108656,0.733333333333411,0.635085296108656,0.733333333333411,
0.635085296108656,0.733333333333411,0.635085296108656,0.733333333333411,
0.635085296108656,0.733333333333411,0.635085296108656,0.733333333333411,
0.635085296108656,0.733333333333411,0.635085296108656,0.733333333333411,
0.635085296108656,0.733333333333411,0.635085296108656,0.733333333333411,
0.635085296108656,0.733333333333411,0.635085296108656,0.733333333333411,
0.635085296108656,0.733333333333411,0.635085296108656,0.733333333333411,
0.635085296108656,0.733333333333411,0.635085296108656,0.733333333333411,
0.635085296108656,0.733333333333411,0.635085296108656,0.733333333333411,
0.635085296108656,0.733333333333411,0.635085296108656,0.733333333333411,
0.635085296108656,0.733333333333411,0.635085296108656,0.733333333333411,
0.635085296108656,0.733333333333411,0.635085296108656,0.733333333333411,
0.635085296108656,0.733333333333411,0.635085296108656,0.733333333333411,
0.635085296108656,0.733333333333411,0.635085296108656,0.733333333333411,
0.635085296108656,0.733333333333411,0.635085296108656,0.733333333333411,
0.635085296108656,0.733333333333411,0.635085296108656,0.733333333333411,
0.635085296108656,0.733333333333411,0.635085296108656,0.733333333333411,
0.635085296108656,0.733333333333411,0.635085296108656,0.733333333333411,
0.635085296108656,0.733333333333411,0.635085296108656,0.733333333333411,
0.699448240683029,0.688936632864681),(0.968564526883835,0.981813528719118,
1.,0.866025403784439,1.,0.866025403784439,1.,0.866025403784439,1.,0.866025403784439,
1.,0.866025403784439,1.,0.866025403784439,1.,0.866025403784439,1.,0.866025403784439,
1.,0.866025403784439,1.,0.866025403784439,1.,0.866025403784439,1.,0.866025403784439,
1.,0.866025403784439,1.,0.866025403784439,1.,0.866025403784439,1.,0.866025403784439,
1.,0.866025403784439,1.,0.866025403784439,1.,0.866025403784439,1.,0.866025403784439,
1.,0.866025403784439,1.,0.866025403784439,1.,0.866025403784439,1.,0.866025403784439,
1.,0.866025403784439,1.,0.866025403784439,1.,0.866025403784439,1.,0.866025403784439,
1.,0.866025403784439,1.,0.866025403784439,1.,0.866025403784439,1.,0.866025403784439,
1.,0.866025403784439,1.,0.866025403784439,1.,0.866025403784439,1.,0.866025403784439,
1.,0.866025403784439,1.,0.866025403784439,1.,0.866025403784439,1.,0.866025403784439,
1.,0.866025403784439,1.,0.866025403784439,1.,0.866025403784439,1.,0.866025403784439,
1.,0.866025403784439,1.,0.866025403784439,1.,0.866025403784439,1.,0.866025403784439,
1.,0.866025403784439,1.,0.866025403784439,1.,0.866025403784439,1.,0.866025403784439,
1.,0.866025403784439,1.,0.866025403784439,1.,0.866025403784439,1.,0.866025403784439,
1.,0.866025403784439,1.,0.866025403784439,1.,0.866025403784439,1.,0.866025403784439,
1.,0.866025403784439,1.,0.866025403784439,1.,0.866025403784439,1.,0.866025403784439,
1.,0.866025403784439,1.,0.866025403784439,1.,0.866025403784439,1.,0.866025403784439,
1.,0.866025403784439,1.,0.866025403784439,1.,0.866025403784439,1.,0.866025403784439,
1.,0.866025403784439,1.,0.866025403784439,1.,0.866025403784439,1.,0.866025403784439,
1.,0.866025403784439,1.,0.866025403784439,1.,0.866025403784439,1.,0.866025403784439,
1.,0.866025403784439,1.,0.866025403784439,1.,0.866025403784439,1.,0.866025403784439,
1.,0.866025403784439,1.,0.866025403784439,1.,0.866025403784439,1.,0.953793055476757,
0.939459044815375)))
REPRESENTATION_ITEM('')
SURFACE()
);
#30=(
BOUNDED_SURFACE()
B_SPLINE_SURFACE(1,2,((#6910,#6911,#6912,#6913,#6914,#6915,#6916,#6917,
#6918,#6919,#6920,#6921,#6922,#6923,#6924,#6925,#6926,#6927,#6928,#6929,
#6930,#6931,#6932,#6933,#6934,#6935,#6936,#6937,#6938,#6939,#6940,#6941,
#6942,#6943,#6944,#6945,#6946,#6947,#6948,#6949,#6950,#6951,#6952,#6953,
#6954,#6955,#6956,#6957,#6958,#6959,#6960,#6961,#6962,#6963,#6964,#6965,
#6966,#6967,#6968,#6969,#6970,#6971,#6972,#6973,#6974,#6975,#6976,#6977,
#6978,#6979,#6980,#6981,#6982,#6983,#6984,#6985,#6986,#6987,#6988,#6989,
#6990,#6991,#6992,#6993,#6994,#6995,#6996,#6997,#6998,#6999,#7000,#7001,
#7002,#7003,#7004,#7005,#7006,#7007,#7008,#7009,#7010,#7011,#7012,#7013,
#7014,#7015,#7016,#7017,#7018,#7019,#7020,#7021,#7022,#7023,#7024,#7025,
#7026,#7027,#7028,#7029,#7030,#7031,#7032,#7033,#7034,#7035,#7036,#7037,
#7038,#7039,#7040,#7041,#7042,#7043,#7044,#7045,#7046,#7047,#7048,#7049,
#7050,#7051,#7052,#7053,#7054,#7055,#7056,#7057,#7058,#7059,#7060,#7061,
#7062,#7063,#7064,#7065,#7066,#7067,#7068,#7069,#7070,#7071,#7072,#7073,
#7074,#7075,#7076,#7077,#7078,#7079,#7080,#7081,#7082,#7083,#7084,#7085,
#7086,#7087,#7088,#7089,#7090),(#7091,#7092,#7093,#7094,#7095,#7096,#7097,
#7098,#7099,#7100,#7101,#7102,#7103,#7104,#7105,#7106,#7107,#7108,#7109,
#7110,#7111,#7112,#7113,#7114,#7115,#7116,#7117,#7118,#7119,#7120,#7121,
#7122,#7123,#7124,#7125,#7126,#7127,#7128,#7129,#7130,#7131,#7132,#7133,
#7134,#7135,#7136,#7137,#7138,#7139,#7140,#7141,#7142,#7143,#7144,#7145,
#7146,#7147,#7148,#7149,#7150,#7151,#7152,#7153,#7154,#7155,#7156,#7157,
#7158,#7159,#7160,#7161,#7162,#7163,#7164,#7165,#7166,#7167,#7168,#7169,
#7170,#7171,#7172,#7173,#7174,#7175,#7176,#7177,#7178,#7179,#7180,#7181,
#7182,#7183,#7184,#7185,#7186,#7187,#7188,#7189,#7190,#7191,#7192,#7193,
#7194,#7195,#7196,#7197,#7198,#7199,#7200,#7201,#7202,#7203,#7204,#7205,
#7206,#7207,#7208,#7209,#7210,#7211,#7212,#7213,#7214,#7215,#7216,#7217,
#7218,#7219,#7220,#7221,#7222,#7223,#7224,#7225,#7226,#7227,#7228,#7229,
#7230,#7231,#7232,#7233,#7234,#7235,#7236,#7237,#7238,#7239,#7240,#7241,
#7242,#7243,#7244,#7245,#7246,#7247,#7248,#7249,#7250,#7251,#7252,#7253,
#7254,#7255,#7256,#7257,#7258,#7259,#7260,#7261,#7262,#7263,#7264,#7265,
#7266,#7267,#7268,#7269,#7270,#7271)),.UNSPECIFIED.,.F.,.F.,.F.)
B_SPLINE_SURFACE_WITH_KNOTS((2,2),(3,2,2,2,2,2,2,2,2,2,2,2,2,2,2,2,2,2,
2,2,2,2,2,2,2,2,2,2,2,2,2,2,2,2,2,2,2,2,2,2,2,2,2,2,2,2,2,2,2,2,2,2,2,2,
2,2,2,2,2,2,2,2,2,2,2,2,2,2,2,2,2,2,2,2,2,2,2,2,2,2,2,2,2,2,2,2,2,2,2,2,
3),(0.,1.),(0.0889951671703474,0.0925925925925926,0.101851851851852,0.111111111111111,
0.12037037037037,0.12962962962963,0.138888888888889,0.148148148148148,0.157407407407407,
0.166666666666667,0.175925925925926,0.185185185185185,0.194444444444445,
0.203703703703703,0.212962962962963,0.222222222222222,0.231481481481481,
0.240740740740741,0.25,0.25925925925926,0.268518518518518,0.277777777777778,
0.287037037037037,0.296296296296297,0.305555555555555,0.314814814814815,
0.324074074074074,0.333333333333334,0.342592592592592,0.351851851851852,
0.361111111111111,0.370370370370371,0.37962962962963,0.388888888888889,
0.398148148148148,0.407407407407407,0.416666666666667,0.425925925925926,
0.435185185185185,0.444444444444444,0.453703703703704,0.462962962962963,
0.472222222222222,0.481481481481482,0.490740740740741,0.5,0.509259259259259,
0.518518518518519,0.527777777777778,0.537037037037037,0.546296296296296,
0.555555555555556,0.564814814814815,0.574074074074074,0.583333333333333,
0.592592592592593,0.601851851851852,0.611111111111111,0.62037037037037,
0.62962962962963,0.638888888888889,0.648148148148148,0.657407407407407,
0.666666666666667,0.675925925925926,0.685185185185185,0.694444444444444,
0.703703703703704,0.712962962962963,0.722222222222222,0.731481481481482,
0.740740740740741,0.75,0.759259259259259,0.768518518518519,0.777777777777778,
0.787037037037037,0.796296296296296,0.805555555555556,0.814814814814815,
0.824074074074074,0.833333333333333,0.842592592592593,0.851851851851852,
0.861111111111111,0.87037037037037,0.87962962962963,0.888888888888889,0.898148148148148,
0.907407407407407,0.909515492044562),.PIECEWISE_BEZIER_KNOTS.)
GEOMETRIC_REPRESENTATION_ITEM()
RATIONAL_B_SPLINE_SURFACE(((0.936342602060527,0.947947929217024,1.,0.866025403784439,
1.,0.866025403784439,1.,0.866025403784439,1.,0.866025403784439,1.,0.866025403784439,
1.,0.866025403784439,1.,0.866025403784439,1.,0.866025403784439,1.,0.866025403784439,
1.,0.866025403784439,1.,0.866025403784439,1.,0.866025403784439,1.,0.866025403784439,
1.,0.866025403784439,1.,0.866025403784439,1.,0.866025403784439,1.,0.866025403784439,
1.,0.866025403784439,1.,0.866025403784439,1.,0.866025403784439,1.,0.866025403784439,
1.,0.866025403784439,1.,0.866025403784439,1.,0.866025403784439,1.,0.866025403784439,
1.,0.866025403784439,1.,0.866025403784439,1.,0.866025403784439,1.,0.866025403784439,
1.,0.866025403784439,1.,0.866025403784439,1.,0.866025403784439,1.,0.866025403784439,
1.,0.866025403784439,1.,0.866025403784439,1.,0.866025403784439,1.,0.866025403784439,
1.,0.866025403784439,1.,0.866025403784439,1.,0.866025403784439,1.,0.866025403784439,
1.,0.866025403784439,1.,0.866025403784439,1.,0.866025403784439,1.,0.866025403784439,
1.,0.866025403784439,1.,0.866025403784439,1.,0.866025403784439,1.,0.866025403784439,
1.,0.866025403784439,1.,0.866025403784439,1.,0.866025403784439,1.,0.866025403784439,
1.,0.866025403784439,1.,0.866025403784439,1.,0.866025403784439,1.,0.866025403784439,
1.,0.866025403784439,1.,0.866025403784439,1.,0.866025403784439,1.,0.866025403784439,
1.,0.866025403784439,1.,0.866025403784439,1.,0.866025403784439,1.,0.866025403784439,
1.,0.866025403784439,1.,0.866025403784439,1.,0.866025403784439,1.,0.866025403784439,
1.,0.866025403784439,1.,0.866025403784439,1.,0.866025403784439,1.,0.866025403784439,
1.,0.866025403784439,1.,0.866025403784439,1.,0.866025403784439,1.,0.866025403784439,
1.,0.866025403784439,1.,0.866025403784439,1.,0.866025403784439,1.,0.866025403784439,
1.,0.866025403784439,1.,0.866025403784439,1.,0.866025403784439,1.,0.866025403784439,
1.,0.866025403784439,1.,0.866025403784439,1.,0.866025403784439,1.,0.969497582890494,
0.952884327992387),(0.936342602060527,0.947947929217024,1.,0.866025403784439,
1.,0.866025403784439,1.,0.866025403784439,1.,0.866025403784439,1.,0.866025403784439,
1.,0.866025403784439,1.,0.866025403784439,1.,0.866025403784439,1.,0.866025403784439,
1.,0.866025403784439,1.,0.866025403784439,1.,0.866025403784439,1.,0.866025403784439,
1.,0.866025403784439,1.,0.866025403784439,1.,0.866025403784439,1.,0.866025403784439,
1.,0.866025403784439,1.,0.866025403784439,1.,0.866025403784439,1.,0.866025403784439,
1.,0.866025403784439,1.,0.866025403784439,1.,0.866025403784439,1.,0.866025403784439,
1.,0.866025403784439,1.,0.866025403784439,1.,0.866025403784439,1.,0.866025403784439,
1.,0.866025403784439,1.,0.866025403784439,1.,0.866025403784439,1.,0.866025403784439,
1.,0.866025403784439,1.,0.866025403784439,1.,0.866025403784439,1.,0.866025403784439,
1.,0.866025403784439,1.,0.866025403784439,1.,0.866025403784439,1.,0.866025403784439,
1.,0.866025403784439,1.,0.866025403784439,1.,0.866025403784439,1.,0.866025403784439,
1.,0.866025403784439,1.,0.866025403784439,1.,0.866025403784439,1.,0.866025403784439,
1.,0.866025403784439,1.,0.866025403784439,1.,0.866025403784439,1.,0.866025403784439,
1.,0.866025403784439,1.,0.866025403784439,1.,0.866025403784439,1.,0.866025403784439,
1.,0.866025403784439,1.,0.866025403784439,1.,0.866025403784439,1.,0.866025403784439,
1.,0.866025403784439,1.,0.866025403784439,1.,0.866025403784439,1.,0.866025403784439,
1.,0.866025403784439,1.,0.866025403784439,1.,0.866025403784439,1.,0.866025403784439,
1.,0.866025403784439,1.,0.866025403784439,1.,0.866025403784439,1.,0.866025403784439,
1.,0.866025403784439,1.,0.866025403784439,1.,0.866025403784439,1.,0.866025403784439,
1.,0.866025403784439,1.,0.866025403784439,1.,0.866025403784439,1.,0.866025403784439,
1.,0.866025403784439,1.,0.866025403784439,1.,0.866025403784439,1.,0.866025403784439,
1.,0.866025403784439,1.,0.866025403784439,1.,0.866025403784439,1.,0.969497582890494,
0.952884327992387)))
REPRESENTATION_ITEM('')
SURFACE()
);
#31=(
BOUNDED_SURFACE()
B_SPLINE_SURFACE(1,2,((#7706,#7707,#7708,#7709,#7710,#7711,#7712,#7713,
#7714,#7715,#7716,#7717,#7718,#7719,#7720,#7721,#7722,#7723,#7724,#7725,
#7726,#7727,#7728,#7729,#7730,#7731,#7732,#7733,#7734,#7735,#7736,#7737,
#7738,#7739,#7740,#7741,#7742,#7743,#7744,#7745,#7746,#7747,#7748,#7749,
#7750,#7751,#7752,#7753,#7754,#7755,#7756,#7757,#7758,#7759,#7760,#7761,
#7762,#7763,#7764,#7765,#7766,#7767,#7768,#7769,#7770,#7771,#7772,#7773,
#7774,#7775,#7776,#7777,#7778,#7779,#7780,#7781,#7782,#7783,#7784,#7785,
#7786,#7787,#7788,#7789,#7790,#7791,#7792,#7793,#7794,#7795,#7796,#7797,
#7798,#7799,#7800,#7801,#7802,#7803,#7804,#7805,#7806,#7807,#7808,#7809,
#7810,#7811,#7812,#7813,#7814,#7815,#7816,#7817,#7818,#7819,#7820,#7821,
#7822,#7823,#7824,#7825,#7826,#7827,#7828,#7829,#7830,#7831,#7832,#7833,
#7834,#7835,#7836,#7837,#7838,#7839,#7840,#7841,#7842,#7843,#7844,#7845,
#7846,#7847,#7848,#7849,#7850,#7851,#7852,#7853,#7854,#7855,#7856,#7857,
#7858,#7859,#7860,#7861,#7862,#7863,#7864,#7865,#7866,#7867,#7868,#7869,
#7870,#7871,#7872,#7873,#7874,#7875,#7876,#7877,#7878,#7879,#7880,#7881,
#7882,#7883,#7884,#7885,#7886),(#7887,#7888,#7889,#7890,#7891,#7892,#7893,
#7894,#7895,#7896,#7897,#7898,#7899,#7900,#7901,#7902,#7903,#7904,#7905,
#7906,#7907,#7908,#7909,#7910,#7911,#7912,#7913,#7914,#7915,#7916,#7917,
#7918,#7919,#7920,#7921,#7922,#7923,#7924,#7925,#7926,#7927,#7928,#7929,
#7930,#7931,#7932,#7933,#7934,#7935,#7936,#7937,#7938,#7939,#7940,#7941,
#7942,#7943,#7944,#7945,#7946,#7947,#7948,#7949,#7950,#7951,#7952,#7953,
#7954,#7955,#7956,#7957,#7958,#7959,#7960,#7961,#7962,#7963,#7964,#7965,
#7966,#7967,#7968,#7969,#7970,#7971,#7972,#7973,#7974,#7975,#7976,#7977,
#7978,#7979,#7980,#7981,#7982,#7983,#7984,#7985,#7986,#7987,#7988,#7989,
#7990,#7991,#7992,#7993,#7994,#7995,#7996,#7997,#7998,#7999,#8000,#8001,
#8002,#8003,#8004,#8005,#8006,#8007,#8008,#8009,#8010,#8011,#8012,#8013,
#8014,#8015,#8016,#8017,#8018,#8019,#8020,#8021,#8022,#8023,#8024,#8025,
#8026,#8027,#8028,#8029,#8030,#8031,#8032,#8033,#8034,#8035,#8036,#8037,
#8038,#8039,#8040,#8041,#8042,#8043,#8044,#8045,#8046,#8047,#8048,#8049,
#8050,#8051,#8052,#8053,#8054,#8055,#8056,#8057,#8058,#8059,#8060,#8061,
#8062,#8063,#8064,#8065,#8066,#8067)),.UNSPECIFIED.,.F.,.F.,.F.)
B_SPLINE_SURFACE_WITH_KNOTS((2,2),(3,2,2,2,2,2,2,2,2,2,2,2,2,2,2,2,2,2,
2,2,2,2,2,2,2,2,2,2,2,2,2,2,2,2,2,2,2,2,2,2,2,2,2,2,2,2,2,2,2,2,2,2,2,2,
2,2,2,2,2,2,2,2,2,2,2,2,2,2,2,2,2,2,2,2,2,2,2,2,2,2,2,2,2,2,2,2,2,2,2,2,
3),(0.,1.),(0.0645778271112273,0.0648148148148148,0.0740740740740741,0.0833333333333333,
0.0925925925925926,0.101851851851852,0.111111111111111,0.12037037037037,
0.12962962962963,0.138888888888889,0.148148148148148,0.157407407407407,
0.166666666666667,0.175925925925926,0.185185185185185,0.194444444444445,
0.203703703703703,0.212962962962963,0.222222222222222,0.231481481481481,
0.240740740740741,0.25,0.25925925925926,0.268518518518518,0.277777777777778,
0.287037037037037,0.296296296296297,0.305555555555555,0.314814814814815,
0.324074074074074,0.333333333333334,0.342592592592592,0.351851851851852,
0.361111111111111,0.370370370370371,0.37962962962963,0.388888888888889,
0.398148148148148,0.407407407407407,0.416666666666667,0.425925925925926,
0.435185185185185,0.444444444444444,0.453703703703704,0.462962962962963,
0.472222222222222,0.481481481481482,0.490740740740741,0.5,0.509259259259259,
0.518518518518519,0.527777777777778,0.537037037037037,0.546296296296296,
0.555555555555556,0.564814814814815,0.574074074074074,0.583333333333333,
0.592592592592593,0.601851851851852,0.611111111111111,0.62037037037037,
0.62962962962963,0.638888888888889,0.648148148148148,0.657407407407407,
0.666666666666667,0.675925925925926,0.685185185185185,0.694444444444444,
0.703703703703704,0.712962962962963,0.722222222222222,0.731481481481482,
0.740740740740741,0.75,0.759259259259259,0.768518518518519,0.777777777777778,
0.787037037037037,0.796296296296296,0.805555555555556,0.814814814814815,
0.824074074074074,0.833333333333333,0.842592592592593,0.851851851851852,
0.861111111111111,0.87037037037037,0.87962962962963,0.885413950647189),
 .PIECEWISE_BEZIER_KNOTS.)
GEOMETRIC_REPRESENTATION_ITEM()
RATIONAL_B_SPLINE_SURFACE(((0.993317458405785,0.996570964155212,1.,0.866025403784439,
1.,0.866025403784439,1.,0.866025403784439,1.,0.866025403784439,1.,0.866025403784439,
1.,0.866025403784439,1.,0.866025403784439,1.,0.866025403784439,1.,0.866025403784439,
1.,0.866025403784439,1.,0.866025403784439,1.,0.866025403784439,1.,0.866025403784439,
1.,0.866025403784439,1.,0.866025403784439,1.,0.866025403784439,1.,0.866025403784439,
1.,0.866025403784439,1.,0.866025403784439,1.,0.866025403784439,1.,0.866025403784439,
1.,0.866025403784439,1.,0.866025403784439,1.,0.866025403784439,1.,0.866025403784439,
1.,0.866025403784439,1.,0.866025403784439,1.,0.866025403784439,1.,0.866025403784439,
1.,0.866025403784439,1.,0.866025403784439,1.,0.866025403784439,1.,0.866025403784439,
1.,0.866025403784439,1.,0.866025403784439,1.,0.866025403784439,1.,0.866025403784439,
1.,0.866025403784439,1.,0.866025403784439,1.,0.866025403784439,1.,0.866025403784439,
1.,0.866025403784439,1.,0.866025403784439,1.,0.866025403784439,1.,0.866025403784439,
1.,0.866025403784439,1.,0.866025403784439,1.,0.866025403784439,1.,0.866025403784439,
1.,0.866025403784439,1.,0.866025403784439,1.,0.866025403784439,1.,0.866025403784439,
1.,0.866025403784439,1.,0.866025403784439,1.,0.866025403784439,1.,0.866025403784439,
1.,0.866025403784439,1.,0.866025403784439,1.,0.866025403784439,1.,0.866025403784439,
1.,0.866025403784439,1.,0.866025403784439,1.,0.866025403784439,1.,0.866025403784439,
1.,0.866025403784439,1.,0.866025403784439,1.,0.866025403784439,1.,0.866025403784439,
1.,0.866025403784439,1.,0.866025403784439,1.,0.866025403784439,1.,0.866025403784439,
1.,0.866025403784439,1.,0.866025403784439,1.,0.866025403784439,1.,0.866025403784439,
1.,0.866025403784439,1.,0.866025403784439,1.,0.866025403784439,1.,0.866025403784439,
1.,0.866025403784439,1.,0.866025403784439,1.,0.866025403784439,1.,0.866025403784439,
1.,0.866025403784439,1.,0.866025403784439,1.,0.866025403784439,1.,0.916305176147457,
0.937179781687896),(0.993317458405785,0.996570964155212,1.,0.866025403784439,
1.,0.866025403784439,1.,0.866025403784439,1.,0.866025403784439,1.,0.866025403784439,
1.,0.866025403784439,1.,0.866025403784439,1.,0.866025403784439,1.,0.866025403784439,
1.,0.866025403784439,1.,0.866025403784439,1.,0.866025403784439,1.,0.866025403784439,
1.,0.866025403784439,1.,0.866025403784439,1.,0.866025403784439,1.,0.866025403784439,
1.,0.866025403784439,1.,0.866025403784439,1.,0.866025403784439,1.,0.866025403784439,
1.,0.866025403784439,1.,0.866025403784439,1.,0.866025403784439,1.,0.866025403784439,
1.,0.866025403784439,1.,0.866025403784439,1.,0.866025403784439,1.,0.866025403784439,
1.,0.866025403784439,1.,0.866025403784439,1.,0.866025403784439,1.,0.866025403784439,
1.,0.866025403784439,1.,0.866025403784439,1.,0.866025403784439,1.,0.866025403784439,
1.,0.866025403784439,1.,0.866025403784439,1.,0.866025403784439,1.,0.866025403784439,
1.,0.866025403784439,1.,0.866025403784439,1.,0.866025403784439,1.,0.866025403784439,
1.,0.866025403784439,1.,0.866025403784439,1.,0.866025403784439,1.,0.866025403784439,
1.,0.866025403784439,1.,0.866025403784439,1.,0.866025403784439,1.,0.866025403784439,
1.,0.866025403784439,1.,0.866025403784439,1.,0.866025403784439,1.,0.866025403784439,
1.,0.866025403784439,1.,0.866025403784439,1.,0.866025403784439,1.,0.866025403784439,
1.,0.866025403784439,1.,0.866025403784439,1.,0.866025403784439,1.,0.866025403784439,
1.,0.866025403784439,1.,0.866025403784439,1.,0.866025403784439,1.,0.866025403784439,
1.,0.866025403784439,1.,0.866025403784439,1.,0.866025403784439,1.,0.866025403784439,
1.,0.866025403784439,1.,0.866025403784439,1.,0.866025403784439,1.,0.866025403784439,
1.,0.866025403784439,1.,0.866025403784439,1.,0.866025403784439,1.,0.866025403784439,
1.,0.866025403784439,1.,0.866025403784439,1.,0.866025403784439,1.,0.866025403784439,
1.,0.866025403784439,1.,0.866025403784439,1.,0.866025403784439,1.,0.916305176147457,
0.937179781687896)))
REPRESENTATION_ITEM('')
SURFACE()
);
#32=(
BOUNDED_SURFACE()
B_SPLINE_SURFACE(3,2,((#8502,#8503,#8504,#8505,#8506,#8507,#8508,#8509,
#8510,#8511,#8512,#8513,#8514,#8515,#8516,#8517,#8518,#8519,#8520,#8521,
#8522,#8523,#8524,#8525,#8526,#8527,#8528,#8529,#8530,#8531,#8532,#8533,
#8534,#8535,#8536,#8537,#8538,#8539,#8540,#8541,#8542,#8543,#8544,#8545,
#8546,#8547,#8548,#8549,#8550,#8551,#8552,#8553,#8554,#8555,#8556,#8557,
#8558,#8559,#8560,#8561,#8562,#8563,#8564,#8565,#8566,#8567,#8568,#8569,
#8570,#8571,#8572,#8573,#8574,#8575,#8576,#8577,#8578,#8579,#8580,#8581,
#8582,#8583,#8584,#8585,#8586,#8587,#8588,#8589,#8590,#8591,#8592,#8593,
#8594,#8595,#8596,#8597,#8598,#8599,#8600,#8601,#8602,#8603,#8604,#8605,
#8606,#8607,#8608,#8609,#8610,#8611,#8612,#8613,#8614,#8615,#8616,#8617,
#8618,#8619,#8620,#8621,#8622,#8623,#8624,#8625,#8626,#8627,#8628,#8629,
#8630,#8631,#8632,#8633,#8634,#8635,#8636,#8637,#8638,#8639,#8640,#8641,
#8642,#8643,#8644,#8645,#8646,#8647,#8648,#8649,#8650,#8651,#8652,#8653,
#8654,#8655,#8656,#8657,#8658,#8659,#8660,#8661,#8662,#8663,#8664,#8665,
#8666,#8667,#8668,#8669,#8670,#8671,#8672,#8673,#8674,#8675,#8676,#8677,
#8678,#8679,#8680),(#8681,#8682,#8683,#8684,#8685,#8686,#8687,#8688,#8689,
#8690,#8691,#8692,#8693,#8694,#8695,#8696,#8697,#8698,#8699,#8700,#8701,
#8702,#8703,#8704,#8705,#8706,#8707,#8708,#8709,#8710,#8711,#8712,#8713,
#8714,#8715,#8716,#8717,#8718,#8719,#8720,#8721,#8722,#8723,#8724,#8725,
#8726,#8727,#8728,#8729,#8730,#8731,#8732,#8733,#8734,#8735,#8736,#8737,
#8738,#8739,#8740,#8741,#8742,#8743,#8744,#8745,#8746,#8747,#8748,#8749,
#8750,#8751,#8752,#8753,#8754,#8755,#8756,#8757,#8758,#8759,#8760,#8761,
#8762,#8763,#8764,#8765,#8766,#8767,#8768,#8769,#8770,#8771,#8772,#8773,
#8774,#8775,#8776,#8777,#8778,#8779,#8780,#8781,#8782,#8783,#8784,#8785,
#8786,#8787,#8788,#8789,#8790,#8791,#8792,#8793,#8794,#8795,#8796,#8797,
#8798,#8799,#8800,#8801,#8802,#8803,#8804,#8805,#8806,#8807,#8808,#8809,
#8810,#8811,#8812,#8813,#8814,#8815,#8816,#8817,#8818,#8819,#8820,#8821,
#8822,#8823,#8824,#8825,#8826,#8827,#8828,#8829,#8830,#8831,#8832,#8833,
#8834,#8835,#8836,#8837,#8838,#8839,#8840,#8841,#8842,#8843,#8844,#8845,
#8846,#8847,#8848,#8849,#8850,#8851,#8852,#8853,#8854,#8855,#8856,#8857,
#8858,#8859),(#8860,#8861,#8862,#8863,#8864,#8865,#8866,#8867,#8868,#8869,
#8870,#8871,#8872,#8873,#8874,#8875,#8876,#8877,#8878,#8879,#8880,#8881,
#8882,#8883,#8884,#8885,#8886,#8887,#8888,#8889,#8890,#8891,#8892,#8893,
#8894,#8895,#8896,#8897,#8898,#8899,#8900,#8901,#8902,#8903,#8904,#8905,
#8906,#8907,#8908,#8909,#8910,#8911,#8912,#8913,#8914,#8915,#8916,#8917,
#8918,#8919,#8920,#8921,#8922,#8923,#8924,#8925,#8926,#8927,#8928,#8929,
#8930,#8931,#8932,#8933,#8934,#8935,#8936,#8937,#8938,#8939,#8940,#8941,
#8942,#8943,#8944,#8945,#8946,#8947,#8948,#8949,#8950,#8951,#8952,#8953,
#8954,#8955,#8956,#8957,#8958,#8959,#8960,#8961,#8962,#8963,#8964,#8965,
#8966,#8967,#8968,#8969,#8970,#8971,#8972,#8973,#8974,#8975,#8976,#8977,
#8978,#8979,#8980,#8981,#8982,#8983,#8984,#8985,#8986,#8987,#8988,#8989,
#8990,#8991,#8992,#8993,#8994,#8995,#8996,#8997,#8998,#8999,#9000,#9001,
#9002,#9003,#9004,#9005,#9006,#9007,#9008,#9009,#9010,#9011,#9012,#9013,
#9014,#9015,#9016,#9017,#9018,#9019,#9020,#9021,#9022,#9023,#9024,#9025,
#9026,#9027,#9028,#9029,#9030,#9031,#9032,#9033,#9034,#9035,#9036,#9037,
#9038),(#9039,#9040,#9041,#9042,#9043,#9044,#9045,#9046,#9047,#9048,#9049,
#9050,#9051,#9052,#9053,#9054,#9055,#9056,#9057,#9058,#9059,#9060,#9061,
#9062,#9063,#9064,#9065,#9066,#9067,#9068,#9069,#9070,#9071,#9072,#9073,
#9074,#9075,#9076,#9077,#9078,#9079,#9080,#9081,#9082,#9083,#9084,#9085,
#9086,#9087,#9088,#9089,#9090,#9091,#9092,#9093,#9094,#9095,#9096,#9097,
#9098,#9099,#9100,#9101,#9102,#9103,#9104,#9105,#9106,#9107,#9108,#9109,
#9110,#9111,#9112,#9113,#9114,#9115,#9116,#9117,#9118,#9119,#9120,#9121,
#9122,#9123,#9124,#9125,#9126,#9127,#9128,#9129,#9130,#9131,#9132,#9133,
#9134,#9135,#9136,#9137,#9138,#9139,#9140,#9141,#9142,#9143,#9144,#9145,
#9146,#9147,#9148,#9149,#9150,#9151,#9152,#9153,#9154,#9155,#9156,#9157,
#9158,#9159,#9160,#9161,#9162,#9163,#9164,#9165,#9166,#9167,#9168,#9169,
#9170,#9171,#9172,#9173,#9174,#9175,#9176,#9177,#9178,#9179,#9180,#9181,
#9182,#9183,#9184,#9185,#9186,#9187,#9188,#9189,#9190,#9191,#9192,#9193,
#9194,#9195,#9196,#9197,#9198,#9199,#9200,#9201,#9202,#9203,#9204,#9205,
#9206,#9207,#9208,#9209,#9210,#9211,#9212,#9213,#9214,#9215,#9216,#9217)),
 .UNSPECIFIED.,.F.,.F.,.F.)
B_SPLINE_SURFACE_WITH_KNOTS((4,4),(3,2,2,2,2,2,2,2,2,2,2,2,2,2,2,2,2,2,
2,2,2,2,2,2,2,2,2,2,2,2,2,2,2,2,2,2,2,2,2,2,2,2,2,2,2,2,2,2,2,2,2,2,2,2,
2,2,2,2,2,2,2,2,2,2,2,2,2,2,2,2,2,2,2,2,2,2,2,2,2,2,2,2,2,2,2,2,2,2,2,3),
(0.,1.),(0.0820764289846177,0.0833333333333333,0.0925925925925926,0.101851851851852,
0.111111111111111,0.12037037037037,0.12962962962963,0.138888888888889,0.148148148148148,
0.157407407407407,0.166666666666667,0.175925925925926,0.185185185185185,
0.194444444444445,0.203703703703703,0.212962962962963,0.222222222222222,
0.231481481481481,0.240740740740741,0.25,0.25925925925926,0.268518518518518,
0.277777777777778,0.287037037037037,0.296296296296297,0.305555555555555,
0.314814814814815,0.324074074074074,0.333333333333334,0.342592592592592,
0.351851851851852,0.361111111111111,0.370370370370371,0.37962962962963,
0.388888888888889,0.398148148148148,0.407407407407407,0.416666666666667,
0.425925925925926,0.435185185185185,0.444444444444444,0.453703703703704,
0.462962962962963,0.472222222222222,0.481481481481482,0.490740740740741,
0.5,0.509259259259259,0.518518518518519,0.527777777777778,0.537037037037037,
0.546296296296296,0.555555555555556,0.564814814814815,0.574074074074074,
0.583333333333333,0.592592592592593,0.601851851851852,0.611111111111111,
0.62037037037037,0.62962962962963,0.638888888888889,0.648148148148148,0.657407407407407,
0.666666666666667,0.675925925925926,0.685185185185185,0.694444444444444,
0.703703703703704,0.712962962962963,0.722222222222222,0.731481481481482,
0.740740740740741,0.75,0.759259259259259,0.768518518518519,0.777777777777778,
0.787037037037037,0.796296296296296,0.805555555555556,0.814814814814815,
0.824074074074074,0.833333333333333,0.842592592592593,0.851851851851852,
0.861111111111111,0.87037037037037,0.87962962962963,0.888888888888889,0.892082345641172),
 .PIECEWISE_BEZIER_KNOTS.)
GEOMETRIC_REPRESENTATION_ITEM()
RATIONAL_B_SPLINE_SURFACE(((0.968564526883834,0.981813528719118,1.,0.866025403784439,
1.,0.866025403784439,1.,0.866025403784439,1.,0.866025403784439,1.,0.866025403784439,
1.,0.866025403784439,1.,0.866025403784439,1.,0.866025403784439,1.,0.866025403784439,
1.,0.866025403784439,1.,0.866025403784439,1.,0.866025403784439,1.,0.866025403784439,
1.,0.866025403784439,1.,0.866025403784439,1.,0.866025403784439,1.,0.866025403784439,
1.,0.866025403784439,1.,0.866025403784439,1.,0.866025403784439,1.,0.866025403784439,
1.,0.866025403784439,1.,0.866025403784439,1.,0.866025403784439,1.,0.866025403784439,
1.,0.866025403784439,1.,0.866025403784439,1.,0.866025403784439,1.,0.866025403784439,
1.,0.866025403784439,1.,0.866025403784439,1.,0.866025403784439,1.,0.866025403784439,
1.,0.866025403784439,1.,0.866025403784439,1.,0.866025403784439,1.,0.866025403784439,
1.,0.866025403784439,1.,0.866025403784439,1.,0.866025403784439,1.,0.866025403784439,
1.,0.866025403784439,1.,0.866025403784439,1.,0.866025403784439,1.,0.866025403784439,
1.,0.866025403784439,1.,0.866025403784439,1.,0.866025403784439,1.,0.866025403784439,
1.,0.866025403784439,1.,0.866025403784439,1.,0.866025403784439,1.,0.866025403784439,
1.,0.866025403784439,1.,0.866025403784439,1.,0.866025403784439,1.,0.866025403784439,
1.,0.866025403784439,1.,0.866025403784439,1.,0.866025403784439,1.,0.866025403784439,
1.,0.866025403784439,1.,0.866025403784439,1.,0.866025403784439,1.,0.866025403784439,
1.,0.866025403784439,1.,0.866025403784439,1.,0.866025403784439,1.,0.866025403784439,
1.,0.866025403784439,1.,0.866025403784439,1.,0.866025403784439,1.,0.866025403784439,
1.,0.866025403784439,1.,0.866025403784439,1.,0.866025403784439,1.,0.866025403784439,
1.,0.866025403784439,1.,0.866025403784439,1.,0.866025403784439,1.,0.866025403784439,
1.,0.866025403784439,1.,0.866025403784439,1.,0.866025403784439,1.,0.866025403784439,
1.,0.866025403784439,1.,0.866025403784439,1.,0.953793055476757,0.939459044815375),
(0.710280653048191,0.7199965877274,0.733333333333381,0.635085296108629,
0.733333333333381,0.635085296108629,0.733333333333381,0.635085296108629,
0.733333333333381,0.635085296108629,0.733333333333381,0.635085296108629,
0.733333333333381,0.635085296108629,0.733333333333381,0.635085296108629,
0.733333333333381,0.635085296108629,0.733333333333381,0.635085296108629,
0.733333333333381,0.635085296108629,0.733333333333381,0.635085296108629,
0.733333333333381,0.635085296108629,0.733333333333381,0.635085296108629,
0.733333333333381,0.635085296108629,0.733333333333381,0.635085296108629,
0.733333333333381,0.635085296108629,0.733333333333381,0.635085296108629,
0.733333333333381,0.635085296108629,0.733333333333381,0.635085296108629,
0.733333333333381,0.635085296108629,0.733333333333381,0.635085296108629,
0.733333333333381,0.635085296108629,0.733333333333381,0.635085296108629,
0.733333333333381,0.635085296108629,0.733333333333381,0.635085296108629,
0.733333333333381,0.635085296108629,0.733333333333381,0.635085296108629,
0.733333333333381,0.635085296108629,0.733333333333381,0.635085296108629,
0.733333333333381,0.635085296108629,0.733333333333381,0.635085296108629,
0.733333333333381,0.635085296108629,0.733333333333381,0.635085296108629,
0.733333333333381,0.635085296108629,0.733333333333381,0.635085296108629,
0.733333333333381,0.635085296108629,0.733333333333381,0.635085296108629,
0.733333333333381,0.635085296108629,0.733333333333381,0.635085296108629,
0.733333333333381,0.635085296108629,0.733333333333381,0.635085296108629,
0.733333333333381,0.635085296108629,0.733333333333381,0.635085296108629,
0.733333333333381,0.635085296108629,0.733333333333381,0.635085296108629,
0.733333333333381,0.635085296108629,0.733333333333381,0.635085296108629,
0.733333333333381,0.635085296108629,0.733333333333381,0.635085296108629,
0.733333333333381,0.635085296108629,0.733333333333381,0.635085296108629,
0.733333333333381,0.635085296108629,0.733333333333381,0.635085296108629,
0.733333333333381,0.635085296108629,0.733333333333381,0.635085296108629,
0.733333333333381,0.635085296108629,0.733333333333381,0.635085296108629,
0.733333333333381,0.635085296108629,0.733333333333381,0.635085296108629,
0.733333333333381,0.635085296108629,0.733333333333381,0.635085296108629,
0.733333333333381,0.635085296108629,0.733333333333381,0.635085296108629,
0.733333333333381,0.635085296108629,0.733333333333381,0.635085296108629,
0.733333333333381,0.635085296108629,0.733333333333381,0.635085296108629,
0.733333333333381,0.635085296108629,0.733333333333381,0.635085296108629,
0.733333333333381,0.635085296108629,0.733333333333381,0.635085296108629,
0.733333333333381,0.635085296108629,0.733333333333381,0.635085296108629,
0.733333333333381,0.635085296108629,0.733333333333381,0.635085296108629,
0.733333333333381,0.635085296108629,0.733333333333381,0.635085296108629,
0.733333333333381,0.635085296108629,0.733333333333381,0.635085296108629,
0.733333333333381,0.635085296108629,0.733333333333381,0.635085296108629,
0.733333333333381,0.635085296108629,0.733333333333381,0.635085296108629,
0.733333333333381,0.635085296108629,0.733333333333381,0.635085296108629,
0.733333333333381,0.635085296108629,0.733333333333381,0.635085296108629,
0.733333333333381,0.699448240683,0.688936632864653),(0.710280653048191,
0.7199965877274,0.733333333333381,0.635085296108629,0.733333333333381,0.635085296108629,
0.733333333333381,0.635085296108629,0.733333333333381,0.635085296108629,
0.733333333333381,0.635085296108629,0.733333333333381,0.635085296108629,
0.733333333333381,0.635085296108629,0.733333333333381,0.635085296108629,
0.733333333333381,0.635085296108629,0.733333333333381,0.635085296108629,
0.733333333333381,0.635085296108629,0.733333333333381,0.635085296108629,
0.733333333333381,0.635085296108629,0.733333333333381,0.635085296108629,
0.733333333333381,0.635085296108629,0.733333333333381,0.635085296108629,
0.733333333333381,0.635085296108629,0.733333333333381,0.635085296108629,
0.733333333333381,0.635085296108629,0.733333333333381,0.635085296108629,
0.733333333333381,0.635085296108629,0.733333333333381,0.635085296108629,
0.733333333333381,0.635085296108629,0.733333333333381,0.635085296108629,
0.733333333333381,0.635085296108629,0.733333333333381,0.635085296108629,
0.733333333333381,0.635085296108629,0.733333333333381,0.635085296108629,
0.733333333333381,0.635085296108629,0.733333333333381,0.635085296108629,
0.733333333333381,0.635085296108629,0.733333333333381,0.635085296108629,
0.733333333333381,0.635085296108629,0.733333333333381,0.635085296108629,
0.733333333333381,0.635085296108629,0.733333333333381,0.635085296108629,
0.733333333333381,0.635085296108629,0.733333333333381,0.635085296108629,
0.733333333333381,0.635085296108629,0.733333333333381,0.635085296108629,
0.733333333333381,0.635085296108629,0.733333333333381,0.635085296108629,
0.733333333333381,0.635085296108629,0.733333333333381,0.635085296108629,
0.733333333333381,0.635085296108629,0.733333333333381,0.635085296108629,
0.733333333333381,0.635085296108629,0.733333333333381,0.635085296108629,
0.733333333333381,0.635085296108629,0.733333333333381,0.635085296108629,
0.733333333333381,0.635085296108629,0.733333333333381,0.635085296108629,
0.733333333333381,0.635085296108629,0.733333333333381,0.635085296108629,
0.733333333333381,0.635085296108629,0.733333333333381,0.635085296108629,
0.733333333333381,0.635085296108629,0.733333333333381,0.635085296108629,
0.733333333333381,0.635085296108629,0.733333333333381,0.635085296108629,
0.733333333333381,0.635085296108629,0.733333333333381,0.635085296108629,
0.733333333333381,0.635085296108629,0.733333333333381,0.635085296108629,
0.733333333333381,0.635085296108629,0.733333333333381,0.635085296108629,
0.733333333333381,0.635085296108629,0.733333333333381,0.635085296108629,
0.733333333333381,0.635085296108629,0.733333333333381,0.635085296108629,
0.733333333333381,0.635085296108629,0.733333333333381,0.635085296108629,
0.733333333333381,0.635085296108629,0.733333333333381,0.635085296108629,
0.733333333333381,0.635085296108629,0.733333333333381,0.635085296108629,
0.733333333333381,0.635085296108629,0.733333333333381,0.635085296108629,
0.733333333333381,0.635085296108629,0.733333333333381,0.635085296108629,
0.733333333333381,0.635085296108629,0.733333333333381,0.635085296108629,
0.733333333333381,0.635085296108629,0.733333333333381,0.635085296108629,
0.733333333333381,0.635085296108629,0.733333333333381,0.635085296108629,
0.733333333333381,0.635085296108629,0.733333333333381,0.699448240683,0.688936632864653),
(0.968564526883834,0.981813528719118,1.,0.866025403784439,1.,0.866025403784439,
1.,0.866025403784439,1.,0.866025403784439,1.,0.866025403784439,1.,0.866025403784439,
1.,0.866025403784439,1.,0.866025403784439,1.,0.866025403784439,1.,0.866025403784439,
1.,0.866025403784439,1.,0.866025403784439,1.,0.866025403784439,1.,0.866025403784439,
1.,0.866025403784439,1.,0.866025403784439,1.,0.866025403784439,1.,0.866025403784439,
1.,0.866025403784439,1.,0.866025403784439,1.,0.866025403784439,1.,0.866025403784439,
1.,0.866025403784439,1.,0.866025403784439,1.,0.866025403784439,1.,0.866025403784439,
1.,0.866025403784439,1.,0.866025403784439,1.,0.866025403784439,1.,0.866025403784439,
1.,0.866025403784439,1.,0.866025403784439,1.,0.866025403784439,1.,0.866025403784439,
1.,0.866025403784439,1.,0.866025403784439,1.,0.866025403784439,1.,0.866025403784439,
1.,0.866025403784439,1.,0.866025403784439,1.,0.866025403784439,1.,0.866025403784439,
1.,0.866025403784439,1.,0.866025403784439,1.,0.866025403784439,1.,0.866025403784439,
1.,0.866025403784439,1.,0.866025403784439,1.,0.866025403784439,1.,0.866025403784439,
1.,0.866025403784439,1.,0.866025403784439,1.,0.866025403784439,1.,0.866025403784439,
1.,0.866025403784439,1.,0.866025403784439,1.,0.866025403784439,1.,0.866025403784439,
1.,0.866025403784439,1.,0.866025403784439,1.,0.866025403784439,1.,0.866025403784439,
1.,0.866025403784439,1.,0.866025403784439,1.,0.866025403784439,1.,0.866025403784439,
1.,0.866025403784439,1.,0.866025403784439,1.,0.866025403784439,1.,0.866025403784439,
1.,0.866025403784439,1.,0.866025403784439,1.,0.866025403784439,1.,0.866025403784439,
1.,0.866025403784439,1.,0.866025403784439,1.,0.866025403784439,1.,0.866025403784439,
1.,0.866025403784439,1.,0.866025403784439,1.,0.866025403784439,1.,0.866025403784439,
1.,0.866025403784439,1.,0.866025403784439,1.,0.866025403784439,1.,0.866025403784439,
1.,0.866025403784439,1.,0.953793055476757,0.939459044815375)))
REPRESENTATION_ITEM('')
SURFACE()
);
#33=CONICAL_SURFACE('',#1432,0.002,0.785398163397449);
#34=CONICAL_SURFACE('',#1453,0.002,0.785398163397449);
#35=CONICAL_SURFACE('',#1469,0.002,0.785398163397449);
#36=CYLINDRICAL_SURFACE('',#1414,0.002);
#37=CYLINDRICAL_SURFACE('',#1437,0.0369158142453275);
#38=CYLINDRICAL_SURFACE('',#1439,0.0369158142453275);
#39=CYLINDRICAL_SURFACE('',#1441,0.0451938698080538);
#40=CYLINDRICAL_SURFACE('',#1443,0.0451938698080538);
#41=CYLINDRICAL_SURFACE('',#1451,0.002);
#42=CYLINDRICAL_SURFACE('',#1458,0.0369158142453275);
#43=CYLINDRICAL_SURFACE('',#1460,0.0451938698080538);
#44=CYLINDRICAL_SURFACE('',#1467,0.002);
#45=CYLINDRICAL_SURFACE('',#1474,0.0175);
#46=CYLINDRICAL_SURFACE('',#1476,0.0175);
#47=CYLINDRICAL_SURFACE('',#1478,0.0175);
#48=CYLINDRICAL_SURFACE('',#1480,0.0175);
#49=CYLINDRICAL_SURFACE('',#1482,0.0175);
#50=CYLINDRICAL_SURFACE('',#1484,0.0175);
#51=CYLINDRICAL_SURFACE('',#1497,0.0125883821686437);
#52=CYLINDRICAL_SURFACE('',#1498,0.00165);
#53=CYLINDRICAL_SURFACE('',#1499,0.00165);
#54=CYLINDRICAL_SURFACE('',#1500,0.00165);
#55=LINE('',#1870,#177);
#56=LINE('',#1873,#178);
#57=LINE('',#1875,#179);
#58=LINE('',#1877,#180);
#59=LINE('',#1879,#181);
#60=LINE('',#1881,#182);
#61=LINE('',#1883,#183);
#62=LINE('',#1885,#184);
#63=LINE('',#1887,#185);
#64=LINE('',#1889,#186);
#65=LINE('',#1891,#187);
#66=LINE('',#1893,#188);
#67=LINE('',#1895,#189);
#68=LINE('',#1959,#190);
#69=LINE('',#1962,#191);
#70=LINE('',#1964,#192);
#71=LINE('',#1966,#193);
#72=LINE('',#1968,#194);
#73=LINE('',#1970,#195);
#74=LINE('',#2016,#196);
#75=LINE('',#2018,#197);
#76=LINE('',#2020,#198);
#77=LINE('',#2022,#199);
#78=LINE('',#2024,#200);
#79=LINE('',#2026,#201);
#80=LINE('',#2028,#202);
#81=LINE('',#2030,#203);
#82=LINE('',#2032,#204);
#83=LINE('',#2034,#205);
#84=LINE('',#2035,#206);
#85=LINE('',#2037,#207);
#86=LINE('',#2039,#208);
#87=LINE('',#2041,#209);
#88=LINE('',#2044,#210);
#89=LINE('',#2045,#211);
#90=LINE('',#2047,#212);
#91=LINE('',#2050,#213);
#92=LINE('',#2051,#214);
#93=LINE('',#2053,#215);
#94=LINE('',#2056,#216);
#95=LINE('',#2058,#217);
#96=LINE('',#2060,#218);
#97=LINE('',#2064,#219);
#98=LINE('',#2065,#220);
#99=LINE('',#2067,#221);
#100=LINE('',#2070,#222);
#101=LINE('',#2072,#223);
#102=LINE('',#2074,#224);
#103=LINE('',#2075,#225);
#104=LINE('',#2077,#226);
#105=LINE('',#2079,#227);
#106=LINE('',#2081,#228);
#107=LINE('',#2083,#229);
#108=LINE('',#2085,#230);
#109=LINE('',#2087,#231);
#110=LINE('',#2089,#232);
#111=LINE('',#2091,#233);
#112=LINE('',#2094,#234);
#113=LINE('',#2095,#235);
#114=LINE('',#2105,#236);
#115=LINE('',#2118,#237);
#116=LINE('',#2126,#238);
#117=LINE('',#2135,#239);
#118=LINE('',#2136,#240);
#119=LINE('',#2139,#241);
#120=LINE('',#2140,#242);
#121=LINE('',#2145,#243);
#122=LINE('',#2148,#244);
#123=LINE('',#2152,#245);
#124=LINE('',#2154,#246);
#125=LINE('',#2158,#247);
#126=LINE('',#2160,#248);
#127=LINE('',#2163,#249);
#128=LINE('',#2164,#250);
#129=LINE('',#2166,#251);
#130=LINE('',#2168,#252);
#131=LINE('',#2170,#253);
#132=LINE('',#2173,#254);
#133=LINE('',#2175,#255);
#134=LINE('',#2177,#256);
#135=LINE('',#2181,#257);
#136=LINE('',#2182,#258);
#137=LINE('',#2184,#259);
#138=LINE('',#2187,#260);
#139=LINE('',#2188,#261);
#140=LINE('',#2190,#262);
#141=LINE('',#2192,#263);
#142=LINE('',#2194,#264);
#143=LINE('',#2195,#265);
#144=LINE('',#2197,#266);
#145=LINE('',#2203,#267);
#146=LINE('',#2204,#268);
#147=LINE('',#2207,#269);
#148=LINE('',#2208,#270);
#149=LINE('',#2212,#271);
#150=LINE('',#2214,#272);
#151=LINE('',#2218,#273);
#152=LINE('',#2220,#274);
#153=LINE('',#2223,#275);
#154=LINE('',#2225,#276);
#155=LINE('',#2227,#277);
#156=LINE('',#2231,#278);
#157=LINE('',#2232,#279);
#158=LINE('',#2234,#280);
#159=LINE('',#2236,#281);
#160=LINE('',#2238,#282);
#161=LINE('',#2240,#283);
#162=LINE('',#2241,#284);
#163=LINE('',#2243,#285);
#164=LINE('',#2245,#286);
#165=LINE('',#2247,#287);
#166=LINE('',#2254,#288);
#167=LINE('',#2255,#289);
#168=LINE('',#2258,#290);
#169=LINE('',#2259,#291);
#170=LINE('',#2274,#292);
#171=LINE('',#2276,#293);
#172=LINE('',#2278,#294);
#173=LINE('',#2280,#295);
#174=LINE('',#2282,#296);
#175=LINE('',#2285,#297);
#176=LINE('',#2287,#298);
#177=VECTOR('',#1508,1.);
#178=VECTOR('',#1509,1.);
#179=VECTOR('',#1510,1.);
#180=VECTOR('',#1511,1.);
#181=VECTOR('',#1512,1.);
#182=VECTOR('',#1513,1.);
#183=VECTOR('',#1514,1.);
#184=VECTOR('',#1517,1.);
#185=VECTOR('',#1518,1.);
#186=VECTOR('',#1519,1.);
#187=VECTOR('',#1520,1.);
#188=VECTOR('',#1521,1.);
#189=VECTOR('',#1522,1.);
#190=VECTOR('',#1535,1.);
#191=VECTOR('',#1536,1.);
#192=VECTOR('',#1537,1.);
#193=VECTOR('',#1538,1.);
#194=VECTOR('',#1539,1.);
#195=VECTOR('',#1540,1.);
#196=VECTOR('',#1551,1.);
#197=VECTOR('',#1552,1.);
#198=VECTOR('',#1553,1.);
#199=VECTOR('',#1554,1.);
#200=VECTOR('',#1555,1.);
#201=VECTOR('',#1556,1.);
#202=VECTOR('',#1557,1.);
#203=VECTOR('',#1560,1.);
#204=VECTOR('',#1561,1.);
#205=VECTOR('',#1562,1.);
#206=VECTOR('',#1563,1.);
#207=VECTOR('',#1564,1.);
#208=VECTOR('',#1565,1.);
#209=VECTOR('',#1568,1.);
#210=VECTOR('',#1569,1.);
#211=VECTOR('',#1570,1.);
#212=VECTOR('',#1573,1.);
#213=VECTOR('',#1574,1.);
#214=VECTOR('',#1575,1.);
#215=VECTOR('',#1578,1.);
#216=VECTOR('',#1579,1.);
#217=VECTOR('',#1580,1.);
#218=VECTOR('',#1581,1.);
#219=VECTOR('',#1586,1.);
#220=VECTOR('',#1587,1.);
#221=VECTOR('',#1590,1.);
#222=VECTOR('',#1591,1.);
#223=VECTOR('',#1592,1.);
#224=VECTOR('',#1593,1.);
#225=VECTOR('',#1594,1.);
#226=VECTOR('',#1595,1.);
#227=VECTOR('',#1596,1.);
#228=VECTOR('',#1597,1.);
#229=VECTOR('',#1598,1.);
#230=VECTOR('',#1601,1.);
#231=VECTOR('',#1602,1.);
#232=VECTOR('',#1603,1.);
#233=VECTOR('',#1606,1.);
#234=VECTOR('',#1607,1.);
#235=VECTOR('',#1608,1.);
#236=VECTOR('',#1621,1.);
#237=VECTOR('',#1634,1.);
#238=VECTOR('',#1641,1.);
#239=VECTOR('',#1652,1.);
#240=VECTOR('',#1653,1.);
#241=VECTOR('',#1658,1.);
#242=VECTOR('',#1659,1.);
#243=VECTOR('',#1668,1.);
#244=VECTOR('',#1673,1.);
#245=VECTOR('',#1676,1.);
#246=VECTOR('',#1679,1.);
#247=VECTOR('',#1682,1.);
#248=VECTOR('',#1685,1.);
#249=VECTOR('',#1686,1.);
#250=VECTOR('',#1687,1.);
#251=VECTOR('',#1690,1.);
#252=VECTOR('',#1691,1.);
#253=VECTOR('',#1694,1.);
#254=VECTOR('',#1695,1.);
#255=VECTOR('',#1696,1.);
#256=VECTOR('',#1697,1.);
#257=VECTOR('',#1702,1.);
#258=VECTOR('',#1703,1.);
#259=VECTOR('',#1706,1.);
#260=VECTOR('',#1707,1.);
#261=VECTOR('',#1708,1.);
#262=VECTOR('',#1709,1.);
#263=VECTOR('',#1710,1.);
#264=VECTOR('',#1711,1.);
#265=VECTOR('',#1712,1.);
#266=VECTOR('',#1713,1.);
#267=VECTOR('',#1722,1.);
#268=VECTOR('',#1723,1.);
#269=VECTOR('',#1728,1.);
#270=VECTOR('',#1729,1.);
#271=VECTOR('',#1736,1.);
#272=VECTOR('',#1739,1.);
#273=VECTOR('',#1742,1.);
#274=VECTOR('',#1745,1.);
#275=VECTOR('',#1746,1.);
#276=VECTOR('',#1747,1.);
#277=VECTOR('',#1748,1.);
#278=VECTOR('',#1753,1.);
#279=VECTOR('',#1754,1.);
#280=VECTOR('',#1757,1.);
#281=VECTOR('',#1758,1.);
#282=VECTOR('',#1759,1.);
#283=VECTOR('',#1760,1.);
#284=VECTOR('',#1761,1.);
#285=VECTOR('',#1762,1.);
#286=VECTOR('',#1763,1.);
#287=VECTOR('',#1764,1.);
#288=VECTOR('',#1775,1.);
#289=VECTOR('',#1776,1.);
#290=VECTOR('',#1781,1.);
#291=VECTOR('',#1782,1.);
#292=VECTOR('',#1811,1.);
#293=VECTOR('',#1814,1.);
#294=VECTOR('',#1817,1.);
#295=VECTOR('',#1820,1.);
#296=VECTOR('',#1823,1.);
#297=VECTOR('',#1828,1.);
#298=VECTOR('',#1831,1.);
#299=CIRCLE('',#1392,0.00165);
#300=CIRCLE('',#1395,0.00165);
#301=CIRCLE('',#1397,0.00165);
#302=CIRCLE('',#1399,0.00165);
#303=CIRCLE('',#1401,0.00165);
#304=CIRCLE('',#1403,0.00165);
#305=CIRCLE('',#1404,0.0125883821686437);
#306=CIRCLE('',#1409,0.0039);
#307=CIRCLE('',#1415,0.002);
#308=CIRCLE('',#1416,0.002);
#309=CIRCLE('',#1418,0.0369158142453275);
#310=CIRCLE('',#1419,0.0369158142453275);
#311=CIRCLE('',#1420,0.0369158142453275);
#312=CIRCLE('',#1421,0.0451938698080538);
#313=CIRCLE('',#1422,0.0175);
#314=CIRCLE('',#1423,0.0175);
#315=CIRCLE('',#1424,0.0451938698080538);
#316=CIRCLE('',#1425,0.0175);
#317=CIRCLE('',#1426,0.0175);
#318=CIRCLE('',#1427,0.0451938698080538);
#319=CIRCLE('',#1428,0.0175);
#320=CIRCLE('',#1429,0.0175);
#321=CIRCLE('',#1430,0.002);
#322=CIRCLE('',#1431,0.002);
#323=CIRCLE('',#1438,0.0369158142453275);
#324=CIRCLE('',#1440,0.0369158142453275);
#325=CIRCLE('',#1442,0.0451938698080538);
#326=CIRCLE('',#1444,0.0451938698080538);
#327=CIRCLE('',#1448,0.0039);
#328=CIRCLE('',#1452,0.002);
#329=CIRCLE('',#1459,0.0369158142453275);
#330=CIRCLE('',#1461,0.0451938698080538);
#331=CIRCLE('',#1463,0.0039);
#332=CIRCLE('',#1468,0.002);
#333=CIRCLE('',#1475,0.0175);
#334=CIRCLE('',#1477,0.0175);
#335=CIRCLE('',#1479,0.0175);
#336=CIRCLE('',#1481,0.0175);
#337=CIRCLE('',#1483,0.0175);
#338=CIRCLE('',#1485,0.0175);
#339=CIRCLE('',#1496,0.0125883821686437);
#340=ORIENTED_EDGE('',*,*,#726,.T.);
#341=ORIENTED_EDGE('',*,*,#727,.T.);
#342=ORIENTED_EDGE('',*,*,#728,.F.);
#343=ORIENTED_EDGE('',*,*,#729,.T.);
#344=ORIENTED_EDGE('',*,*,#730,.T.);
#345=ORIENTED_EDGE('',*,*,#731,.T.);
#346=ORIENTED_EDGE('',*,*,#732,.T.);
#347=ORIENTED_EDGE('',*,*,#733,.T.);
#348=ORIENTED_EDGE('',*,*,#734,.F.);
#349=ORIENTED_EDGE('',*,*,#735,.F.);
#350=ORIENTED_EDGE('',*,*,#736,.F.);
#351=ORIENTED_EDGE('',*,*,#737,.F.);
#352=ORIENTED_EDGE('',*,*,#738,.F.);
#353=ORIENTED_EDGE('',*,*,#739,.T.);
#354=ORIENTED_EDGE('',*,*,#740,.T.);
#355=ORIENTED_EDGE('',*,*,#741,.T.);
#356=ORIENTED_EDGE('',*,*,#742,.F.);
#357=ORIENTED_EDGE('',*,*,#732,.F.);
#358=ORIENTED_EDGE('',*,*,#743,.F.);
#359=ORIENTED_EDGE('',*,*,#744,.T.);
#360=ORIENTED_EDGE('',*,*,#745,.F.);
#361=ORIENTED_EDGE('',*,*,#746,.F.);
#362=ORIENTED_EDGE('',*,*,#747,.F.);
#363=ORIENTED_EDGE('',*,*,#748,.T.);
#364=ORIENTED_EDGE('',*,*,#749,.F.);
#365=ORIENTED_EDGE('',*,*,#750,.F.);
#366=ORIENTED_EDGE('',*,*,#751,.T.);
#367=ORIENTED_EDGE('',*,*,#752,.T.);
#368=ORIENTED_EDGE('',*,*,#753,.F.);
#369=ORIENTED_EDGE('',*,*,#754,.T.);
#370=ORIENTED_EDGE('',*,*,#755,.F.);
#371=ORIENTED_EDGE('',*,*,#756,.T.);
#372=ORIENTED_EDGE('',*,*,#757,.T.);
#373=ORIENTED_EDGE('',*,*,#758,.T.);
#374=ORIENTED_EDGE('',*,*,#759,.F.);
#375=ORIENTED_EDGE('',*,*,#760,.F.);
#376=ORIENTED_EDGE('',*,*,#761,.F.);
#377=ORIENTED_EDGE('',*,*,#762,.T.);
#378=ORIENTED_EDGE('',*,*,#763,.F.);
#379=ORIENTED_EDGE('',*,*,#764,.F.);
#380=ORIENTED_EDGE('',*,*,#765,.T.);
#381=ORIENTED_EDGE('',*,*,#766,.T.);
#382=ORIENTED_EDGE('',*,*,#767,.F.);
#383=ORIENTED_EDGE('',*,*,#768,.T.);
#384=ORIENTED_EDGE('',*,*,#769,.F.);
#385=ORIENTED_EDGE('',*,*,#770,.T.);
#386=ORIENTED_EDGE('',*,*,#771,.F.);
#387=ORIENTED_EDGE('',*,*,#772,.F.);
#388=ORIENTED_EDGE('',*,*,#773,.F.);
#389=ORIENTED_EDGE('',*,*,#774,.T.);
#390=ORIENTED_EDGE('',*,*,#775,.T.);
#391=ORIENTED_EDGE('',*,*,#776,.T.);
#392=ORIENTED_EDGE('',*,*,#777,.F.);
#393=ORIENTED_EDGE('',*,*,#778,.T.);
#394=ORIENTED_EDGE('',*,*,#779,.F.);
#395=ORIENTED_EDGE('',*,*,#776,.F.);
#396=ORIENTED_EDGE('',*,*,#780,.T.);
#397=ORIENTED_EDGE('',*,*,#781,.T.);
#398=ORIENTED_EDGE('',*,*,#782,.F.);
#399=ORIENTED_EDGE('',*,*,#770,.F.);
#400=ORIENTED_EDGE('',*,*,#783,.F.);
#401=ORIENTED_EDGE('',*,*,#784,.F.);
#402=ORIENTED_EDGE('',*,*,#756,.F.);
#403=ORIENTED_EDGE('',*,*,#785,.T.);
#404=ORIENTED_EDGE('',*,*,#786,.F.);
#405=ORIENTED_EDGE('',*,*,#787,.F.);
#406=ORIENTED_EDGE('',*,*,#758,.F.);
#407=ORIENTED_EDGE('',*,*,#788,.T.);
#408=ORIENTED_EDGE('',*,*,#789,.F.);
#409=ORIENTED_EDGE('',*,*,#790,.F.);
#410=ORIENTED_EDGE('',*,*,#791,.T.);
#411=ORIENTED_EDGE('',*,*,#792,.F.);
#412=ORIENTED_EDGE('',*,*,#793,.T.);
#413=ORIENTED_EDGE('',*,*,#794,.F.);
#414=ORIENTED_EDGE('',*,*,#772,.T.);
#415=ORIENTED_EDGE('',*,*,#795,.T.);
#416=ORIENTED_EDGE('',*,*,#790,.T.);
#417=ORIENTED_EDGE('',*,*,#796,.T.);
#418=ORIENTED_EDGE('',*,*,#797,.F.);
#419=ORIENTED_EDGE('',*,*,#798,.T.);
#420=ORIENTED_EDGE('',*,*,#799,.T.);
#421=ORIENTED_EDGE('',*,*,#792,.T.);
#422=ORIENTED_EDGE('',*,*,#800,.T.);
#423=ORIENTED_EDGE('',*,*,#801,.F.);
#424=ORIENTED_EDGE('',*,*,#802,.T.);
#425=ORIENTED_EDGE('',*,*,#803,.T.);
#426=ORIENTED_EDGE('',*,*,#804,.F.);
#427=ORIENTED_EDGE('',*,*,#805,.T.);
#428=ORIENTED_EDGE('',*,*,#806,.T.);
#429=ORIENTED_EDGE('',*,*,#807,.F.);
#430=ORIENTED_EDGE('',*,*,#774,.F.);
#431=ORIENTED_EDGE('',*,*,#808,.T.);
#432=ORIENTED_EDGE('',*,*,#809,.T.);
#433=ORIENTED_EDGE('',*,*,#780,.F.);
#434=ORIENTED_EDGE('',*,*,#775,.F.);
#435=ORIENTED_EDGE('',*,*,#807,.T.);
#436=ORIENTED_EDGE('',*,*,#810,.T.);
#437=ORIENTED_EDGE('',*,*,#811,.T.);
#438=ORIENTED_EDGE('',*,*,#812,.F.);
#439=ORIENTED_EDGE('',*,*,#808,.F.);
#440=ORIENTED_EDGE('',*,*,#813,.T.);
#441=ORIENTED_EDGE('',*,*,#740,.F.);
#442=ORIENTED_EDGE('',*,*,#814,.T.);
#443=ORIENTED_EDGE('',*,*,#815,.F.);
#444=ORIENTED_EDGE('',*,*,#816,.T.);
#445=ORIENTED_EDGE('',*,*,#817,.F.);
#446=ORIENTED_EDGE('',*,*,#818,.T.);
#447=ORIENTED_EDGE('',*,*,#804,.T.);
#448=ORIENTED_EDGE('',*,*,#819,.T.);
#449=ORIENTED_EDGE('',*,*,#820,.F.);
#450=ORIENTED_EDGE('',*,*,#821,.T.);
#451=ORIENTED_EDGE('',*,*,#822,.T.);
#452=ORIENTED_EDGE('',*,*,#823,.T.);
#453=ORIENTED_EDGE('',*,*,#824,.F.);
#454=ORIENTED_EDGE('',*,*,#825,.T.);
#455=ORIENTED_EDGE('',*,*,#826,.T.);
#456=ORIENTED_EDGE('',*,*,#827,.T.);
#457=ORIENTED_EDGE('',*,*,#812,.T.);
#458=ORIENTED_EDGE('',*,*,#828,.T.);
#459=ORIENTED_EDGE('',*,*,#829,.T.);
#460=ORIENTED_EDGE('',*,*,#793,.F.);
#461=ORIENTED_EDGE('',*,*,#811,.F.);
#462=ORIENTED_EDGE('',*,*,#782,.T.);
#463=ORIENTED_EDGE('',*,*,#830,.T.);
#464=ORIENTED_EDGE('',*,*,#800,.F.);
#465=ORIENTED_EDGE('',*,*,#831,.F.);
#466=ORIENTED_EDGE('',*,*,#771,.T.);
#467=ORIENTED_EDGE('',*,*,#831,.T.);
#468=ORIENTED_EDGE('',*,*,#791,.F.);
#469=ORIENTED_EDGE('',*,*,#795,.F.);
#470=ORIENTED_EDGE('',*,*,#832,.T.);
#471=ORIENTED_EDGE('',*,*,#799,.F.);
#472=ORIENTED_EDGE('',*,*,#833,.F.);
#473=ORIENTED_EDGE('',*,*,#805,.F.);
#474=ORIENTED_EDGE('',*,*,#773,.T.);
#475=ORIENTED_EDGE('',*,*,#832,.F.);
#476=ORIENTED_EDGE('',*,*,#794,.T.);
#477=ORIENTED_EDGE('',*,*,#789,.T.);
#478=ORIENTED_EDGE('',*,*,#810,.F.);
#479=ORIENTED_EDGE('',*,*,#834,.T.);
#480=ORIENTED_EDGE('',*,*,#741,.F.);
#481=ORIENTED_EDGE('',*,*,#813,.F.);
#482=ORIENTED_EDGE('',*,*,#809,.F.);
#483=ORIENTED_EDGE('',*,*,#816,.F.);
#484=ORIENTED_EDGE('',*,*,#835,.F.);
#485=ORIENTED_EDGE('',*,*,#836,.T.);
#486=ORIENTED_EDGE('',*,*,#837,.T.);
#487=ORIENTED_EDGE('',*,*,#838,.F.);
#488=ORIENTED_EDGE('',*,*,#839,.T.);
#489=ORIENTED_EDGE('',*,*,#817,.T.);
#490=ORIENTED_EDGE('',*,*,#840,.T.);
#491=ORIENTED_EDGE('',*,*,#841,.F.);
#492=ORIENTED_EDGE('',*,*,#842,.T.);
#493=ORIENTED_EDGE('',*,*,#820,.T.);
#494=ORIENTED_EDGE('',*,*,#843,.T.);
#495=ORIENTED_EDGE('',*,*,#844,.T.);
#496=ORIENTED_EDGE('',*,*,#730,.F.);
#497=ORIENTED_EDGE('',*,*,#845,.T.);
#498=ORIENTED_EDGE('',*,*,#742,.T.);
#499=ORIENTED_EDGE('',*,*,#846,.T.);
#500=ORIENTED_EDGE('',*,*,#847,.F.);
#501=ORIENTED_EDGE('',*,*,#733,.F.);
#502=ORIENTED_EDGE('',*,*,#848,.F.);
#503=ORIENTED_EDGE('',*,*,#849,.F.);
#504=ORIENTED_EDGE('',*,*,#850,.T.);
#505=ORIENTED_EDGE('',*,*,#851,.F.);
#506=ORIENTED_EDGE('',*,*,#852,.T.);
#507=ORIENTED_EDGE('',*,*,#853,.F.);
#508=ORIENTED_EDGE('',*,*,#735,.T.);
#509=ORIENTED_EDGE('',*,*,#854,.T.);
#510=ORIENTED_EDGE('',*,*,#849,.T.);
#511=ORIENTED_EDGE('',*,*,#855,.T.);
#512=ORIENTED_EDGE('',*,*,#856,.T.);
#513=ORIENTED_EDGE('',*,*,#826,.F.);
#514=ORIENTED_EDGE('',*,*,#857,.T.);
#515=ORIENTED_EDGE('',*,*,#858,.F.);
#516=ORIENTED_EDGE('',*,*,#859,.T.);
#517=ORIENTED_EDGE('',*,*,#860,.T.);
#518=ORIENTED_EDGE('',*,*,#851,.T.);
#519=ORIENTED_EDGE('',*,*,#861,.T.);
#520=ORIENTED_EDGE('',*,*,#862,.F.);
#521=ORIENTED_EDGE('',*,*,#863,.T.);
#522=ORIENTED_EDGE('',*,*,#828,.F.);
#523=ORIENTED_EDGE('',*,*,#852,.F.);
#524=ORIENTED_EDGE('',*,*,#863,.F.);
#525=ORIENTED_EDGE('',*,*,#847,.T.);
#526=ORIENTED_EDGE('',*,*,#864,.T.);
#527=ORIENTED_EDGE('',*,*,#861,.F.);
#528=ORIENTED_EDGE('',*,*,#865,.F.);
#529=ORIENTED_EDGE('',*,*,#734,.T.);
#530=ORIENTED_EDGE('',*,*,#865,.T.);
#531=ORIENTED_EDGE('',*,*,#850,.F.);
#532=ORIENTED_EDGE('',*,*,#854,.F.);
#533=ORIENTED_EDGE('',*,*,#866,.T.);
#534=ORIENTED_EDGE('',*,*,#860,.F.);
#535=ORIENTED_EDGE('',*,*,#867,.F.);
#536=ORIENTED_EDGE('',*,*,#845,.F.);
#537=ORIENTED_EDGE('',*,*,#736,.T.);
#538=ORIENTED_EDGE('',*,*,#866,.F.);
#539=ORIENTED_EDGE('',*,*,#853,.T.);
#540=ORIENTED_EDGE('',*,*,#848,.T.);
#541=ORIENTED_EDGE('',*,*,#739,.F.);
#542=ORIENTED_EDGE('',*,*,#868,.T.);
#543=ORIENTED_EDGE('',*,*,#869,.T.);
#544=ORIENTED_EDGE('',*,*,#814,.F.);
#545=ORIENTED_EDGE('',*,*,#870,.T.);
#546=ORIENTED_EDGE('',*,*,#871,.F.);
#547=ORIENTED_EDGE('',*,*,#872,.T.);
#548=ORIENTED_EDGE('',*,*,#824,.T.);
#549=ORIENTED_EDGE('',*,*,#873,.F.);
#550=ORIENTED_EDGE('',*,*,#874,.F.);
#551=ORIENTED_EDGE('',*,*,#875,.T.);
#552=ORIENTED_EDGE('',*,*,#876,.F.);
#553=ORIENTED_EDGE('',*,*,#877,.T.);
#554=ORIENTED_EDGE('',*,*,#878,.F.);
#555=ORIENTED_EDGE('',*,*,#760,.T.);
#556=ORIENTED_EDGE('',*,*,#879,.T.);
#557=ORIENTED_EDGE('',*,*,#874,.T.);
#558=ORIENTED_EDGE('',*,*,#880,.T.);
#559=ORIENTED_EDGE('',*,*,#881,.F.);
#560=ORIENTED_EDGE('',*,*,#882,.T.);
#561=ORIENTED_EDGE('',*,*,#883,.T.);
#562=ORIENTED_EDGE('',*,*,#876,.T.);
#563=ORIENTED_EDGE('',*,*,#884,.T.);
#564=ORIENTED_EDGE('',*,*,#885,.F.);
#565=ORIENTED_EDGE('',*,*,#886,.T.);
#566=ORIENTED_EDGE('',*,*,#887,.T.);
#567=ORIENTED_EDGE('',*,*,#822,.F.);
#568=ORIENTED_EDGE('',*,*,#815,.T.);
#569=ORIENTED_EDGE('',*,*,#869,.F.);
#570=ORIENTED_EDGE('',*,*,#788,.F.);
#571=ORIENTED_EDGE('',*,*,#757,.F.);
#572=ORIENTED_EDGE('',*,*,#784,.T.);
#573=ORIENTED_EDGE('',*,*,#835,.T.);
#574=ORIENTED_EDGE('',*,*,#888,.T.);
#575=ORIENTED_EDGE('',*,*,#829,.F.);
#576=ORIENTED_EDGE('',*,*,#877,.F.);
#577=ORIENTED_EDGE('',*,*,#888,.F.);
#578=ORIENTED_EDGE('',*,*,#787,.T.);
#579=ORIENTED_EDGE('',*,*,#889,.T.);
#580=ORIENTED_EDGE('',*,*,#884,.F.);
#581=ORIENTED_EDGE('',*,*,#890,.F.);
#582=ORIENTED_EDGE('',*,*,#759,.T.);
#583=ORIENTED_EDGE('',*,*,#890,.T.);
#584=ORIENTED_EDGE('',*,*,#875,.F.);
#585=ORIENTED_EDGE('',*,*,#879,.F.);
#586=ORIENTED_EDGE('',*,*,#891,.T.);
#587=ORIENTED_EDGE('',*,*,#883,.F.);
#588=ORIENTED_EDGE('',*,*,#892,.F.);
#589=ORIENTED_EDGE('',*,*,#785,.F.);
#590=ORIENTED_EDGE('',*,*,#755,.T.);
#591=ORIENTED_EDGE('',*,*,#891,.F.);
#592=ORIENTED_EDGE('',*,*,#878,.T.);
#593=ORIENTED_EDGE('',*,*,#873,.T.);
#594=ORIENTED_EDGE('',*,*,#839,.F.);
#595=ORIENTED_EDGE('',*,*,#893,.F.);
#596=ORIENTED_EDGE('',*,*,#796,.F.);
#597=ORIENTED_EDGE('',*,*,#818,.F.);
#598=ORIENTED_EDGE('',*,*,#827,.F.);
#599=ORIENTED_EDGE('',*,*,#856,.F.);
#600=ORIENTED_EDGE('',*,*,#894,.F.);
#601=ORIENTED_EDGE('',*,*,#837,.F.);
#602=ORIENTED_EDGE('',*,*,#872,.F.);
#603=ORIENTED_EDGE('',*,*,#895,.F.);
#604=ORIENTED_EDGE('',*,*,#857,.F.);
#605=ORIENTED_EDGE('',*,*,#825,.F.);
#606=ORIENTED_EDGE('',*,*,#887,.F.);
#607=ORIENTED_EDGE('',*,*,#896,.F.);
#608=ORIENTED_EDGE('',*,*,#870,.F.);
#609=ORIENTED_EDGE('',*,*,#823,.F.);
#610=ORIENTED_EDGE('',*,*,#821,.F.);
#611=ORIENTED_EDGE('',*,*,#842,.F.);
#612=ORIENTED_EDGE('',*,*,#897,.F.);
#613=ORIENTED_EDGE('',*,*,#880,.F.);
#614=ORIENTED_EDGE('',*,*,#819,.F.);
#615=ORIENTED_EDGE('',*,*,#803,.F.);
#616=ORIENTED_EDGE('',*,*,#898,.F.);
#617=ORIENTED_EDGE('',*,*,#840,.F.);
#618=ORIENTED_EDGE('',*,*,#899,.T.);
#619=ORIENTED_EDGE('',*,*,#867,.T.);
#620=ORIENTED_EDGE('',*,*,#859,.F.);
#621=ORIENTED_EDGE('',*,*,#889,.F.);
#622=ORIENTED_EDGE('',*,*,#900,.F.);
#623=ORIENTED_EDGE('',*,*,#885,.T.);
#624=ORIENTED_EDGE('',*,*,#899,.F.);
#625=ORIENTED_EDGE('',*,*,#858,.T.);
#626=ORIENTED_EDGE('',*,*,#895,.T.);
#627=ORIENTED_EDGE('',*,*,#871,.T.);
#628=ORIENTED_EDGE('',*,*,#896,.T.);
#629=ORIENTED_EDGE('',*,*,#886,.F.);
#630=ORIENTED_EDGE('',*,*,#900,.T.);
#631=ORIENTED_EDGE('',*,*,#786,.T.);
#632=ORIENTED_EDGE('',*,*,#868,.F.);
#633=ORIENTED_EDGE('',*,*,#738,.T.);
#634=ORIENTED_EDGE('',*,*,#901,.F.);
#635=ORIENTED_EDGE('',*,*,#843,.F.);
#636=ORIENTED_EDGE('',*,*,#902,.F.);
#637=ORIENTED_EDGE('',*,*,#892,.T.);
#638=ORIENTED_EDGE('',*,*,#882,.F.);
#639=ORIENTED_EDGE('',*,*,#830,.F.);
#640=ORIENTED_EDGE('',*,*,#903,.T.);
#641=ORIENTED_EDGE('',*,*,#801,.T.);
#642=ORIENTED_EDGE('',*,*,#781,.F.);
#643=ORIENTED_EDGE('',*,*,#836,.F.);
#644=ORIENTED_EDGE('',*,*,#783,.T.);
#645=ORIENTED_EDGE('',*,*,#902,.T.);
#646=ORIENTED_EDGE('',*,*,#881,.T.);
#647=ORIENTED_EDGE('',*,*,#897,.T.);
#648=ORIENTED_EDGE('',*,*,#841,.T.);
#649=ORIENTED_EDGE('',*,*,#898,.T.);
#650=ORIENTED_EDGE('',*,*,#802,.F.);
#651=ORIENTED_EDGE('',*,*,#903,.F.);
#652=ORIENTED_EDGE('',*,*,#864,.F.);
#653=ORIENTED_EDGE('',*,*,#904,.T.);
#654=ORIENTED_EDGE('',*,*,#862,.T.);
#655=ORIENTED_EDGE('',*,*,#905,.T.);
#656=ORIENTED_EDGE('',*,*,#833,.T.);
#657=ORIENTED_EDGE('',*,*,#798,.F.);
#658=ORIENTED_EDGE('',*,*,#905,.F.);
#659=ORIENTED_EDGE('',*,*,#797,.T.);
#660=ORIENTED_EDGE('',*,*,#893,.T.);
#661=ORIENTED_EDGE('',*,*,#838,.T.);
#662=ORIENTED_EDGE('',*,*,#894,.T.);
#663=ORIENTED_EDGE('',*,*,#855,.F.);
#664=ORIENTED_EDGE('',*,*,#904,.F.);
#665=ORIENTED_EDGE('',*,*,#846,.F.);
#666=ORIENTED_EDGE('',*,*,#834,.F.);
#667=ORIENTED_EDGE('',*,*,#806,.F.);
#668=ORIENTED_EDGE('',*,*,#906,.T.);
#669=ORIENTED_EDGE('',*,*,#778,.F.);
#670=ORIENTED_EDGE('',*,*,#777,.T.);
#671=ORIENTED_EDGE('',*,*,#769,.T.);
#672=ORIENTED_EDGE('',*,*,#779,.T.);
#673=ORIENTED_EDGE('',*,*,#906,.F.);
#674=ORIENTED_EDGE('',*,*,#763,.T.);
#675=ORIENTED_EDGE('',*,*,#907,.F.);
#676=ORIENTED_EDGE('',*,*,#766,.F.);
#677=ORIENTED_EDGE('',*,*,#908,.T.);
#678=ORIENTED_EDGE('',*,*,#768,.F.);
#679=ORIENTED_EDGE('',*,*,#909,.T.);
#680=ORIENTED_EDGE('',*,*,#761,.T.);
#681=ORIENTED_EDGE('',*,*,#910,.F.);
#682=ORIENTED_EDGE('',*,*,#764,.T.);
#683=ORIENTED_EDGE('',*,*,#908,.F.);
#684=ORIENTED_EDGE('',*,*,#765,.F.);
#685=ORIENTED_EDGE('',*,*,#910,.T.);
#686=ORIENTED_EDGE('',*,*,#767,.T.);
#687=ORIENTED_EDGE('',*,*,#907,.T.);
#688=ORIENTED_EDGE('',*,*,#762,.F.);
#689=ORIENTED_EDGE('',*,*,#909,.F.);
#690=ORIENTED_EDGE('',*,*,#749,.T.);
#691=ORIENTED_EDGE('',*,*,#911,.F.);
#692=ORIENTED_EDGE('',*,*,#752,.F.);
#693=ORIENTED_EDGE('',*,*,#912,.T.);
#694=ORIENTED_EDGE('',*,*,#754,.F.);
#695=ORIENTED_EDGE('',*,*,#913,.T.);
#696=ORIENTED_EDGE('',*,*,#747,.T.);
#697=ORIENTED_EDGE('',*,*,#914,.F.);
#698=ORIENTED_EDGE('',*,*,#750,.T.);
#699=ORIENTED_EDGE('',*,*,#912,.F.);
#700=ORIENTED_EDGE('',*,*,#751,.F.);
#701=ORIENTED_EDGE('',*,*,#914,.T.);
#702=ORIENTED_EDGE('',*,*,#753,.T.);
#703=ORIENTED_EDGE('',*,*,#911,.T.);
#704=ORIENTED_EDGE('',*,*,#748,.F.);
#705=ORIENTED_EDGE('',*,*,#913,.F.);
#706=ORIENTED_EDGE('',*,*,#745,.T.);
#707=ORIENTED_EDGE('',*,*,#915,.F.);
#708=ORIENTED_EDGE('',*,*,#727,.F.);
#709=ORIENTED_EDGE('',*,*,#916,.T.);
#710=ORIENTED_EDGE('',*,*,#729,.F.);
#711=ORIENTED_EDGE('',*,*,#917,.T.);
#712=ORIENTED_EDGE('',*,*,#743,.T.);
#713=ORIENTED_EDGE('',*,*,#918,.F.);
#714=ORIENTED_EDGE('',*,*,#746,.T.);
#715=ORIENTED_EDGE('',*,*,#916,.F.);
#716=ORIENTED_EDGE('',*,*,#726,.F.);
#717=ORIENTED_EDGE('',*,*,#918,.T.);
#718=ORIENTED_EDGE('',*,*,#728,.T.);
#719=ORIENTED_EDGE('',*,*,#915,.T.);
#720=ORIENTED_EDGE('',*,*,#744,.F.);
#721=ORIENTED_EDGE('',*,*,#917,.F.);
#722=ORIENTED_EDGE('',*,*,#731,.F.);
#723=ORIENTED_EDGE('',*,*,#844,.F.);
#724=ORIENTED_EDGE('',*,*,#901,.T.);
#725=ORIENTED_EDGE('',*,*,#737,.T.);
#726=EDGE_CURVE('',#919,#920,#1043,.T.);
#727=EDGE_CURVE('',#920,#921,#1044,.T.);
#728=EDGE_CURVE('',#922,#921,#299,.T.);
#729=EDGE_CURVE('',#922,#919,#1045,.T.);
#730=EDGE_CURVE('',#923,#924,#55,.T.);
#731=EDGE_CURVE('',#924,#925,#56,.T.);
#732=EDGE_CURVE('',#925,#926,#57,.T.);
#733=EDGE_CURVE('',#926,#927,#58,.T.);
#734=EDGE_CURVE('',#928,#927,#59,.T.);
#735=EDGE_CURVE('',#929,#928,#60,.T.);
#736=EDGE_CURVE('',#923,#929,#61,.T.);
#737=EDGE_CURVE('',#930,#925,#62,.T.);
#738=EDGE_CURVE('',#931,#930,#63,.T.);
#739=EDGE_CURVE('',#931,#932,#64,.T.);
#740=EDGE_CURVE('',#932,#933,#65,.T.);
#741=EDGE_CURVE('',#933,#934,#66,.F.);
#742=EDGE_CURVE('',#926,#934,#67,.T.);
#743=EDGE_CURVE('',#935,#936,#1046,.F.);
#744=EDGE_CURVE('',#935,#937,#300,.T.);
#745=EDGE_CURVE('',#938,#937,#1047,.T.);
#746=EDGE_CURVE('',#936,#938,#1048,.T.);
#747=EDGE_CURVE('',#939,#940,#1049,.F.);
#748=EDGE_CURVE('',#939,#941,#301,.T.);
#749=EDGE_CURVE('',#942,#941,#1050,.T.);
#750=EDGE_CURVE('',#940,#942,#1051,.T.);
#751=EDGE_CURVE('',#943,#944,#1052,.T.);
#752=EDGE_CURVE('',#944,#945,#1053,.T.);
#753=EDGE_CURVE('',#946,#945,#302,.T.);
#754=EDGE_CURVE('',#946,#943,#1054,.T.);
#755=EDGE_CURVE('',#947,#948,#68,.T.);
#756=EDGE_CURVE('',#947,#949,#69,.T.);
#757=EDGE_CURVE('',#949,#950,#70,.T.);
#758=EDGE_CURVE('',#950,#951,#71,.T.);
#759=EDGE_CURVE('',#952,#951,#72,.T.);
#760=EDGE_CURVE('',#948,#952,#73,.T.);
#761=EDGE_CURVE('',#953,#954,#1055,.F.);
#762=EDGE_CURVE('',#953,#955,#303,.T.);
#763=EDGE_CURVE('',#956,#955,#1056,.T.);
#764=EDGE_CURVE('',#954,#956,#1057,.T.);
#765=EDGE_CURVE('',#957,#958,#1058,.T.);
#766=EDGE_CURVE('',#958,#959,#1059,.T.);
#767=EDGE_CURVE('',#960,#959,#304,.T.);
#768=EDGE_CURVE('',#960,#957,#1060,.T.);
#769=EDGE_CURVE('',#961,#962,#305,.T.);
#770=EDGE_CURVE('',#961,#963,#74,.T.);
#771=EDGE_CURVE('',#964,#963,#75,.T.);
#772=EDGE_CURVE('',#965,#964,#76,.T.);
#773=EDGE_CURVE('',#966,#965,#77,.T.);
#774=EDGE_CURVE('',#966,#967,#78,.T.);
#775=EDGE_CURVE('',#967,#968,#79,.T.);
#776=EDGE_CURVE('',#968,#962,#80,.T.);
#777=EDGE_CURVE('',#969,#961,#81,.F.);
#778=EDGE_CURVE('',#969,#970,#82,.T.);
#779=EDGE_CURVE('',#962,#970,#83,.T.);
#780=EDGE_CURVE('',#968,#971,#84,.T.);
#781=EDGE_CURVE('',#971,#972,#85,.T.);
#782=EDGE_CURVE('',#963,#972,#86,.T.);
#783=EDGE_CURVE('',#973,#974,#87,.T.);
#784=EDGE_CURVE('',#949,#973,#88,.T.);
#785=EDGE_CURVE('',#947,#974,#89,.T.);
#786=EDGE_CURVE('',#975,#976,#90,.T.);
#787=EDGE_CURVE('',#951,#975,#91,.T.);
#788=EDGE_CURVE('',#950,#976,#92,.T.);
#789=EDGE_CURVE('',#977,#978,#93,.T.);
#790=EDGE_CURVE('',#979,#977,#94,.T.);
#791=EDGE_CURVE('',#979,#980,#95,.T.);
#792=EDGE_CURVE('',#978,#980,#96,.T.);
#793=EDGE_CURVE('',#981,#981,#306,.F.);
#794=EDGE_CURVE('',#965,#977,#97,.T.);
#795=EDGE_CURVE('',#964,#979,#98,.T.);
#796=EDGE_CURVE('',#982,#983,#99,.F.);
#797=EDGE_CURVE('',#984,#983,#100,.F.);
#798=EDGE_CURVE('',#984,#985,#101,.T.);
#799=EDGE_CURVE('',#985,#978,#102,.T.);
#800=EDGE_CURVE('',#980,#986,#103,.T.);
#801=EDGE_CURVE('',#987,#986,#104,.T.);
#802=EDGE_CURVE('',#987,#988,#105,.T.);
#803=EDGE_CURVE('',#988,#989,#106,.T.);
#804=EDGE_CURVE('',#982,#989,#107,.T.);
#805=EDGE_CURVE('',#966,#990,#108,.T.);
#806=EDGE_CURVE('',#990,#991,#109,.T.);
#807=EDGE_CURVE('',#967,#991,#110,.T.);
#808=EDGE_CURVE('',#992,#993,#111,.T.);
#809=EDGE_CURVE('',#993,#971,#112,.F.);
#810=EDGE_CURVE('',#991,#992,#113,.T.);
#811=EDGE_CURVE('',#994,#994,#307,.T.);
#812=EDGE_CURVE('',#995,#995,#308,.T.);
#813=EDGE_CURVE('',#992,#933,#309,.T.);
#814=EDGE_CURVE('',#932,#996,#310,.T.);
#815=EDGE_CURVE('',#997,#996,#114,.T.);
#816=EDGE_CURVE('',#997,#993,#311,.T.);
#817=EDGE_CURVE('',#998,#999,#312,.T.);
#818=EDGE_CURVE('',#998,#982,#313,.T.);
#819=EDGE_CURVE('',#989,#1000,#314,.T.);
#820=EDGE_CURVE('',#1001,#1000,#315,.T.);
#821=EDGE_CURVE('',#1001,#1002,#316,.T.);
#822=EDGE_CURVE('',#1002,#1003,#115,.T.);
#823=EDGE_CURVE('',#1003,#1004,#317,.T.);
#824=EDGE_CURVE('',#1005,#1004,#318,.T.);
#825=EDGE_CURVE('',#1005,#1006,#319,.T.);
#826=EDGE_CURVE('',#1006,#1007,#116,.T.);
#827=EDGE_CURVE('',#1007,#999,#320,.T.);
#828=EDGE_CURVE('',#1008,#1008,#321,.T.);
#829=EDGE_CURVE('',#1009,#1009,#322,.T.);
#830=EDGE_CURVE('',#972,#986,#117,.T.);
#831=EDGE_CURVE('',#964,#980,#118,.T.);
#832=EDGE_CURVE('',#965,#978,#119,.T.);
#833=EDGE_CURVE('',#990,#985,#120,.T.);
#834=EDGE_CURVE('',#991,#934,#323,.T.);
#835=EDGE_CURVE('',#973,#997,#121,.T.);
#836=EDGE_CURVE('',#973,#971,#324,.T.);
#837=EDGE_CURVE('',#999,#1010,#122,.F.);
#838=EDGE_CURVE('',#1011,#1010,#325,.T.);
#839=EDGE_CURVE('',#1011,#998,#123,.T.);
#840=EDGE_CURVE('',#1000,#1012,#124,.F.);
#841=EDGE_CURVE('',#1013,#1012,#326,.T.);
#842=EDGE_CURVE('',#1013,#1001,#125,.T.);
#843=EDGE_CURVE('',#1014,#1015,#126,.T.);
#844=EDGE_CURVE('',#1015,#924,#127,.T.);
#845=EDGE_CURVE('',#923,#1014,#128,.T.);
#846=EDGE_CURVE('',#934,#1016,#129,.T.);
#847=EDGE_CURVE('',#927,#1016,#130,.T.);
#848=EDGE_CURVE('',#1017,#1018,#131,.T.);
#849=EDGE_CURVE('',#1019,#1017,#132,.T.);
#850=EDGE_CURVE('',#1019,#1020,#133,.T.);
#851=EDGE_CURVE('',#1018,#1020,#134,.T.);
#852=EDGE_CURVE('',#1021,#1021,#327,.F.);
#853=EDGE_CURVE('',#929,#1017,#135,.T.);
#854=EDGE_CURVE('',#928,#1019,#136,.T.);
#855=EDGE_CURVE('',#1022,#1023,#137,.T.);
#856=EDGE_CURVE('',#1023,#1007,#138,.T.);
#857=EDGE_CURVE('',#1006,#1024,#139,.F.);
#858=EDGE_CURVE('',#1025,#1024,#140,.F.);
#859=EDGE_CURVE('',#1025,#1026,#141,.T.);
#860=EDGE_CURVE('',#1026,#1018,#142,.T.);
#861=EDGE_CURVE('',#1020,#1027,#143,.T.);
#862=EDGE_CURVE('',#1022,#1027,#144,.T.);
#863=EDGE_CURVE('',#1028,#1028,#328,.T.);
#864=EDGE_CURVE('',#1016,#1027,#145,.T.);
#865=EDGE_CURVE('',#928,#1020,#146,.T.);
#866=EDGE_CURVE('',#929,#1018,#147,.T.);
#867=EDGE_CURVE('',#1014,#1026,#148,.T.);
#868=EDGE_CURVE('',#931,#976,#329,.T.);
#869=EDGE_CURVE('',#976,#996,#149,.T.);
#870=EDGE_CURVE('',#1004,#1029,#150,.F.);
#871=EDGE_CURVE('',#1030,#1029,#330,.T.);
#872=EDGE_CURVE('',#1030,#1005,#151,.T.);
#873=EDGE_CURVE('',#1031,#1032,#152,.T.);
#874=EDGE_CURVE('',#1033,#1031,#153,.T.);
#875=EDGE_CURVE('',#1033,#1034,#154,.T.);
#876=EDGE_CURVE('',#1032,#1034,#155,.T.);
#877=EDGE_CURVE('',#1035,#1035,#331,.F.);
#878=EDGE_CURVE('',#948,#1031,#156,.T.);
#879=EDGE_CURVE('',#952,#1033,#157,.T.);
#880=EDGE_CURVE('',#1002,#1036,#158,.F.);
#881=EDGE_CURVE('',#1037,#1036,#159,.F.);
#882=EDGE_CURVE('',#1037,#1038,#160,.T.);
#883=EDGE_CURVE('',#1038,#1032,#161,.T.);
#884=EDGE_CURVE('',#1034,#1039,#162,.T.);
#885=EDGE_CURVE('',#1040,#1039,#163,.T.);
#886=EDGE_CURVE('',#1040,#1041,#164,.T.);
#887=EDGE_CURVE('',#1041,#1003,#165,.T.);
#888=EDGE_CURVE('',#1042,#1042,#332,.T.);
#889=EDGE_CURVE('',#975,#1039,#166,.T.);
#890=EDGE_CURVE('',#952,#1034,#167,.T.);
#891=EDGE_CURVE('',#948,#1032,#168,.T.);
#892=EDGE_CURVE('',#974,#1038,#169,.T.);
#893=EDGE_CURVE('',#983,#1011,#333,.F.);
#894=EDGE_CURVE('',#1010,#1023,#334,.F.);
#895=EDGE_CURVE('',#1024,#1030,#335,.F.);
#896=EDGE_CURVE('',#1029,#1041,#336,.F.);
#897=EDGE_CURVE('',#1036,#1013,#337,.F.);
#898=EDGE_CURVE('',#1012,#988,#338,.F.);
#899=EDGE_CURVE('',#1025,#1014,#170,.T.);
#900=EDGE_CURVE('',#1040,#975,#171,.T.);
#901=EDGE_CURVE('',#1015,#930,#172,.T.);
#902=EDGE_CURVE('',#974,#1037,#173,.T.);
#903=EDGE_CURVE('',#972,#987,#174,.T.);
#904=EDGE_CURVE('',#1016,#1022,#175,.T.);
#905=EDGE_CURVE('',#984,#990,#176,.T.);
#906=EDGE_CURVE('',#969,#970,#339,.T.);
#907=EDGE_CURVE('',#959,#955,#12,.T.);
#908=EDGE_CURVE('',#958,#956,#13,.T.);
#909=EDGE_CURVE('',#960,#953,#14,.T.);
#910=EDGE_CURVE('',#957,#954,#15,.T.);
#911=EDGE_CURVE('',#945,#941,#16,.T.);
#912=EDGE_CURVE('',#944,#942,#17,.T.);
#913=EDGE_CURVE('',#946,#939,#18,.T.);
#914=EDGE_CURVE('',#943,#940,#19,.T.);
#915=EDGE_CURVE('',#921,#937,#20,.T.);
#916=EDGE_CURVE('',#920,#938,#21,.T.);
#917=EDGE_CURVE('',#922,#935,#22,.T.);
#918=EDGE_CURVE('',#919,#936,#23,.T.);
#919=VERTEX_POINT('',#1854);
#920=VERTEX_POINT('',#1855);
#921=VERTEX_POINT('',#1862);
#922=VERTEX_POINT('',#1864);
#923=VERTEX_POINT('',#1871);
#924=VERTEX_POINT('',#1872);
#925=VERTEX_POINT('',#1874);
#926=VERTEX_POINT('',#1876);
#927=VERTEX_POINT('',#1878);
#928=VERTEX_POINT('',#1880);
#929=VERTEX_POINT('',#1882);
#930=VERTEX_POINT('',#1886);
#931=VERTEX_POINT('',#1888);
#932=VERTEX_POINT('',#1890);
#933=VERTEX_POINT('',#1892);
#934=VERTEX_POINT('',#1894);
#935=VERTEX_POINT('',#1902);
#936=VERTEX_POINT('',#1903);
#937=VERTEX_POINT('',#1905);
#938=VERTEX_POINT('',#1912);
#939=VERTEX_POINT('',#1923);
#940=VERTEX_POINT('',#1924);
#941=VERTEX_POINT('',#1926);
#942=VERTEX_POINT('',#1933);
#943=VERTEX_POINT('',#1943);
#944=VERTEX_POINT('',#1944);
#945=VERTEX_POINT('',#1951);
#946=VERTEX_POINT('',#1953);
#947=VERTEX_POINT('',#1960);
#948=VERTEX_POINT('',#1961);
#949=VERTEX_POINT('',#1963);
#950=VERTEX_POINT('',#1965);
#951=VERTEX_POINT('',#1967);
#952=VERTEX_POINT('',#1969);
#953=VERTEX_POINT('',#1977);
#954=VERTEX_POINT('',#1978);
#955=VERTEX_POINT('',#1980);
#956=VERTEX_POINT('',#1987);
#957=VERTEX_POINT('',#1997);
#958=VERTEX_POINT('',#1998);
#959=VERTEX_POINT('',#2005);
#960=VERTEX_POINT('',#2007);
#961=VERTEX_POINT('',#2014);
#962=VERTEX_POINT('',#2015);
#963=VERTEX_POINT('',#2017);
#964=VERTEX_POINT('',#2019);
#965=VERTEX_POINT('',#2021);
#966=VERTEX_POINT('',#2023);
#967=VERTEX_POINT('',#2025);
#968=VERTEX_POINT('',#2027);
#969=VERTEX_POINT('',#2031);
#970=VERTEX_POINT('',#2033);
#971=VERTEX_POINT('',#2036);
#972=VERTEX_POINT('',#2038);
#973=VERTEX_POINT('',#2042);
#974=VERTEX_POINT('',#2043);
#975=VERTEX_POINT('',#2048);
#976=VERTEX_POINT('',#2049);
#977=VERTEX_POINT('',#2054);
#978=VERTEX_POINT('',#2055);
#979=VERTEX_POINT('',#2057);
#980=VERTEX_POINT('',#2059);
#981=VERTEX_POINT('',#2062);
#982=VERTEX_POINT('',#2068);
#983=VERTEX_POINT('',#2069);
#984=VERTEX_POINT('',#2071);
#985=VERTEX_POINT('',#2073);
#986=VERTEX_POINT('',#2076);
#987=VERTEX_POINT('',#2078);
#988=VERTEX_POINT('',#2080);
#989=VERTEX_POINT('',#2082);
#990=VERTEX_POINT('',#2086);
#991=VERTEX_POINT('',#2088);
#992=VERTEX_POINT('',#2092);
#993=VERTEX_POINT('',#2093);
#994=VERTEX_POINT('',#2098);
#995=VERTEX_POINT('',#2100);
#996=VERTEX_POINT('',#2104);
#997=VERTEX_POINT('',#2106);
#998=VERTEX_POINT('',#2109);
#999=VERTEX_POINT('',#2110);
#1000=VERTEX_POINT('',#2113);
#1001=VERTEX_POINT('',#2115);
#1002=VERTEX_POINT('',#2117);
#1003=VERTEX_POINT('',#2119);
#1004=VERTEX_POINT('',#2121);
#1005=VERTEX_POINT('',#2123);
#1006=VERTEX_POINT('',#2125);
#1007=VERTEX_POINT('',#2127);
#1008=VERTEX_POINT('',#2130);
#1009=VERTEX_POINT('',#2132);
#1010=VERTEX_POINT('',#2149);
#1011=VERTEX_POINT('',#2151);
#1012=VERTEX_POINT('',#2155);
#1013=VERTEX_POINT('',#2157);
#1014=VERTEX_POINT('',#2161);
#1015=VERTEX_POINT('',#2162);
#1016=VERTEX_POINT('',#2167);
#1017=VERTEX_POINT('',#2171);
#1018=VERTEX_POINT('',#2172);
#1019=VERTEX_POINT('',#2174);
#1020=VERTEX_POINT('',#2176);
#1021=VERTEX_POINT('',#2179);
#1022=VERTEX_POINT('',#2185);
#1023=VERTEX_POINT('',#2186);
#1024=VERTEX_POINT('',#2189);
#1025=VERTEX_POINT('',#2191);
#1026=VERTEX_POINT('',#2193);
#1027=VERTEX_POINT('',#2196);
#1028=VERTEX_POINT('',#2200);
#1029=VERTEX_POINT('',#2215);
#1030=VERTEX_POINT('',#2217);
#1031=VERTEX_POINT('',#2221);
#1032=VERTEX_POINT('',#2222);
#1033=VERTEX_POINT('',#2224);
#1034=VERTEX_POINT('',#2226);
#1035=VERTEX_POINT('',#2229);
#1036=VERTEX_POINT('',#2235);
#1037=VERTEX_POINT('',#2237);
#1038=VERTEX_POINT('',#2239);
#1039=VERTEX_POINT('',#2242);
#1040=VERTEX_POINT('',#2244);
#1041=VERTEX_POINT('',#2246);
#1042=VERTEX_POINT('',#2251);
#1043=B_SPLINE_CURVE_WITH_KNOTS('',3,(#1850,#1851,#1852,#1853),
 .UNSPECIFIED.,.F.,.F.,(4,4),(0.00361736037441522,0.00524703591371102),
 .UNSPECIFIED.);
#1044=B_SPLINE_CURVE_WITH_KNOTS('',3,(#1856,#1857,#1858,#1859,#1860,#1861),
 .UNSPECIFIED.,.F.,.F.,(4,1,1,4),(0.0219094749997159,0.0237033501659569,
0.0246002877490774,0.0254972253321979),.UNSPECIFIED.);
#1045=B_SPLINE_CURVE_WITH_KNOTS('',3,(#1865,#1866,#1867,#1868,#1869),
 .UNSPECIFIED.,.F.,.F.,(4,1,4),(0.00728420216910786,0.00912946630039917,
0.0109747304316905),.UNSPECIFIED.);
#1046=B_SPLINE_CURVE_WITH_KNOTS('',3,(#1897,#1898,#1899,#1900,#1901),
 .UNSPECIFIED.,.F.,.F.,(4,1,4),(0.00419788678393103,0.00600183402935665,
0.00780578127478226),.UNSPECIFIED.);
#1047=B_SPLINE_CURVE_WITH_KNOTS('',3,(#1906,#1907,#1908,#1909,#1910,#1911),
 .UNSPECIFIED.,.F.,.F.,(4,1,1,4),(0.00359556300243374,0.00540086097326659,
0.00630350995868302,0.00720615894409944),.UNSPECIFIED.);
#1048=B_SPLINE_CURVE_WITH_KNOTS('',3,(#1913,#1914,#1915,#1916),
 .UNSPECIFIED.,.F.,.F.,(4,4),(0.00359744271548369,0.00518199682715829),
 .UNSPECIFIED.);
#1049=B_SPLINE_CURVE_WITH_KNOTS('',3,(#1918,#1919,#1920,#1921,#1922),
 .UNSPECIFIED.,.F.,.F.,(4,1,4),(0.00195044962885736,0.00375648402581852,
0.00556251842277969),.UNSPECIFIED.);
#1050=B_SPLINE_CURVE_WITH_KNOTS('',3,(#1927,#1928,#1929,#1930,#1931,#1932),
 .UNSPECIFIED.,.F.,.F.,(4,1,1,4),(0.00598175496373782,0.00778741885521872,
0.00869025080095917,0.00959308274669963),.UNSPECIFIED.);
#1051=B_SPLINE_CURVE_WITH_KNOTS('',3,(#1934,#1935,#1936,#1937),
 .UNSPECIFIED.,.F.,.F.,(4,4),(0.00359744271548745,0.00518199682716218),
 .UNSPECIFIED.);
#1052=B_SPLINE_CURVE_WITH_KNOTS('',3,(#1939,#1940,#1941,#1942),
 .UNSPECIFIED.,.F.,.F.,(4,4),(0.00361736037440943,0.0052470359137054),
 .UNSPECIFIED.);
#1053=B_SPLINE_CURVE_WITH_KNOTS('',3,(#1945,#1946,#1947,#1948,#1949,#1950),
 .UNSPECIFIED.,.F.,.F.,(4,1,1,4),(0.0219094749997146,0.0237033501659555,
0.024600287749076,0.0254972253321965),.UNSPECIFIED.);
#1054=B_SPLINE_CURVE_WITH_KNOTS('',3,(#1954,#1955,#1956,#1957,#1958),
 .UNSPECIFIED.,.F.,.F.,(4,1,4),(0.00728420216910809,0.00912946630039946,
0.0109747304316908),.UNSPECIFIED.);
#1055=B_SPLINE_CURVE_WITH_KNOTS('',3,(#1972,#1973,#1974,#1975,#1976),
 .UNSPECIFIED.,.F.,.F.,(4,1,4),(0.00578701801270095,0.00758758438082106,
0.00938815074894116),.UNSPECIFIED.);
#1056=B_SPLINE_CURVE_WITH_KNOTS('',3,(#1981,#1982,#1983,#1984,#1985,#1986),
 .UNSPECIFIED.,.F.,.F.,(4,1,1,4),(0.0021012195897043,0.00390668006164859,
0.00480941029762074,0.00571214053359288),.UNSPECIFIED.);
#1057=B_SPLINE_CURVE_WITH_KNOTS('',3,(#1988,#1989,#1990,#1991),
 .UNSPECIFIED.,.F.,.F.,(4,4),(0.00359744271547954,0.00518199682715416),
 .UNSPECIFIED.);
#1058=B_SPLINE_CURVE_WITH_KNOTS('',3,(#1993,#1994,#1995,#1996),
 .UNSPECIFIED.,.F.,.F.,(4,4),(0.00361736037440671,0.00524703591370244),
 .UNSPECIFIED.);
#1059=B_SPLINE_CURVE_WITH_KNOTS('',3,(#1999,#2000,#2001,#2002,#2003,#2004),
 .UNSPECIFIED.,.F.,.F.,(4,1,1,4),(0.0219094749997147,0.0237033501659557,
0.0246002877490762,0.0254972253321967),.UNSPECIFIED.);
#1060=B_SPLINE_CURVE_WITH_KNOTS('',3,(#2008,#2009,#2010,#2011,#2012),
 .UNSPECIFIED.,.F.,.F.,(4,1,4),(0.00728420216910838,0.0091294663003999,
0.0109747304316914),.UNSPECIFIED.);
#1061=EDGE_LOOP('',(#340,#341,#342,#343));
#1062=EDGE_LOOP('',(#344,#345,#346,#347,#348,#349,#350));
#1063=EDGE_LOOP('',(#351,#352,#353,#354,#355,#356,#357));
#1064=EDGE_LOOP('',(#358,#359,#360,#361));
#1065=EDGE_LOOP('',(#362,#363,#364,#365));
#1066=EDGE_LOOP('',(#366,#367,#368,#369));
#1067=EDGE_LOOP('',(#370,#371,#372,#373,#374,#375));
#1068=EDGE_LOOP('',(#376,#377,#378,#379));
#1069=EDGE_LOOP('',(#380,#381,#382,#383));
#1070=EDGE_LOOP('',(#384,#385,#386,#387,#388,#389,#390,#391));
#1071=EDGE_LOOP('',(#392,#393,#394,#395,#396,#397,#398,#399));
#1072=EDGE_LOOP('',(#400,#401,#402,#403));
#1073=EDGE_LOOP('',(#404,#405,#406,#407));
#1074=EDGE_LOOP('',(#408,#409,#410,#411));
#1075=EDGE_LOOP('',(#412));
#1076=EDGE_LOOP('',(#413,#414,#415,#416));
#1077=EDGE_LOOP('',(#417,#418,#419,#420,#421,#422,#423,#424,#425,#426));
#1078=EDGE_LOOP('',(#427,#428,#429,#430));
#1079=EDGE_LOOP('',(#431,#432,#433,#434,#435,#436));
#1080=EDGE_LOOP('',(#437));
#1081=EDGE_LOOP('',(#438));
#1082=EDGE_LOOP('',(#439,#440,#441,#442,#443,#444));
#1083=EDGE_LOOP('',(#445,#446,#447,#448,#449,#450,#451,#452,#453,#454,#455,
#456));
#1084=EDGE_LOOP('',(#457));
#1085=EDGE_LOOP('',(#458));
#1086=EDGE_LOOP('',(#459));
#1087=EDGE_LOOP('',(#460));
#1088=EDGE_LOOP('',(#461));
#1089=EDGE_LOOP('',(#462,#463,#464,#465,#466));
#1090=EDGE_LOOP('',(#467,#468,#469));
#1091=EDGE_LOOP('',(#470,#471,#472,#473,#474));
#1092=EDGE_LOOP('',(#475,#476,#477));
#1093=EDGE_LOOP('',(#478,#479,#480,#481));
#1094=EDGE_LOOP('',(#482,#483,#484,#485));
#1095=EDGE_LOOP('',(#486,#487,#488,#489));
#1096=EDGE_LOOP('',(#490,#491,#492,#493));
#1097=EDGE_LOOP('',(#494,#495,#496,#497));
#1098=EDGE_LOOP('',(#498,#499,#500,#501));
#1099=EDGE_LOOP('',(#502,#503,#504,#505));
#1100=EDGE_LOOP('',(#506));
#1101=EDGE_LOOP('',(#507,#508,#509,#510));
#1102=EDGE_LOOP('',(#511,#512,#513,#514,#515,#516,#517,#518,#519,#520));
#1103=EDGE_LOOP('',(#521));
#1104=EDGE_LOOP('',(#522));
#1105=EDGE_LOOP('',(#523));
#1106=EDGE_LOOP('',(#524));
#1107=EDGE_LOOP('',(#525,#526,#527,#528,#529));
#1108=EDGE_LOOP('',(#530,#531,#532));
#1109=EDGE_LOOP('',(#533,#534,#535,#536,#537));
#1110=EDGE_LOOP('',(#538,#539,#540));
#1111=EDGE_LOOP('',(#541,#542,#543,#544));
#1112=EDGE_LOOP('',(#545,#546,#547,#548));
#1113=EDGE_LOOP('',(#549,#550,#551,#552));
#1114=EDGE_LOOP('',(#553));
#1115=EDGE_LOOP('',(#554,#555,#556,#557));
#1116=EDGE_LOOP('',(#558,#559,#560,#561,#562,#563,#564,#565,#566,#567));
#1117=EDGE_LOOP('',(#568,#569,#570,#571,#572,#573));
#1118=EDGE_LOOP('',(#574));
#1119=EDGE_LOOP('',(#575));
#1120=EDGE_LOOP('',(#576));
#1121=EDGE_LOOP('',(#577));
#1122=EDGE_LOOP('',(#578,#579,#580,#581,#582));
#1123=EDGE_LOOP('',(#583,#584,#585));
#1124=EDGE_LOOP('',(#586,#587,#588,#589,#590));
#1125=EDGE_LOOP('',(#591,#592,#593));
#1126=EDGE_LOOP('',(#594,#595,#596,#597));
#1127=EDGE_LOOP('',(#598,#599,#600,#601));
#1128=EDGE_LOOP('',(#602,#603,#604,#605));
#1129=EDGE_LOOP('',(#606,#607,#608,#609));
#1130=EDGE_LOOP('',(#610,#611,#612,#613));
#1131=EDGE_LOOP('',(#614,#615,#616,#617));
#1132=EDGE_LOOP('',(#618,#619,#620));
#1133=EDGE_LOOP('',(#621,#622,#623));
#1134=EDGE_LOOP('',(#624,#625,#626,#627,#628,#629,#630,#631,#632,#633,#634,
#635));
#1135=EDGE_LOOP('',(#636,#637,#638));
#1136=EDGE_LOOP('',(#639,#640,#641));
#1137=EDGE_LOOP('',(#642,#643,#644,#645,#646,#647,#648,#649,#650,#651));
#1138=EDGE_LOOP('',(#652,#653,#654));
#1139=EDGE_LOOP('',(#655,#656,#657));
#1140=EDGE_LOOP('',(#658,#659,#660,#661,#662,#663,#664,#665,#666,#667));
#1141=EDGE_LOOP('',(#668,#669));
#1142=EDGE_LOOP('',(#670,#671,#672,#673));
#1143=EDGE_LOOP('',(#674,#675,#676,#677));
#1144=EDGE_LOOP('',(#678,#679,#680,#681));
#1145=EDGE_LOOP('',(#682,#683,#684,#685));
#1146=EDGE_LOOP('',(#686,#687,#688,#689));
#1147=EDGE_LOOP('',(#690,#691,#692,#693));
#1148=EDGE_LOOP('',(#694,#695,#696,#697));
#1149=EDGE_LOOP('',(#698,#699,#700,#701));
#1150=EDGE_LOOP('',(#702,#703,#704,#705));
#1151=EDGE_LOOP('',(#706,#707,#708,#709));
#1152=EDGE_LOOP('',(#710,#711,#712,#713));
#1153=EDGE_LOOP('',(#714,#715,#716,#717));
#1154=EDGE_LOOP('',(#718,#719,#720,#721));
#1155=EDGE_LOOP('',(#722,#723,#724,#725));
#1156=FACE_BOUND('',#1061,.T.);
#1157=FACE_BOUND('',#1062,.T.);
#1158=FACE_BOUND('',#1063,.T.);
#1159=FACE_BOUND('',#1064,.T.);
#1160=FACE_BOUND('',#1065,.T.);
#1161=FACE_BOUND('',#1066,.T.);
#1162=FACE_BOUND('',#1067,.T.);
#1163=FACE_BOUND('',#1068,.T.);
#1164=FACE_BOUND('',#1069,.T.);
#1165=FACE_BOUND('',#1070,.T.);
#1166=FACE_BOUND('',#1071,.T.);
#1167=FACE_BOUND('',#1072,.T.);
#1168=FACE_BOUND('',#1073,.T.);
#1169=FACE_BOUND('',#1074,.T.);
#1170=FACE_BOUND('',#1075,.T.);
#1171=FACE_BOUND('',#1076,.T.);
#1172=FACE_BOUND('',#1077,.T.);
#1173=FACE_BOUND('',#1078,.T.);
#1174=FACE_BOUND('',#1079,.T.);
#1175=FACE_BOUND('',#1080,.T.);
#1176=FACE_BOUND('',#1081,.T.);
#1177=FACE_BOUND('',#1082,.T.);
#1178=FACE_BOUND('',#1083,.T.);
#1179=FACE_BOUND('',#1084,.T.);
#1180=FACE_BOUND('',#1085,.T.);
#1181=FACE_BOUND('',#1086,.T.);
#1182=FACE_BOUND('',#1087,.T.);
#1183=FACE_BOUND('',#1088,.T.);
#1184=FACE_BOUND('',#1089,.T.);
#1185=FACE_BOUND('',#1090,.T.);
#1186=FACE_BOUND('',#1091,.T.);
#1187=FACE_BOUND('',#1092,.T.);
#1188=FACE_BOUND('',#1093,.T.);
#1189=FACE_BOUND('',#1094,.T.);
#1190=FACE_BOUND('',#1095,.T.);
#1191=FACE_BOUND('',#1096,.T.);
#1192=FACE_BOUND('',#1097,.T.);
#1193=FACE_BOUND('',#1098,.T.);
#1194=FACE_BOUND('',#1099,.T.);
#1195=FACE_BOUND('',#1100,.T.);
#1196=FACE_BOUND('',#1101,.T.);
#1197=FACE_BOUND('',#1102,.T.);
#1198=FACE_BOUND('',#1103,.T.);
#1199=FACE_BOUND('',#1104,.T.);
#1200=FACE_BOUND('',#1105,.T.);
#1201=FACE_BOUND('',#1106,.T.);
#1202=FACE_BOUND('',#1107,.T.);
#1203=FACE_BOUND('',#1108,.T.);
#1204=FACE_BOUND('',#1109,.T.);
#1205=FACE_BOUND('',#1110,.T.);
#1206=FACE_BOUND('',#1111,.T.);
#1207=FACE_BOUND('',#1112,.T.);
#1208=FACE_BOUND('',#1113,.T.);
#1209=FACE_BOUND('',#1114,.T.);
#1210=FACE_BOUND('',#1115,.T.);
#1211=FACE_BOUND('',#1116,.T.);
#1212=FACE_BOUND('',#1117,.T.);
#1213=FACE_BOUND('',#1118,.T.);
#1214=FACE_BOUND('',#1119,.T.);
#1215=FACE_BOUND('',#1120,.T.);
#1216=FACE_BOUND('',#1121,.T.);
#1217=FACE_BOUND('',#1122,.T.);
#1218=FACE_BOUND('',#1123,.T.);
#1219=FACE_BOUND('',#1124,.T.);
#1220=FACE_BOUND('',#1125,.T.);
#1221=FACE_BOUND('',#1126,.T.);
#1222=FACE_BOUND('',#1127,.T.);
#1223=FACE_BOUND('',#1128,.T.);
#1224=FACE_BOUND('',#1129,.T.);
#1225=FACE_BOUND('',#1130,.T.);
#1226=FACE_BOUND('',#1131,.T.);
#1227=FACE_BOUND('',#1132,.T.);
#1228=FACE_BOUND('',#1133,.T.);
#1229=FACE_BOUND('',#1134,.T.);
#1230=FACE_BOUND('',#1135,.T.);
#1231=FACE_BOUND('',#1136,.T.);
#1232=FACE_BOUND('',#1137,.T.);
#1233=FACE_BOUND('',#1138,.T.);
#1234=FACE_BOUND('',#1139,.T.);
#1235=FACE_BOUND('',#1140,.T.);
#1236=FACE_BOUND('',#1141,.T.);
#1237=FACE_BOUND('',#1142,.T.);
#1238=FACE_BOUND('',#1143,.T.);
#1239=FACE_BOUND('',#1144,.T.);
#1240=FACE_BOUND('',#1145,.T.);
#1241=FACE_BOUND('',#1146,.T.);
#1242=FACE_BOUND('',#1147,.T.);
#1243=FACE_BOUND('',#1148,.T.);
#1244=FACE_BOUND('',#1149,.T.);
#1245=FACE_BOUND('',#1150,.T.);
#1246=FACE_BOUND('',#1151,.T.);
#1247=FACE_BOUND('',#1152,.T.);
#1248=FACE_BOUND('',#1153,.T.);
#1249=FACE_BOUND('',#1154,.T.);
#1250=FACE_BOUND('',#1155,.T.);
#1251=PLANE('',#1391);
#1252=PLANE('',#1393);
#1253=PLANE('',#1394);
#1254=PLANE('',#1396);
#1255=PLANE('',#1398);
#1256=PLANE('',#1400);
#1257=PLANE('',#1402);
#1258=PLANE('',#1405);
#1259=PLANE('',#1406);
#1260=PLANE('',#1407);
#1261=PLANE('',#1408);
#1262=PLANE('',#1410);
#1263=PLANE('',#1411);
#1264=PLANE('',#1412);
#1265=PLANE('',#1413);
#1266=PLANE('',#1417);
#1267=PLANE('',#1433);
#1268=PLANE('',#1434);
#1269=PLANE('',#1435);
#1270=PLANE('',#1436);
#1271=PLANE('',#1445);
#1272=PLANE('',#1446);
#1273=PLANE('',#1447);
#1274=PLANE('',#1449);
#1275=PLANE('',#1450);
#1276=PLANE('',#1454);
#1277=PLANE('',#1455);
#1278=PLANE('',#1456);
#1279=PLANE('',#1457);
#1280=PLANE('',#1462);
#1281=PLANE('',#1464);
#1282=PLANE('',#1465);
#1283=PLANE('',#1466);
#1284=PLANE('',#1470);
#1285=PLANE('',#1471);
#1286=PLANE('',#1472);
#1287=PLANE('',#1473);
#1288=PLANE('',#1486);
#1289=PLANE('',#1487);
#1290=PLANE('',#1488);
#1291=PLANE('',#1489);
#1292=PLANE('',#1490);
#1293=PLANE('',#1491);
#1294=PLANE('',#1492);
#1295=PLANE('',#1493);
#1296=PLANE('',#1494);
#1297=PLANE('',#1495);
#1298=PLANE('',#1501);
#1299=ADVANCED_FACE('',(#1156,#1157),#1251,.T.);
#1300=ADVANCED_FACE('',(#1158),#1252,.F.);
#1301=ADVANCED_FACE('',(#1159),#1253,.T.);
#1302=ADVANCED_FACE('',(#1160),#1254,.T.);
#1303=ADVANCED_FACE('',(#1161,#1162),#1255,.T.);
#1304=ADVANCED_FACE('',(#1163),#1256,.T.);
#1305=ADVANCED_FACE('',(#1164,#1165),#1257,.T.);
#1306=ADVANCED_FACE('',(#1166),#1258,.F.);
#1307=ADVANCED_FACE('',(#1167),#1259,.F.);
#1308=ADVANCED_FACE('',(#1168),#1260,.F.);
#1309=ADVANCED_FACE('',(#1169,#1170),#1261,.T.);
#1310=ADVANCED_FACE('',(#1171),#1262,.T.);
#1311=ADVANCED_FACE('',(#1172),#1263,.T.);
#1312=ADVANCED_FACE('',(#1173),#1264,.F.);
#1313=ADVANCED_FACE('',(#1174),#1265,.F.);
#1314=ADVANCED_FACE('',(#1175,#1176),#36,.F.);
#1315=ADVANCED_FACE('',(#1177,#1178,#1179,#1180,#1181),#1266,.F.);
#1316=ADVANCED_FACE('',(#1182,#1183),#33,.F.);
#1317=ADVANCED_FACE('',(#1184),#1267,.F.);
#1318=ADVANCED_FACE('',(#1185),#1268,.F.);
#1319=ADVANCED_FACE('',(#1186),#1269,.F.);
#1320=ADVANCED_FACE('',(#1187),#1270,.T.);
#1321=ADVANCED_FACE('',(#1188),#37,.F.);
#1322=ADVANCED_FACE('',(#1189),#38,.F.);
#1323=ADVANCED_FACE('',(#1190),#39,.T.);
#1324=ADVANCED_FACE('',(#1191),#40,.T.);
#1325=ADVANCED_FACE('',(#1192),#1271,.F.);
#1326=ADVANCED_FACE('',(#1193),#1272,.F.);
#1327=ADVANCED_FACE('',(#1194,#1195),#1273,.T.);
#1328=ADVANCED_FACE('',(#1196),#1274,.T.);
#1329=ADVANCED_FACE('',(#1197),#1275,.T.);
#1330=ADVANCED_FACE('',(#1198,#1199),#41,.F.);
#1331=ADVANCED_FACE('',(#1200,#1201),#34,.F.);
#1332=ADVANCED_FACE('',(#1202),#1276,.F.);
#1333=ADVANCED_FACE('',(#1203),#1277,.F.);
#1334=ADVANCED_FACE('',(#1204),#1278,.F.);
#1335=ADVANCED_FACE('',(#1205),#1279,.T.);
#1336=ADVANCED_FACE('',(#1206),#42,.F.);
#1337=ADVANCED_FACE('',(#1207),#43,.T.);
#1338=ADVANCED_FACE('',(#1208,#1209),#1280,.T.);
#1339=ADVANCED_FACE('',(#1210),#1281,.T.);
#1340=ADVANCED_FACE('',(#1211),#1282,.T.);
#1341=ADVANCED_FACE('',(#1212),#1283,.F.);
#1342=ADVANCED_FACE('',(#1213,#1214),#44,.F.);
#1343=ADVANCED_FACE('',(#1215,#1216),#35,.F.);
#1344=ADVANCED_FACE('',(#1217),#1284,.F.);
#1345=ADVANCED_FACE('',(#1218),#1285,.F.);
#1346=ADVANCED_FACE('',(#1219),#1286,.F.);
#1347=ADVANCED_FACE('',(#1220),#1287,.T.);
#1348=ADVANCED_FACE('',(#1221),#45,.F.);
#1349=ADVANCED_FACE('',(#1222),#46,.F.);
#1350=ADVANCED_FACE('',(#1223),#47,.F.);
#1351=ADVANCED_FACE('',(#1224),#48,.F.);
#1352=ADVANCED_FACE('',(#1225),#49,.F.);
#1353=ADVANCED_FACE('',(#1226),#50,.F.);
#1354=ADVANCED_FACE('',(#1227),#1288,.T.);
#1355=ADVANCED_FACE('',(#1228),#1289,.F.);
#1356=ADVANCED_FACE('',(#1229),#1290,.T.);
#1357=ADVANCED_FACE('',(#1230),#1291,.F.);
#1358=ADVANCED_FACE('',(#1231),#1292,.T.);
#1359=ADVANCED_FACE('',(#1232),#1293,.T.);
#1360=ADVANCED_FACE('',(#1233),#1294,.T.);
#1361=ADVANCED_FACE('',(#1234),#1295,.T.);
#1362=ADVANCED_FACE('',(#1235),#1296,.T.);
#1363=ADVANCED_FACE('',(#1236),#1297,.F.);
#1364=ADVANCED_FACE('',(#1237),#51,.F.);
#1365=ADVANCED_FACE('',(#1238),#24,.F.);
#1366=ADVANCED_FACE('',(#1239),#25,.F.);
#1367=ADVANCED_FACE('',(#1240),#26,.F.);
#1368=ADVANCED_FACE('',(#1241),#52,.F.);
#1369=ADVANCED_FACE('',(#1242),#27,.F.);
#1370=ADVANCED_FACE('',(#1243),#28,.F.);
#1371=ADVANCED_FACE('',(#1244),#29,.F.);
#1372=ADVANCED_FACE('',(#1245),#53,.F.);
#1373=ADVANCED_FACE('',(#1246),#30,.F.);
#1374=ADVANCED_FACE('',(#1247),#31,.F.);
#1375=ADVANCED_FACE('',(#1248),#32,.F.);
#1376=ADVANCED_FACE('',(#1249),#54,.F.);
#1377=ADVANCED_FACE('',(#1250),#1298,.T.);
#1378=CLOSED_SHELL('',(#1299,#1300,#1301,#1302,#1303,#1304,#1305,#1306,
#1307,#1308,#1309,#1310,#1311,#1312,#1313,#1314,#1315,#1316,#1317,#1318,
#1319,#1320,#1321,#1322,#1323,#1324,#1325,#1326,#1327,#1328,#1329,#1330,
#1331,#1332,#1333,#1334,#1335,#1336,#1337,#1338,#1339,#1340,#1341,#1342,
#1343,#1344,#1345,#1346,#1347,#1348,#1349,#1350,#1351,#1352,#1353,#1354,
#1355,#1356,#1357,#1358,#1359,#1360,#1361,#1362,#1363,#1364,#1365,#1366,
#1367,#1368,#1369,#1370,#1371,#1372,#1373,#1374,#1375,#1376,#1377));
#1379=STYLED_ITEM('',(#1380),#1387);
#1380=PRESENTATION_STYLE_ASSIGNMENT((#1381));
#1381=SURFACE_STYLE_USAGE(.BOTH.,#1382);
#1382=SURFACE_SIDE_STYLE('',(#1383));
#1383=SURFACE_STYLE_FILL_AREA(#1384);
#1384=FILL_AREA_STYLE('',(#1385));
#1385=FILL_AREA_STYLE_COLOUR('',#1386);
#1386=COLOUR_RGB('',0.498039215686275,0.498039215686275,0.498039215686275);
#1387=MANIFOLD_SOLID_BREP('Obroc_noge',#1378);
#1388=SHAPE_DEFINITION_REPRESENTATION(#9226,#1389);
#1389=SHAPE_REPRESENTATION('Obroc_noge',(#1390),#9221);
#1390=AXIS2_PLACEMENT_3D('',#1848,#1502,#1503);
#1391=AXIS2_PLACEMENT_3D('',#1849,#1504,#1505);
#1392=AXIS2_PLACEMENT_3D('',#1863,#1506,#1507);
#1393=AXIS2_PLACEMENT_3D('',#1884,#1515,#1516);
#1394=AXIS2_PLACEMENT_3D('',#1896,#1523,#1524);
#1395=AXIS2_PLACEMENT_3D('',#1904,#1525,#1526);
#1396=AXIS2_PLACEMENT_3D('',#1917,#1527,#1528);
#1397=AXIS2_PLACEMENT_3D('',#1925,#1529,#1530);
#1398=AXIS2_PLACEMENT_3D('',#1938,#1531,#1532);
#1399=AXIS2_PLACEMENT_3D('',#1952,#1533,#1534);
#1400=AXIS2_PLACEMENT_3D('',#1971,#1541,#1542);
#1401=AXIS2_PLACEMENT_3D('',#1979,#1543,#1544);
#1402=AXIS2_PLACEMENT_3D('',#1992,#1545,#1546);
#1403=AXIS2_PLACEMENT_3D('',#2006,#1547,#1548);
#1404=AXIS2_PLACEMENT_3D('',#2013,#1549,#1550);
#1405=AXIS2_PLACEMENT_3D('',#2029,#1558,#1559);
#1406=AXIS2_PLACEMENT_3D('',#2040,#1566,#1567);
#1407=AXIS2_PLACEMENT_3D('',#2046,#1571,#1572);
#1408=AXIS2_PLACEMENT_3D('',#2052,#1576,#1577);
#1409=AXIS2_PLACEMENT_3D('',#2061,#1582,#1583);
#1410=AXIS2_PLACEMENT_3D('',#2063,#1584,#1585);
#1411=AXIS2_PLACEMENT_3D('',#2066,#1588,#1589);
#1412=AXIS2_PLACEMENT_3D('',#2084,#1599,#1600);
#1413=AXIS2_PLACEMENT_3D('',#2090,#1604,#1605);
#1414=AXIS2_PLACEMENT_3D('',#2096,#1609,#1610);
#1415=AXIS2_PLACEMENT_3D('',#2097,#1611,#1612);
#1416=AXIS2_PLACEMENT_3D('',#2099,#1613,#1614);
#1417=AXIS2_PLACEMENT_3D('',#2101,#1615,#1616);
#1418=AXIS2_PLACEMENT_3D('',#2102,#1617,#1618);
#1419=AXIS2_PLACEMENT_3D('',#2103,#1619,#1620);
#1420=AXIS2_PLACEMENT_3D('',#2107,#1622,#1623);
#1421=AXIS2_PLACEMENT_3D('',#2108,#1624,#1625);
#1422=AXIS2_PLACEMENT_3D('',#2111,#1626,#1627);
#1423=AXIS2_PLACEMENT_3D('',#2112,#1628,#1629);
#1424=AXIS2_PLACEMENT_3D('',#2114,#1630,#1631);
#1425=AXIS2_PLACEMENT_3D('',#2116,#1632,#1633);
#1426=AXIS2_PLACEMENT_3D('',#2120,#1635,#1636);
#1427=AXIS2_PLACEMENT_3D('',#2122,#1637,#1638);
#1428=AXIS2_PLACEMENT_3D('',#2124,#1639,#1640);
#1429=AXIS2_PLACEMENT_3D('',#2128,#1642,#1643);
#1430=AXIS2_PLACEMENT_3D('',#2129,#1644,#1645);
#1431=AXIS2_PLACEMENT_3D('',#2131,#1646,#1647);
#1432=AXIS2_PLACEMENT_3D('',#2133,#1648,#1649);
#1433=AXIS2_PLACEMENT_3D('',#2134,#1650,#1651);
#1434=AXIS2_PLACEMENT_3D('',#2137,#1654,#1655);
#1435=AXIS2_PLACEMENT_3D('',#2138,#1656,#1657);
#1436=AXIS2_PLACEMENT_3D('',#2141,#1660,#1661);
#1437=AXIS2_PLACEMENT_3D('',#2142,#1662,#1663);
#1438=AXIS2_PLACEMENT_3D('',#2143,#1664,#1665);
#1439=AXIS2_PLACEMENT_3D('',#2144,#1666,#1667);
#1440=AXIS2_PLACEMENT_3D('',#2146,#1669,#1670);
#1441=AXIS2_PLACEMENT_3D('',#2147,#1671,#1672);
#1442=AXIS2_PLACEMENT_3D('',#2150,#1674,#1675);
#1443=AXIS2_PLACEMENT_3D('',#2153,#1677,#1678);
#1444=AXIS2_PLACEMENT_3D('',#2156,#1680,#1681);
#1445=AXIS2_PLACEMENT_3D('',#2159,#1683,#1684);
#1446=AXIS2_PLACEMENT_3D('',#2165,#1688,#1689);
#1447=AXIS2_PLACEMENT_3D('',#2169,#1692,#1693);
#1448=AXIS2_PLACEMENT_3D('',#2178,#1698,#1699);
#1449=AXIS2_PLACEMENT_3D('',#2180,#1700,#1701);
#1450=AXIS2_PLACEMENT_3D('',#2183,#1704,#1705);
#1451=AXIS2_PLACEMENT_3D('',#2198,#1714,#1715);
#1452=AXIS2_PLACEMENT_3D('',#2199,#1716,#1717);
#1453=AXIS2_PLACEMENT_3D('',#2201,#1718,#1719);
#1454=AXIS2_PLACEMENT_3D('',#2202,#1720,#1721);
#1455=AXIS2_PLACEMENT_3D('',#2205,#1724,#1725);
#1456=AXIS2_PLACEMENT_3D('',#2206,#1726,#1727);
#1457=AXIS2_PLACEMENT_3D('',#2209,#1730,#1731);
#1458=AXIS2_PLACEMENT_3D('',#2210,#1732,#1733);
#1459=AXIS2_PLACEMENT_3D('',#2211,#1734,#1735);
#1460=AXIS2_PLACEMENT_3D('',#2213,#1737,#1738);
#1461=AXIS2_PLACEMENT_3D('',#2216,#1740,#1741);
#1462=AXIS2_PLACEMENT_3D('',#2219,#1743,#1744);
#1463=AXIS2_PLACEMENT_3D('',#2228,#1749,#1750);
#1464=AXIS2_PLACEMENT_3D('',#2230,#1751,#1752);
#1465=AXIS2_PLACEMENT_3D('',#2233,#1755,#1756);
#1466=AXIS2_PLACEMENT_3D('',#2248,#1765,#1766);
#1467=AXIS2_PLACEMENT_3D('',#2249,#1767,#1768);
#1468=AXIS2_PLACEMENT_3D('',#2250,#1769,#1770);
#1469=AXIS2_PLACEMENT_3D('',#2252,#1771,#1772);
#1470=AXIS2_PLACEMENT_3D('',#2253,#1773,#1774);
#1471=AXIS2_PLACEMENT_3D('',#2256,#1777,#1778);
#1472=AXIS2_PLACEMENT_3D('',#2257,#1779,#1780);
#1473=AXIS2_PLACEMENT_3D('',#2260,#1783,#1784);
#1474=AXIS2_PLACEMENT_3D('',#2261,#1785,#1786);
#1475=AXIS2_PLACEMENT_3D('',#2262,#1787,#1788);
#1476=AXIS2_PLACEMENT_3D('',#2263,#1789,#1790);
#1477=AXIS2_PLACEMENT_3D('',#2264,#1791,#1792);
#1478=AXIS2_PLACEMENT_3D('',#2265,#1793,#1794);
#1479=AXIS2_PLACEMENT_3D('',#2266,#1795,#1796);
#1480=AXIS2_PLACEMENT_3D('',#2267,#1797,#1798);
#1481=AXIS2_PLACEMENT_3D('',#2268,#1799,#1800);
#1482=AXIS2_PLACEMENT_3D('',#2269,#1801,#1802);
#1483=AXIS2_PLACEMENT_3D('',#2270,#1803,#1804);
#1484=AXIS2_PLACEMENT_3D('',#2271,#1805,#1806);
#1485=AXIS2_PLACEMENT_3D('',#2272,#1807,#1808);
#1486=AXIS2_PLACEMENT_3D('',#2273,#1809,#1810);
#1487=AXIS2_PLACEMENT_3D('',#2275,#1812,#1813);
#1488=AXIS2_PLACEMENT_3D('',#2277,#1815,#1816);
#1489=AXIS2_PLACEMENT_3D('',#2279,#1818,#1819);
#1490=AXIS2_PLACEMENT_3D('',#2281,#1821,#1822);
#1491=AXIS2_PLACEMENT_3D('',#2283,#1824,#1825);
#1492=AXIS2_PLACEMENT_3D('',#2284,#1826,#1827);
#1493=AXIS2_PLACEMENT_3D('',#2286,#1829,#1830);
#1494=AXIS2_PLACEMENT_3D('',#2288,#1832,#1833);
#1495=AXIS2_PLACEMENT_3D('',#2289,#1834,#1835);
#1496=AXIS2_PLACEMENT_3D('',#2290,#1836,#1837);
#1497=AXIS2_PLACEMENT_3D('',#2291,#1838,#1839);
#1498=AXIS2_PLACEMENT_3D('',#4600,#1840,#1841);
#1499=AXIS2_PLACEMENT_3D('',#6909,#1842,#1843);
#1500=AXIS2_PLACEMENT_3D('',#9218,#1844,#1845);
#1501=AXIS2_PLACEMENT_3D('',#9219,#1846,#1847);
#1502=DIRECTION('',(0.,0.,1.));
#1503=DIRECTION('',(1.,0.,0.));
#1504=DIRECTION('',(0.,0.,1.));
#1505=DIRECTION('',(-0.422618261740699,-0.90630778703665,0.));
#1506=DIRECTION('',(0.,0.,1.));
#1507=DIRECTION('',(1.,0.,0.));
#1508=DIRECTION('',(-0.90630778703665,0.422618261740699,0.));
#1509=DIRECTION('',(-0.984168480929283,-0.177235439868404,0.));
#1510=DIRECTION('',(-0.422618261740699,-0.90630778703665,0.));
#1511=DIRECTION('',(0.90630778703665,-0.4226182617407,0.));
#1512=DIRECTION('',(-0.4226182617407,-0.90630778703665,0.));
#1513=DIRECTION('',(-0.422618261740699,-0.90630778703665,0.));
#1514=DIRECTION('',(-0.422618261740699,-0.90630778703665,0.));
#1515=DIRECTION('',(0.90630778703665,-0.422618261740699,0.));
#1516=DIRECTION('',(0.,0.,1.));
#1517=DIRECTION('',(0.,0.,1.));
#1518=DIRECTION('',(-0.422618261740699,-0.90630778703665,0.));
#1519=DIRECTION('',(0.,0.,-1.));
#1520=DIRECTION('',(-0.422618261740699,-0.90630778703665,0.));
#1521=DIRECTION('',(0.,0.,-1.));
#1522=DIRECTION('',(0.,0.,-1.));
#1523=DIRECTION('',(0.,0.,1.));
#1524=DIRECTION('',(-0.422618261740699,-0.90630778703665,0.));
#1525=DIRECTION('',(0.,0.,1.));
#1526=DIRECTION('',(1.,0.,0.));
#1527=DIRECTION('',(0.,0.,1.));
#1528=DIRECTION('',(1.,0.,0.));
#1529=DIRECTION('',(0.,0.,1.));
#1530=DIRECTION('',(1.,0.,0.));
#1531=DIRECTION('',(0.,0.,1.));
#1532=DIRECTION('',(1.,0.,0.));
#1533=DIRECTION('',(0.,0.,1.));
#1534=DIRECTION('',(1.,0.,0.));
#1535=DIRECTION('',(1.,0.,0.));
#1536=DIRECTION('',(0.,-1.,0.));
#1537=DIRECTION('',(1.,0.,0.));
#1538=DIRECTION('',(7.70988211545248E-16,1.,0.));
#1539=DIRECTION('',(1.,-7.70988211545248E-16,0.));
#1540=DIRECTION('',(1.,0.,0.));
#1541=DIRECTION('',(0.,0.,1.));
#1542=DIRECTION('',(-0.422618261740699,0.90630778703665,0.));
#1543=DIRECTION('',(0.,0.,1.));
#1544=DIRECTION('',(1.,0.,0.));
#1545=DIRECTION('',(0.,0.,1.));
#1546=DIRECTION('',(-0.422618261740699,0.90630778703665,0.));
#1547=DIRECTION('',(0.,0.,1.));
#1548=DIRECTION('',(1.,0.,0.));
#1549=DIRECTION('',(0.,0.,1.));
#1550=DIRECTION('',(1.,0.,0.));
#1551=DIRECTION('',(-0.90630778703665,-0.422618261740698,0.));
#1552=DIRECTION('',(-0.422618261740698,0.90630778703665,0.));
#1553=DIRECTION('',(-0.422618261740699,0.90630778703665,0.));
#1554=DIRECTION('',(-0.422618261740699,0.90630778703665,0.));
#1555=DIRECTION('',(0.90630778703665,0.422618261740699,0.));
#1556=DIRECTION('',(-0.422618261740699,0.90630778703665,0.));
#1557=DIRECTION('',(-0.90630778703665,-0.422618261740698,0.));
#1558=DIRECTION('',(0.422618261740698,-0.90630778703665,0.));
#1559=DIRECTION('',(0.90630778703665,0.422618261740698,0.));
#1560=DIRECTION('',(0.,0.,-1.));
#1561=DIRECTION('',(0.90630778703665,0.422618261740698,0.));
#1562=DIRECTION('',(0.,0.,-1.));
#1563=DIRECTION('',(0.,0.,-1.));
#1564=DIRECTION('',(-0.90630778703665,-0.422618261740698,0.));
#1565=DIRECTION('',(-0.405313164070271,-0.189000632357,-0.894427190999916));
#1566=DIRECTION('',(1.,0.,0.));
#1567=DIRECTION('',(0.,0.,-1.));
#1568=DIRECTION('',(0.,1.,0.));
#1569=DIRECTION('',(0.,0.,-1.));
#1570=DIRECTION('',(3.44796410173233E-16,0.447213595499958,-0.894427190999916));
#1571=DIRECTION('',(-1.,7.70988211545248E-16,0.));
#1572=DIRECTION('',(-7.70988211545248E-16,-1.,0.));
#1573=DIRECTION('',(-7.70988211545248E-16,-1.,0.));
#1574=DIRECTION('',(3.44796410173233E-16,0.447213595499958,-0.894427190999916));
#1575=DIRECTION('',(0.,0.,-1.));
#1576=DIRECTION('',(0.,0.,1.));
#1577=DIRECTION('',(-0.422618261740699,0.90630778703665,0.));
#1578=DIRECTION('',(-0.90630778703665,-0.422618261740698,0.));
#1579=DIRECTION('',(0.422618261740699,-0.90630778703665,0.));
#1580=DIRECTION('',(-0.90630778703665,-0.422618261740698,0.));
#1581=DIRECTION('',(-0.422618261740699,0.90630778703665,0.));
#1582=DIRECTION('',(0.,0.,1.));
#1583=DIRECTION('',(-0.422618261740699,0.90630778703665,0.));
#1584=DIRECTION('',(-0.90630778703665,-0.422618261740699,0.));
#1585=DIRECTION('',(0.,0.,1.));
#1586=DIRECTION('',(0.,0.,-1.));
#1587=DIRECTION('',(0.,0.,-1.));
#1588=DIRECTION('',(-0.90630778703665,-0.422618261740699,0.));
#1589=DIRECTION('',(0.,0.,1.));
#1590=DIRECTION('',(0.,0.,-1.));
#1591=DIRECTION('',(-0.422618261740699,0.90630778703665,0.));
#1592=DIRECTION('',(0.,0.,-1.));
#1593=DIRECTION('',(-0.422618261740699,0.90630778703665,0.));
#1594=DIRECTION('',(-0.422618261740698,0.90630778703665,0.));
#1595=DIRECTION('',(0.,0.,-1.));
#1596=DIRECTION('',(-0.422618261740699,0.90630778703665,0.));
#1597=DIRECTION('',(0.,0.,-1.));
#1598=DIRECTION('',(-0.422618261740699,0.90630778703665,0.));
#1599=DIRECTION('',(-0.422618261740699,0.90630778703665,0.));
#1600=DIRECTION('',(0.,0.,-1.));
#1601=DIRECTION('',(-0.405313164070271,-0.189000632357,-0.894427190999916));
#1602=DIRECTION('',(0.90630778703665,0.422618261740699,0.));
#1603=DIRECTION('',(0.,0.,-1.));
#1604=DIRECTION('',(-0.90630778703665,-0.422618261740699,0.));
#1605=DIRECTION('',(0.,0.,1.));
#1606=DIRECTION('',(-0.422618261740699,0.90630778703665,0.));
#1607=DIRECTION('',(0.,0.,-1.));
#1608=DIRECTION('',(0.,0.,-1.));
#1609=DIRECTION('',(0.,0.,-1.));
#1610=DIRECTION('',(0.422618261740699,-0.90630778703665,0.));
#1611=DIRECTION('',(0.,0.,1.));
#1612=DIRECTION('',(-0.422618261740699,0.90630778703665,0.));
#1613=DIRECTION('',(0.,0.,1.));
#1614=DIRECTION('',(-0.422618261740699,0.90630778703665,0.));
#1615=DIRECTION('',(0.,0.,1.));
#1616=DIRECTION('',(-0.422618261740699,0.90630778703665,0.));
#1617=DIRECTION('',(0.,0.,1.));
#1618=DIRECTION('',(1.,0.,0.));
#1619=DIRECTION('',(0.,0.,1.));
#1620=DIRECTION('',(1.,0.,0.));
#1621=DIRECTION('',(1.,0.,0.));
#1622=DIRECTION('',(0.,0.,1.));
#1623=DIRECTION('',(1.,0.,0.));
#1624=DIRECTION('',(0.,0.,1.));
#1625=DIRECTION('',(1.,0.,0.));
#1626=DIRECTION('',(0.,0.,1.));
#1627=DIRECTION('',(1.,0.,0.));
#1628=DIRECTION('',(0.,0.,1.));
#1629=DIRECTION('',(1.,0.,0.));
#1630=DIRECTION('',(0.,0.,1.));
#1631=DIRECTION('',(1.,0.,0.));
#1632=DIRECTION('',(0.,0.,1.));
#1633=DIRECTION('',(1.,0.,0.));
#1634=DIRECTION('',(1.,0.,0.));
#1635=DIRECTION('',(0.,0.,1.));
#1636=DIRECTION('',(1.,0.,0.));
#1637=DIRECTION('',(0.,0.,1.));
#1638=DIRECTION('',(1.,0.,0.));
#1639=DIRECTION('',(0.,0.,1.));
#1640=DIRECTION('',(1.,0.,0.));
#1641=DIRECTION('',(-0.422618261740699,-0.90630778703665,0.));
#1642=DIRECTION('',(0.,0.,1.));
#1643=DIRECTION('',(1.,0.,0.));
#1644=DIRECTION('',(0.,0.,1.));
#1645=DIRECTION('',(-0.422618261740699,-0.90630778703665,0.));
#1646=DIRECTION('',(0.,0.,1.));
#1647=DIRECTION('',(1.,0.,0.));
#1648=DIRECTION('',(0.,0.,1.));
#1649=DIRECTION('',(-0.422618261740699,0.90630778703665,0.));
#1650=DIRECTION('',(0.810626328140541,0.378001264714001,-0.447213595499958));
#1651=DIRECTION('',(-0.405313164070271,-0.189000632357,-0.894427190999916));
#1652=DIRECTION('',(-0.405313164070271,-0.189000632357,-0.894427190999916));
#1653=DIRECTION('',(-0.405313164070271,-0.189000632357,-0.894427190999916));
#1654=DIRECTION('',(-0.422618261740698,0.90630778703665,0.));
#1655=DIRECTION('',(-0.90630778703665,-0.422618261740698,0.));
#1656=DIRECTION('',(0.810626328140541,0.378001264714001,-0.447213595499958));
#1657=DIRECTION('',(-0.405313164070271,-0.189000632357,-0.894427190999916));
#1658=DIRECTION('',(-0.405313164070271,-0.189000632357,-0.894427190999916));
#1659=DIRECTION('',(-0.405313164070271,-0.189000632357,-0.894427190999916));
#1660=DIRECTION('',(-0.422618261740698,0.90630778703665,0.));
#1661=DIRECTION('',(-0.90630778703665,-0.422618261740698,0.));
#1662=DIRECTION('',(0.,0.,-1.));
#1663=DIRECTION('',(-1.,0.,0.));
#1664=DIRECTION('',(0.,0.,1.));
#1665=DIRECTION('',(1.,0.,0.));
#1666=DIRECTION('',(0.,0.,-1.));
#1667=DIRECTION('',(-1.,0.,0.));
#1668=DIRECTION('',(0.,0.,-1.));
#1669=DIRECTION('',(0.,0.,1.));
#1670=DIRECTION('',(1.,0.,0.));
#1671=DIRECTION('',(0.,0.,-1.));
#1672=DIRECTION('',(-1.,0.,0.));
#1673=DIRECTION('',(0.,0.,-1.));
#1674=DIRECTION('',(0.,0.,1.));
#1675=DIRECTION('',(1.,0.,0.));
#1676=DIRECTION('',(0.,0.,-1.));
#1677=DIRECTION('',(0.,0.,-1.));
#1678=DIRECTION('',(-1.,0.,0.));
#1679=DIRECTION('',(0.,0.,-1.));
#1680=DIRECTION('',(0.,0.,1.));
#1681=DIRECTION('',(1.,0.,0.));
#1682=DIRECTION('',(0.,0.,-1.));
#1683=DIRECTION('',(-0.422618261740699,-0.90630778703665,0.));
#1684=DIRECTION('',(0.,0.,-1.));
#1685=DIRECTION('',(-0.90630778703665,0.422618261740699,0.));
#1686=DIRECTION('',(0.,0.,1.));
#1687=DIRECTION('',(0.405313164070271,-0.189000632357001,-0.894427190999916));
#1688=DIRECTION('',(0.4226182617407,0.90630778703665,0.));
#1689=DIRECTION('',(-0.90630778703665,0.4226182617407,0.));
#1690=DIRECTION('',(0.90630778703665,-0.4226182617407,0.));
#1691=DIRECTION('',(0.405313164070271,-0.189000632357001,-0.894427190999916));
#1692=DIRECTION('',(0.,0.,1.));
#1693=DIRECTION('',(-0.422618261740699,-0.90630778703665,0.));
#1694=DIRECTION('',(0.90630778703665,-0.4226182617407,0.));
#1695=DIRECTION('',(0.422618261740699,0.90630778703665,0.));
#1696=DIRECTION('',(0.90630778703665,-0.4226182617407,0.));
#1697=DIRECTION('',(-0.422618261740699,-0.90630778703665,0.));
#1698=DIRECTION('',(0.,0.,1.));
#1699=DIRECTION('',(-0.422618261740699,-0.90630778703665,0.));
#1700=DIRECTION('',(0.90630778703665,-0.422618261740699,0.));
#1701=DIRECTION('',(0.,0.,1.));
#1702=DIRECTION('',(0.,0.,-1.));
#1703=DIRECTION('',(0.,0.,-1.));
#1704=DIRECTION('',(0.90630778703665,-0.422618261740699,0.));
#1705=DIRECTION('',(0.,0.,1.));
#1706=DIRECTION('',(-0.422618261740699,-0.90630778703665,0.));
#1707=DIRECTION('',(0.,0.,-1.));
#1708=DIRECTION('',(0.,0.,-1.));
#1709=DIRECTION('',(-0.422618261740699,-0.90630778703665,0.));
#1710=DIRECTION('',(0.,0.,-1.));
#1711=DIRECTION('',(-0.422618261740699,-0.90630778703665,0.));
#1712=DIRECTION('',(-0.4226182617407,-0.90630778703665,0.));
#1713=DIRECTION('',(0.,0.,-1.));
#1714=DIRECTION('',(0.,0.,-1.));
#1715=DIRECTION('',(0.422618261740699,0.90630778703665,0.));
#1716=DIRECTION('',(0.,0.,1.));
#1717=DIRECTION('',(-0.422618261740699,-0.90630778703665,0.));
#1718=DIRECTION('',(0.,0.,1.));
#1719=DIRECTION('',(-0.422618261740699,-0.90630778703665,0.));
#1720=DIRECTION('',(-0.810626328140541,0.378001264714002,-0.447213595499958));
#1721=DIRECTION('',(0.405313164070271,-0.189000632357,-0.894427190999916));
#1722=DIRECTION('',(0.405313164070271,-0.189000632357001,-0.894427190999916));
#1723=DIRECTION('',(0.405313164070271,-0.189000632357001,-0.894427190999916));
#1724=DIRECTION('',(-0.4226182617407,-0.90630778703665,0.));
#1725=DIRECTION('',(0.90630778703665,-0.4226182617407,0.));
#1726=DIRECTION('',(-0.810626328140541,0.378001264714002,-0.447213595499958));
#1727=DIRECTION('',(0.405313164070271,-0.189000632357,-0.894427190999916));
#1728=DIRECTION('',(0.405313164070271,-0.189000632357001,-0.894427190999916));
#1729=DIRECTION('',(0.405313164070271,-0.189000632357001,-0.894427190999916));
#1730=DIRECTION('',(-0.4226182617407,-0.90630778703665,0.));
#1731=DIRECTION('',(0.90630778703665,-0.4226182617407,0.));
#1732=DIRECTION('',(0.,0.,-1.));
#1733=DIRECTION('',(-1.,0.,0.));
#1734=DIRECTION('',(0.,0.,1.));
#1735=DIRECTION('',(1.,0.,0.));
#1736=DIRECTION('',(0.,0.,-1.));
#1737=DIRECTION('',(0.,0.,-1.));
#1738=DIRECTION('',(-1.,0.,0.));
#1739=DIRECTION('',(0.,0.,-1.));
#1740=DIRECTION('',(0.,0.,1.));
#1741=DIRECTION('',(1.,0.,0.));
#1742=DIRECTION('',(0.,0.,-1.));
#1743=DIRECTION('',(0.,0.,1.));
#1744=DIRECTION('',(1.,0.,0.));
#1745=DIRECTION('',(7.70988211545248E-16,1.,0.));
#1746=DIRECTION('',(-1.,0.,0.));
#1747=DIRECTION('',(7.70988211545248E-16,1.,0.));
#1748=DIRECTION('',(1.,0.,0.));
#1749=DIRECTION('',(0.,0.,1.));
#1750=DIRECTION('',(1.,0.,0.));
#1751=DIRECTION('',(0.,1.,0.));
#1752=DIRECTION('',(0.,0.,1.));
#1753=DIRECTION('',(0.,0.,-1.));
#1754=DIRECTION('',(0.,0.,-1.));
#1755=DIRECTION('',(0.,1.,0.));
#1756=DIRECTION('',(0.,0.,1.));
#1757=DIRECTION('',(0.,0.,-1.));
#1758=DIRECTION('',(1.,0.,0.));
#1759=DIRECTION('',(0.,0.,-1.));
#1760=DIRECTION('',(1.,0.,0.));
#1761=DIRECTION('',(1.,-7.70988211545248E-16,0.));
#1762=DIRECTION('',(0.,0.,-1.));
#1763=DIRECTION('',(1.,0.,0.));
#1764=DIRECTION('',(0.,0.,-1.));
#1765=DIRECTION('',(0.,1.,0.));
#1766=DIRECTION('',(0.,0.,1.));
#1767=DIRECTION('',(0.,0.,-1.));
#1768=DIRECTION('',(-1.,0.,0.));
#1769=DIRECTION('',(0.,0.,1.));
#1770=DIRECTION('',(1.,0.,0.));
#1771=DIRECTION('',(0.,0.,1.));
#1772=DIRECTION('',(1.,0.,0.));
#1773=DIRECTION('',(-6.89592820346465E-16,-0.894427190999916,-0.447213595499958));
#1774=DIRECTION('',(0.,0.447213595499958,-0.894427190999916));
#1775=DIRECTION('',(3.44796410173233E-16,0.447213595499958,-0.894427190999916));
#1776=DIRECTION('',(3.44796410173233E-16,0.447213595499958,-0.894427190999916));
#1777=DIRECTION('',(1.,-7.70988211545248E-16,0.));
#1778=DIRECTION('',(7.70988211545248E-16,1.,0.));
#1779=DIRECTION('',(-6.89592820346465E-16,-0.894427190999916,-0.447213595499958));
#1780=DIRECTION('',(0.,0.447213595499958,-0.894427190999916));
#1781=DIRECTION('',(3.44796410173233E-16,0.447213595499958,-0.894427190999916));
#1782=DIRECTION('',(3.44796410173233E-16,0.447213595499958,-0.894427190999916));
#1783=DIRECTION('',(1.,-7.70988211545248E-16,0.));
#1784=DIRECTION('',(7.70988211545248E-16,1.,0.));
#1785=DIRECTION('',(0.,0.,-1.));
#1786=DIRECTION('',(-1.,0.,0.));
#1787=DIRECTION('',(0.,0.,1.));
#1788=DIRECTION('',(1.,0.,0.));
#1789=DIRECTION('',(0.,0.,-1.));
#1790=DIRECTION('',(-1.,0.,0.));
#1791=DIRECTION('',(0.,0.,1.));
#1792=DIRECTION('',(1.,0.,0.));
#1793=DIRECTION('',(0.,0.,-1.));
#1794=DIRECTION('',(-1.,0.,0.));
#1795=DIRECTION('',(0.,0.,1.));
#1796=DIRECTION('',(1.,0.,0.));
#1797=DIRECTION('',(0.,0.,-1.));
#1798=DIRECTION('',(-1.,0.,0.));
#1799=DIRECTION('',(0.,0.,1.));
#1800=DIRECTION('',(1.,0.,0.));
#1801=DIRECTION('',(0.,0.,-1.));
#1802=DIRECTION('',(-1.,0.,0.));
#1803=DIRECTION('',(0.,0.,1.));
#1804=DIRECTION('',(1.,0.,0.));
#1805=DIRECTION('',(0.,0.,-1.));
#1806=DIRECTION('',(-1.,0.,0.));
#1807=DIRECTION('',(0.,0.,1.));
#1808=DIRECTION('',(1.,0.,0.));
#1809=DIRECTION('',(-0.422618261740699,-0.90630778703665,0.));
#1810=DIRECTION('',(0.90630778703665,-0.422618261740699,0.));
#1811=DIRECTION('',(-0.90630778703665,0.422618261740699,0.));
#1812=DIRECTION('',(1.,-7.70988211545248E-16,0.));
#1813=DIRECTION('',(7.70988211545248E-16,1.,0.));
#1814=DIRECTION('',(-7.70988211545248E-16,-1.,0.));
#1815=DIRECTION('',(0.,0.,1.));
#1816=DIRECTION('',(1.,0.,0.));
#1817=DIRECTION('',(-0.984168480929283,-0.177235439868404,0.));
#1818=DIRECTION('',(-1.,0.,0.));
#1819=DIRECTION('',(0.,0.,1.));
#1820=DIRECTION('',(0.,1.,0.));
#1821=DIRECTION('',(0.422618261740698,-0.90630778703665,0.));
#1822=DIRECTION('',(0.90630778703665,0.422618261740698,0.));
#1823=DIRECTION('',(-0.90630778703665,-0.422618261740698,0.));
#1824=DIRECTION('',(0.,0.,1.));
#1825=DIRECTION('',(1.,0.,0.));
#1826=DIRECTION('',(0.4226182617407,0.90630778703665,0.));
#1827=DIRECTION('',(-0.90630778703665,0.4226182617407,0.));
#1828=DIRECTION('',(0.90630778703665,-0.4226182617407,0.));
#1829=DIRECTION('',(-0.422618261740699,0.90630778703665,0.));
#1830=DIRECTION('',(-0.90630778703665,-0.422618261740699,0.));
#1831=DIRECTION('',(0.90630778703665,0.422618261740699,0.));
#1832=DIRECTION('',(0.,0.,1.));
#1833=DIRECTION('',(1.,0.,0.));
#1834=DIRECTION('',(0.,0.,-1.));
#1835=DIRECTION('',(1.,0.,0.));
#1836=DIRECTION('',(0.,0.,1.));
#1837=DIRECTION('',(1.,0.,0.));
#1838=DIRECTION('',(0.,0.,-1.));
#1839=DIRECTION('',(-1.,0.,0.));
#1840=DIRECTION('',(0.,0.,-1.));
#1841=DIRECTION('',(-1.,0.,0.));
#1842=DIRECTION('',(0.,0.,-1.));
#1843=DIRECTION('',(-1.,0.,0.));
#1844=DIRECTION('',(0.,0.,-1.));
#1845=DIRECTION('',(-1.,0.,0.));
#1846=DIRECTION('',(-0.177235439868404,0.984168480929283,0.));
#1847=DIRECTION('',(-0.984168480929283,-0.177235439868404,0.));
#1848=CARTESIAN_POINT('',(0.,0.,0.));
#1849=CARTESIAN_POINT('',(-5.86500656014482E-18,-1.25775471570645E-17,0.108));
#1850=CARTESIAN_POINT('',(0.038333394689518,-0.015866458530447,0.108));
#1851=CARTESIAN_POINT('',(0.0387269724459776,-0.0162395477823749,0.108));
#1852=CARTESIAN_POINT('',(0.0389216604217756,-0.0168031614776754,0.107999999999999));
#1853=CARTESIAN_POINT('',(0.038856079341505,-0.017334122135448,0.107999999999999));
#1854=CARTESIAN_POINT('',(0.038333394689518,-0.015866458530447,0.108));
#1855=CARTESIAN_POINT('',(0.0388560793415041,-0.0173341221354478,0.108));
#1856=CARTESIAN_POINT('',(0.0388560793415041,-0.0173341221354478,0.108));
#1857=CARTESIAN_POINT('',(0.0387688105395976,-0.0179359432275082,0.108));
#1858=CARTESIAN_POINT('',(0.0382017302530354,-0.0187543799595154,0.108));
#1859=CARTESIAN_POINT('',(0.0369887439672667,-0.0190547687597173,0.108));
#1860=CARTESIAN_POINT('',(0.036390350232732,-0.0188794047474535,0.108));
#1861=CARTESIAN_POINT('',(0.0361326087395613,-0.0187242060545235,0.108));
#1862=CARTESIAN_POINT('',(0.0361326087395625,-0.018724206054524,0.108));
#1863=CARTESIAN_POINT('',(0.0368299288714347,-0.0172287982059135,0.108));
#1864=CARTESIAN_POINT('',(0.0353345210228242,-0.0165314780740414,0.108));
#1865=CARTESIAN_POINT('',(0.0353345210228242,-0.0165314780740413,0.108));
#1866=CARTESIAN_POINT('',(0.0355241130066463,-0.0159485920869396,0.108));
#1867=CARTESIAN_POINT('',(0.0365894574152852,-0.0150723090554636,0.108));
#1868=CARTESIAN_POINT('',(0.0378843418902163,-0.0154596279369317,0.108));
#1869=CARTESIAN_POINT('',(0.038333394689518,-0.015866458530447,0.108));
#1870=CARTESIAN_POINT('',(0.0400073483726514,-0.0103803985364236,0.108));
#1871=CARTESIAN_POINT('',(0.0440857334143163,-0.0122821807142567,0.108));
#1872=CARTESIAN_POINT('',(0.0425021330210523,-0.0115437357234205,0.108));
#1873=CARTESIAN_POINT('',(0.0381340947634661,-0.0123303603684348,0.108));
#1874=CARTESIAN_POINT('',(0.0337660565058798,-0.0131169850134492,0.108));
#1875=CARTESIAN_POINT('',(0.0327593263679313,-0.0152759247613653,0.108));
#1876=CARTESIAN_POINT('',(0.029589689404876,-0.0220732331641402,0.108));
#1877=CARTESIAN_POINT('',(0.0336680744465409,-0.0239750153419733,0.108));
#1878=CARTESIAN_POINT('',(0.0377464594882059,-0.0258767975198065,0.108));
#1879=CARTESIAN_POINT('',(0.0381690777499465,-0.0249704897327699,0.108));
#1880=CARTESIAN_POINT('',(0.0381690777499465,-0.0249704897327699,0.108));
#1881=CARTESIAN_POINT('',(0.0409160964512611,-0.0190794891170316,0.108));
#1882=CARTESIAN_POINT('',(0.0436631151525756,-0.0131884885012934,0.108));
#1883=CARTESIAN_POINT('',(0.0409160964512611,-0.0190794891170316,0.108));
#1884=CARTESIAN_POINT('',(0.0327593263679313,-0.0152759247613653,0.086));
#1885=CARTESIAN_POINT('',(0.0337660565058798,-0.0131169850134492,0.087));
#1886=CARTESIAN_POINT('',(0.0337660565058798,-0.0131169850134492,0.087));
#1887=CARTESIAN_POINT('',(0.0327593263679313,-0.0152759247613653,0.087));
#1888=CARTESIAN_POINT('',(0.0359289633309865,-0.00847861635859043,0.087));
#1889=CARTESIAN_POINT('',(0.0359289633309865,-0.00847861635859049,0.085));
#1890=CARTESIAN_POINT('',(0.0359289633309865,-0.00847861635859043,0.083));
#1891=CARTESIAN_POINT('',(0.0327593263679313,-0.0152759247613653,0.083));
#1892=CARTESIAN_POINT('',(0.029589689404876,-0.0220732331641402,0.083));
#1893=CARTESIAN_POINT('',(0.029589689404876,-0.0220732331641402,0.085));
#1894=CARTESIAN_POINT('',(0.029589689404876,-0.0220732331641402,0.087));
#1895=CARTESIAN_POINT('',(0.029589689404876,-0.0220732331641402,0.086));
#1896=CARTESIAN_POINT('',(0.00854253248963396,-0.00398344831993748,0.098));
#1897=CARTESIAN_POINT('',(0.0378212768558976,-0.0189989982034269,0.098));
#1898=CARTESIAN_POINT('',(0.0383177178449837,-0.0186585878374085,0.098));
#1899=CARTESIAN_POINT('',(0.0389800662129737,-0.0174786256329863,0.0980000000000001));
#1900=CARTESIAN_POINT('',(0.038374968346476,-0.0162570048229757,0.098));
#1901=CARTESIAN_POINT('',(0.037854787736004,-0.0159356762829249,0.098));
#1902=CARTESIAN_POINT('',(0.037854787736004,-0.0159356762829249,0.098));
#1903=CARTESIAN_POINT('',(0.0378212768558975,-0.018998998203427,0.098));
#1904=CARTESIAN_POINT('',(0.0368299288714347,-0.0172287982059135,0.098));
#1905=CARTESIAN_POINT('',(0.035518683558909,-0.0162272315679011,0.098));
#1906=CARTESIAN_POINT('',(0.0363105164324625,-0.0191900706438313,0.098));
#1907=CARTESIAN_POINT('',(0.0357368721708548,-0.0189791722932565,0.098));
#1908=CARTESIAN_POINT('',(0.0350523447900428,-0.0182551121093075,0.0979999999999999));
#1909=CARTESIAN_POINT('',(0.035006053606736,-0.0169953530702619,0.0980000000000001));
#1910=CARTESIAN_POINT('',(0.0353075344064332,-0.0164443979514811,0.098));
#1911=CARTESIAN_POINT('',(0.035518683558909,-0.0162272315679011,0.098));
#1912=CARTESIAN_POINT('',(0.0363105164324624,-0.0191900706438314,0.098));
#1913=CARTESIAN_POINT('',(0.0378212768558976,-0.018998998203427,0.098));
#1914=CARTESIAN_POINT('',(0.0373798184474176,-0.0192884143690537,0.098));
#1915=CARTESIAN_POINT('',(0.0368077640004367,-0.0193608843302869,0.098));
#1916=CARTESIAN_POINT('',(0.0363105164324624,-0.0191900706438314,0.098));
#1917=CARTESIAN_POINT('',(-1.51614831800373E-14,0.00942564172107473,0.098));
#1918=CARTESIAN_POINT('',(0.00123497773600805,0.0423070413257159,0.098));
#1919=CARTESIAN_POINT('',(0.000714618268684254,0.0426143093708023,0.098));
#1920=CARTESIAN_POINT('',(-0.000631060412846017,0.0427144848288452,0.0979999999999999));
#1921=CARTESIAN_POINT('',(-0.00148413818638239,0.0416498199956148,0.098));
#1922=CARTESIAN_POINT('',(-0.00155549708464304,0.041042796712112,0.098));
#1923=CARTESIAN_POINT('',(-0.00155549708464304,0.041042796712112,0.098));
#1924=CARTESIAN_POINT('',(0.00123497773600806,0.042307041325716,0.098));
#1925=CARTESIAN_POINT('',(4.9593455623169E-5,0.0406604560818516,0.098));
#1926=CARTESIAN_POINT('',(-0.000303977972948425,0.03904878389282,0.098));
#1927=CARTESIAN_POINT('',(0.00204662312069334,0.0410185780922402,0.098));
#1928=CARTESIAN_POINT('',(0.00209791684399236,0.0404095503366324,0.098));
#1929=CARTESIAN_POINT('',(0.00173098923278887,0.0394831567846265,0.098));
#1930=CARTESIAN_POINT('',(0.000608823305335061,0.0389088055494307,0.098));
#1931=CARTESIAN_POINT('',(-1.79229006398542E-5,0.0389491962512421,0.098));
#1932=CARTESIAN_POINT('',(-0.0003039779729484,0.03904878389282,0.098));
#1933=CARTESIAN_POINT('',(0.00204662312069342,0.0410185780922402,0.098));
#1934=CARTESIAN_POINT('',(0.00123497773600805,0.0423070413257159,0.098));
#1935=CARTESIAN_POINT('',(0.00168384624583236,0.0420292566892945,0.098));
#1936=CARTESIAN_POINT('',(0.00199128699202849,0.0415414264184316,0.0979999999999999));
#1937=CARTESIAN_POINT('',(0.00204662312069342,0.0410185780922402,0.0979999999999999));
#1938=CARTESIAN_POINT('',(1.38777878078145E-17,0.,0.108));
#1939=CARTESIAN_POINT('',(-0.00182049771146609,0.0414473092347779,0.108));
#1940=CARTESIAN_POINT('',(-0.00164869716447869,0.0419616861513856,0.108));
#1941=CARTESIAN_POINT('',(-0.00122016837746114,0.0423763268200951,0.107999999999999));
#1942=CARTESIAN_POINT('',(-0.000711238836564736,0.042541283846604,0.107999999999999));
#1943=CARTESIAN_POINT('',(-0.0018204977114661,0.0414473092347779,0.108));
#1944=CARTESIAN_POINT('',(-0.000711238836564485,0.0425412838466031,0.108));
#1945=CARTESIAN_POINT('',(-0.000711238836564476,0.042541283846603,0.108));
#1946=CARTESIAN_POINT('',(-0.000128922305061303,0.0427165320356752,0.108));
#1947=CARTESIAN_POINT('',(0.000852491763328021,0.0425484690651145,0.108));
#1948=CARTESIAN_POINT('',(0.00163736662769641,0.0415760799413415,0.108));
#1949=CARTESIAN_POINT('',(0.00173132497774137,0.0409596390059838,0.108));
#1950=CARTESIAN_POINT('',(0.00169959345562323,0.0406604560818504,0.108));
#1951=CARTESIAN_POINT('',(0.00169959345562317,0.0406604560818516,0.108));
#1952=CARTESIAN_POINT('',(4.9593455623169E-5,0.0406604560818516,0.108));
#1953=CARTESIAN_POINT('',(4.95934556231572E-5,0.0390104560818516,0.108));
#1954=CARTESIAN_POINT('',(4.95934556231532E-5,0.0390104560818516,0.108));
#1955=CARTESIAN_POINT('',(-0.000558805688084571,0.0389359465104874,0.108));
#1956=CARTESIAN_POINT('',(-0.00180322182529355,0.0395311432323575,0.108));
#1957=CARTESIAN_POINT('',(-0.00199943353290298,0.0408683951477258,0.108));
#1958=CARTESIAN_POINT('',(-0.00182049771146604,0.0414473092347779,0.108));
#1959=CARTESIAN_POINT('',(-6.93889390390723E-18,0.0451459173544611,0.108));
#1960=CARTESIAN_POINT('',(-0.0075,0.0451459173544611,0.108));
#1961=CARTESIAN_POINT('',(-0.0065,0.0451459173544611,0.108));
#1962=CARTESIAN_POINT('',(-0.0075,0.040645917354461,0.108));
#1963=CARTESIAN_POINT('',(-0.0075,0.036145917354461,0.108));
#1964=CARTESIAN_POINT('',(-1.21430643318376E-17,0.036145917354461,0.108));
#1965=CARTESIAN_POINT('',(0.0075,0.036145917354461,0.108));
#1966=CARTESIAN_POINT('',(0.0075,0.040645917354461,0.108));
#1967=CARTESIAN_POINT('',(0.0075,0.0451459173544611,0.108));
#1968=CARTESIAN_POINT('',(0.0065,0.0451459173544611,0.108));
#1969=CARTESIAN_POINT('',(0.0065,0.0451459173544611,0.108));
#1970=CARTESIAN_POINT('',(-6.93889390390723E-18,0.0451459173544611,0.108));
#1971=CARTESIAN_POINT('',(-0.00854253248962115,-0.00398344831996496,0.098));
#1972=CARTESIAN_POINT('',(-0.038865125144058,-0.0167604583255067,0.0979999999999999));
#1973=CARTESIAN_POINT('',(-0.0389234607447093,-0.0173595550015125,0.0979999999999999));
#1974=CARTESIAN_POINT('',(-0.0384451539682323,-0.0186251823544938,0.0980000000000001));
#1975=CARTESIAN_POINT('',(-0.0371211653888332,-0.0189473359695857,0.098));
#1976=CARTESIAN_POINT('',(-0.0365400247878948,-0.0187551945239745,0.098));
#1977=CARTESIAN_POINT('',(-0.0365400247878948,-0.0187551945239745,0.098));
#1978=CARTESIAN_POINT('',(-0.0388651251440579,-0.016760458325505,0.098));
#1979=CARTESIAN_POINT('',(-0.036871847071453,-0.0171389043358788,0.098));
#1980=CARTESIAN_POINT('',(-0.0352617502738391,-0.0167782267758426,0.098));
#1981=CARTESIAN_POINT('',(-0.038040397043874,-0.015480329701004,0.098));
#1982=CARTESIAN_POINT('',(-0.037510108110624,-0.0151764555487251,0.098));
#1983=CARTESIAN_POINT('',(-0.036515440111349,-0.0151174940674012,0.0980000000000001));
#1984=CARTESIAN_POINT('',(-0.0355206533007518,-0.0158917904651527,0.098));
#1985=CARTESIAN_POINT('',(-0.0352923853162057,-0.0164768852803135,0.098));
#1986=CARTESIAN_POINT('',(-0.0352617502738392,-0.0167782267758426,0.098));
#1987=CARTESIAN_POINT('',(-0.038040397043874,-0.015480329701004,0.098));
#1988=CARTESIAN_POINT('',(-0.0388651251440579,-0.016760458325505,0.098));
#1989=CARTESIAN_POINT('',(-0.0388030667943221,-0.016236248439513,0.098));
#1990=CARTESIAN_POINT('',(-0.0384908724948325,-0.0157514465160866,0.0979999999999999));
#1991=CARTESIAN_POINT('',(-0.038040397043874,-0.015480329701004,0.0979999999999999));
#1992=CARTESIAN_POINT('',(-5.86500656014482E-18,1.25775471570645E-17,0.108));
#1993=CARTESIAN_POINT('',(-0.0367946435328726,-0.0191663210348152,0.108));
#1994=CARTESIAN_POINT('',(-0.0373334333863999,-0.0192280019396396,0.108));
#1995=CARTESIAN_POINT('',(-0.0378903295443484,-0.0190148576816531,0.107999999999999));
#1996=CARTESIAN_POINT('',(-0.0382549142999222,-0.018623324727491,0.107999999999999));
#1997=CARTESIAN_POINT('',(-0.0367946435328726,-0.0191663210348152,0.108));
#1998=CARTESIAN_POINT('',(-0.0382549142999214,-0.0186233247274903,0.108));
#1999=CARTESIAN_POINT('',(-0.0382549142999214,-0.0186233247274904,0.108));
#2000=CARTESIAN_POINT('',(-0.0386598406986683,-0.0181696298055077,0.108));
#2001=CARTESIAN_POINT('',(-0.0389222874273672,-0.0172091401125378,0.108));
#2002=CARTESIAN_POINT('',(-0.0383727060433253,-0.0160868525098869,0.108));
#2003=CARTESIAN_POINT('',(-0.0378537293379346,-0.0157411781290173,0.108));
#2004=CARTESIAN_POINT('',(-0.0375691672033241,-0.0156434964872678,0.108));
#2005=CARTESIAN_POINT('',(-0.0375691672033252,-0.0156434964872684,0.108));
#2006=CARTESIAN_POINT('',(-0.036871847071453,-0.0171389043358788,0.108));
#2007=CARTESIAN_POINT('',(-0.0353764392228425,-0.0164415842040067,0.108));
#2008=CARTESIAN_POINT('',(-0.0353764392228425,-0.0164415842040067,0.108));
#2009=CARTESIAN_POINT('',(-0.0350517900295481,-0.0169614919800425,0.108));
#2010=CARTESIAN_POINT('',(-0.0350653084686083,-0.0183408570194995,0.108));
#2011=CARTESIAN_POINT('',(-0.0361943476419333,-0.0190838322979961,0.108));
#2012=CARTESIAN_POINT('',(-0.0367946435328726,-0.0191663210348151,0.108));
#2013=CARTESIAN_POINT('',(-0.0475,-0.000111634938103991,0.108));
#2014=CARTESIAN_POINT('',(-0.0437684850889328,-0.0121342453905935,0.108));
#2015=CARTESIAN_POINT('',(-0.0406887176212809,-0.0106981262350908,0.108));
#2016=CARTESIAN_POINT('',(-0.0400073483726514,-0.0103803985364236,0.108));
#2017=CARTESIAN_POINT('',(-0.0440857334143163,-0.0122821807142567,0.108));
#2018=CARTESIAN_POINT('',(-0.0436631151525756,-0.0131884885012934,0.108));
#2019=CARTESIAN_POINT('',(-0.0436631151525756,-0.0131884885012934,0.108));
#2020=CARTESIAN_POINT('',(-0.0409160964512611,-0.0190794891170316,0.108));
#2021=CARTESIAN_POINT('',(-0.0381690777499465,-0.0249704897327699,0.108));
#2022=CARTESIAN_POINT('',(-0.0409160964512611,-0.0190794891170316,0.108));
#2023=CARTESIAN_POINT('',(-0.0377464594882059,-0.0258767975198065,0.108));
#2024=CARTESIAN_POINT('',(-0.0336680744465409,-0.0239750153419733,0.108));
#2025=CARTESIAN_POINT('',(-0.029589689404876,-0.0220732331641402,0.108));
#2026=CARTESIAN_POINT('',(-0.0327593263679313,-0.0152759247613653,0.108));
#2027=CARTESIAN_POINT('',(-0.0359289633309865,-0.00847861635859045,0.108));
#2028=CARTESIAN_POINT('',(-0.0400073483726514,-0.0103803985364236,0.108));
#2029=CARTESIAN_POINT('',(-0.0400073483726514,-0.0103803985364236,0.086));
#2030=CARTESIAN_POINT('',(-0.0437684850889328,-0.0121342453905935,0.108));
#2031=CARTESIAN_POINT('',(-0.0437684850889328,-0.0121342453905935,0.101));
#2032=CARTESIAN_POINT('',(-0.0400073483726514,-0.0103803985364236,0.101));
#2033=CARTESIAN_POINT('',(-0.0406887176212809,-0.0106981262350908,0.101));
#2034=CARTESIAN_POINT('',(-0.0406887176212809,-0.0106981262350908,0.108));
#2035=CARTESIAN_POINT('',(-0.0359289633309865,-0.00847861635859045,0.086));
#2036=CARTESIAN_POINT('',(-0.0359289633309865,-0.00847861635859045,0.087));
#2037=CARTESIAN_POINT('',(-0.0400073483726514,-0.0103803985364236,0.087));
#2038=CARTESIAN_POINT('',(-0.0536019651782012,-0.0167196724625341,0.087));
#2039=CARTESIAN_POINT('',(-0.0490704262430179,-0.0146065811538306,0.097));
#2040=CARTESIAN_POINT('',(-0.0075,0.040645917354461,0.086));
#2041=CARTESIAN_POINT('',(-0.0075,0.,0.087));
#2042=CARTESIAN_POINT('',(-0.0075,0.036145917354461,0.087));
#2043=CARTESIAN_POINT('',(-0.0075,0.0556459173544611,0.087));
#2044=CARTESIAN_POINT('',(-0.0075,0.036145917354461,0.086));
#2045=CARTESIAN_POINT('',(-0.0075,0.0506459173544611,0.097));
#2046=CARTESIAN_POINT('',(0.0075,0.040645917354461,0.086));
#2047=CARTESIAN_POINT('',(0.0075,-5.78241158658932E-18,0.087));
#2048=CARTESIAN_POINT('',(0.0075,0.0556459173544611,0.087));
#2049=CARTESIAN_POINT('',(0.0075,0.036145917354461,0.087));
#2050=CARTESIAN_POINT('',(0.0075,0.0506459173544611,0.097));
#2051=CARTESIAN_POINT('',(0.0075,0.036145917354461,0.086));
#2052=CARTESIAN_POINT('',(-5.86500656014482E-18,1.25775471570645E-17,0.086));
#2053=CARTESIAN_POINT('',(-0.0340906927082817,-0.0230687075549367,0.086));
#2054=CARTESIAN_POINT('',(-0.0381690777499466,-0.0249704897327699,0.086));
#2055=CARTESIAN_POINT('',(-0.0481384634073497,-0.0296192906119176,0.086));
#2056=CARTESIAN_POINT('',(-0.0409160964512611,-0.0190794891170316,0.086));
#2057=CARTESIAN_POINT('',(-0.0436631151525756,-0.0131884885012934,0.086));
#2058=CARTESIAN_POINT('',(-0.0395847301109107,-0.0112867063234602,0.086));
#2059=CARTESIAN_POINT('',(-0.0536325008099788,-0.017837289380441,0.086));
#2060=CARTESIAN_POINT('',(-0.0508854821086643,-0.0237282899961793,0.086));
#2061=CARTESIAN_POINT('',(-0.0453153893518325,-0.0211309130870349,0.086));
#2062=CARTESIAN_POINT('',(-0.0469636005726212,-0.017596312717592,0.086));
#2063=CARTESIAN_POINT('',(-0.0409160964512611,-0.0190794891170316,0.108));
#2064=CARTESIAN_POINT('',(-0.0381690777499466,-0.0249704897327699,0.108));
#2065=CARTESIAN_POINT('',(-0.0436631151525756,-0.0131884885012934,0.108));
#2066=CARTESIAN_POINT('',(-0.0508854821086643,-0.0237282899961793,0.086));
#2067=CARTESIAN_POINT('',(-0.0476938796178498,-0.0305727036252464,0.084));
#2068=CARTESIAN_POINT('',(-0.0476938796178498,-0.0305727036252464,0.083));
#2069=CARTESIAN_POINT('',(-0.0476938796178498,-0.0305727036252464,0.087));
#2070=CARTESIAN_POINT('',(-0.0508854821086643,-0.0237282899961793,0.087));
#2071=CARTESIAN_POINT('',(-0.047715845145609,-0.0305255983989542,0.087));
#2072=CARTESIAN_POINT('',(-0.047715845145609,-0.0305255983989542,0.087));
#2073=CARTESIAN_POINT('',(-0.047715845145609,-0.0305255983989542,0.086));
#2074=CARTESIAN_POINT('',(-0.0508854821086643,-0.0237282899961793,0.086));
#2075=CARTESIAN_POINT('',(-0.0536325008099788,-0.017837289380441,0.086));
#2076=CARTESIAN_POINT('',(-0.0540551190717195,-0.0169309815934044,0.086));
#2077=CARTESIAN_POINT('',(-0.0540551190717195,-0.0169309815934044,0.087));
#2078=CARTESIAN_POINT('',(-0.0540551190717195,-0.0169309815934044,0.087));
#2079=CARTESIAN_POINT('',(-0.0508854821086643,-0.0237282899961793,0.087));
#2080=CARTESIAN_POINT('',(-0.0540770845994787,-0.0168838763671122,0.087));
#2081=CARTESIAN_POINT('',(-0.0540770845994787,-0.0168838763671122,0.084));
#2082=CARTESIAN_POINT('',(-0.0540770845994787,-0.0168838763671122,0.083));
#2083=CARTESIAN_POINT('',(-0.0508854821086643,-0.0237282899961793,0.083));
#2084=CARTESIAN_POINT('',(-0.0336680744465409,-0.0239750153419733,0.086));
#2085=CARTESIAN_POINT('',(-0.0427311523169074,-0.0282011979593804,0.097));
#2086=CARTESIAN_POINT('',(-0.0472626912520907,-0.0303142892680839,0.087));
#2087=CARTESIAN_POINT('',(-0.0336680744465409,-0.0239750153419733,0.087));
#2088=CARTESIAN_POINT('',(-0.029589689404876,-0.0220732331641402,0.087));
#2089=CARTESIAN_POINT('',(-0.029589689404876,-0.0220732331641402,0.086));
#2090=CARTESIAN_POINT('',(-0.0327593263679313,-0.0152759247613653,0.086));
#2091=CARTESIAN_POINT('',(-0.0327593263679313,-0.0152759247613653,0.083));
#2092=CARTESIAN_POINT('',(-0.029589689404876,-0.0220732331641402,0.083));
#2093=CARTESIAN_POINT('',(-0.0359289633309865,-0.00847861635859045,0.083));
#2094=CARTESIAN_POINT('',(-0.0359289633309865,-0.00847861635859045,0.085));
#2095=CARTESIAN_POINT('',(-0.029589689404876,-0.0220732331641402,0.085));
#2096=CARTESIAN_POINT('',(-0.0453153893518325,-0.0211309130870349,0.086));
#2097=CARTESIAN_POINT('',(-0.0453153893518325,-0.0211309130870349,0.0841));
#2098=CARTESIAN_POINT('',(-0.0461606258753139,-0.0193182975129617,0.0841));
#2099=CARTESIAN_POINT('',(-0.0453153893518325,-0.0211309130870349,0.083));
#2100=CARTESIAN_POINT('',(-0.0461606258753139,-0.0193182975129617,0.083));
#2101=CARTESIAN_POINT('',(-5.86500656014482E-18,1.25775471570645E-17,0.083));
#2102=CARTESIAN_POINT('',(0.,2.26044168767293E-18,0.083));
#2103=CARTESIAN_POINT('',(0.,2.26044168767293E-18,0.083));
#2104=CARTESIAN_POINT('',(0.0075,0.036145917354461,0.083));
#2105=CARTESIAN_POINT('',(-1.21430643318376E-17,0.036145917354461,0.083));
#2106=CARTESIAN_POINT('',(-0.0075,0.036145917354461,0.083));
#2107=CARTESIAN_POINT('',(0.,2.26044168767293E-18,0.083));
#2108=CARTESIAN_POINT('',(0.,2.76732640007576E-18,0.083));
#2109=CARTESIAN_POINT('',(-0.0299458474106843,-0.0338486645391415,0.083));
#2110=CARTESIAN_POINT('',(0.0299458474106842,-0.0338486645391415,0.083));
#2111=CARTESIAN_POINT('',(-0.0415414981463419,-0.0469555666909332,0.083));
#2112=CARTESIAN_POINT('',(-0.0626724112333769,-0.00164017733910069,0.083));
#2113=CARTESIAN_POINT('',(-0.0451784010543593,-0.00118234783324724,0.083));
#2114=CARTESIAN_POINT('',(0.,2.76732640007576E-18,0.083));
#2115=CARTESIAN_POINT('',(-0.0180216462735596,0.0414452184674905,0.083));
#2116=CARTESIAN_POINT('',(-0.025,0.0574936632291699,0.083));
#2117=CARTESIAN_POINT('',(-0.00755197486655854,0.0561459173544611,0.083));
#2118=CARTESIAN_POINT('',(-2.60208521396521E-18,0.0561459173544611,0.083));
#2119=CARTESIAN_POINT('',(0.00755197486655853,0.0561459173544611,0.083));
#2120=CARTESIAN_POINT('',(0.025,0.0574936632291699,0.083));
#2121=CARTESIAN_POINT('',(0.0180216462735596,0.0414452184674905,0.083));
#2122=CARTESIAN_POINT('',(0.,2.76732640007576E-18,0.083));
#2123=CARTESIAN_POINT('',(0.0451784010543593,-0.00118234783324723,0.083));
#2124=CARTESIAN_POINT('',(0.0626724112333769,-0.00164017733910069,0.083));
#2125=CARTESIAN_POINT('',(0.0540770845994787,-0.0168838763671122,0.083));
#2126=CARTESIAN_POINT('',(0.0508854821086643,-0.0237282899961793,0.083));
#2127=CARTESIAN_POINT('',(0.0476938796178498,-0.0305727036252464,0.083));
#2128=CARTESIAN_POINT('',(0.0415414981463419,-0.0469555666909332,0.083));
#2129=CARTESIAN_POINT('',(0.0453153893518325,-0.0211309130870349,0.083));
#2130=CARTESIAN_POINT('',(0.0444701528283511,-0.0229435286611082,0.083));
#2131=CARTESIAN_POINT('',(0.,0.05,0.083));
#2132=CARTESIAN_POINT('',(0.002,0.05,0.083));
#2133=CARTESIAN_POINT('',(-0.0453153893518325,-0.0211309130870349,0.0841));
#2134=CARTESIAN_POINT('',(-0.0486478079812772,-0.0155128889408672,0.097));
#2135=CARTESIAN_POINT('',(-0.0490704262430179,-0.0146065811538306,0.097));
#2136=CARTESIAN_POINT('',(-0.0486478079812772,-0.0155128889408672,0.097));
#2137=CARTESIAN_POINT('',(-0.0445694229396123,-0.0136111067630341,0.0955));
#2138=CARTESIAN_POINT('',(-0.0427311523169074,-0.0282011979593804,0.097));
#2139=CARTESIAN_POINT('',(-0.0431537705786482,-0.0272948901723437,0.097));
#2140=CARTESIAN_POINT('',(-0.0427311523169074,-0.0282011979593804,0.097));
#2141=CARTESIAN_POINT('',(-0.0390753855369832,-0.0253931079945105,0.0955));
#2142=CARTESIAN_POINT('',(0.,2.26044168767293E-18,0.085));
#2143=CARTESIAN_POINT('',(0.,2.26044168767293E-18,0.087));
#2144=CARTESIAN_POINT('',(0.,2.26044168767293E-18,0.085));
#2145=CARTESIAN_POINT('',(-0.0075,0.036145917354461,0.086));
#2146=CARTESIAN_POINT('',(0.,2.26044168767293E-18,0.087));
#2147=CARTESIAN_POINT('',(0.,2.76732640007576E-18,0.085));
#2148=CARTESIAN_POINT('',(0.0299458474106843,-0.0338486645391415,0.085));
#2149=CARTESIAN_POINT('',(0.0299458474106842,-0.0338486645391415,0.087));
#2150=CARTESIAN_POINT('',(0.,2.76732640007576E-18,0.087));
#2151=CARTESIAN_POINT('',(-0.0299458474106843,-0.0338486645391415,0.087));
#2152=CARTESIAN_POINT('',(-0.0299458474106843,-0.0338486645391415,0.085));
#2153=CARTESIAN_POINT('',(0.,2.76732640007576E-18,0.085));
#2154=CARTESIAN_POINT('',(-0.0451784010543593,-0.00118234783324724,0.085));
#2155=CARTESIAN_POINT('',(-0.0451784010543593,-0.00118234783324724,0.087));
#2156=CARTESIAN_POINT('',(0.,2.76732640007576E-18,0.087));
#2157=CARTESIAN_POINT('',(-0.0180216462735596,0.0414452184674905,0.087));
#2158=CARTESIAN_POINT('',(-0.0180216462735596,0.0414452184674905,0.085));
#2159=CARTESIAN_POINT('',(0.0400073483726514,-0.0103803985364236,0.086));
#2160=CARTESIAN_POINT('',(0.0400073483726514,-0.0103803985364236,0.087));
#2161=CARTESIAN_POINT('',(0.0536019651782012,-0.0167196724625341,0.087));
#2162=CARTESIAN_POINT('',(0.0425021330210523,-0.0115437357234205,0.087));
#2163=CARTESIAN_POINT('',(0.0425021330210523,-0.0115437357234205,0.087));
#2164=CARTESIAN_POINT('',(0.0490704262430179,-0.0146065811538306,0.097));
#2165=CARTESIAN_POINT('',(0.0336680744465409,-0.0239750153419733,0.086));
#2166=CARTESIAN_POINT('',(0.0336680744465409,-0.0239750153419733,0.087));
#2167=CARTESIAN_POINT('',(0.0472626912520907,-0.0303142892680838,0.087));
#2168=CARTESIAN_POINT('',(0.0427311523169074,-0.0282011979593803,0.097));
#2169=CARTESIAN_POINT('',(-5.86500656014482E-18,-1.25775471570645E-17,0.086));
#2170=CARTESIAN_POINT('',(0.0395847301109108,-0.0112867063234602,0.086));
#2171=CARTESIAN_POINT('',(0.0436631151525756,-0.0131884885012934,0.086));
#2172=CARTESIAN_POINT('',(0.0536325008099788,-0.017837289380441,0.086));
#2173=CARTESIAN_POINT('',(0.0409160964512611,-0.0190794891170316,0.086));
#2174=CARTESIAN_POINT('',(0.0381690777499465,-0.0249704897327699,0.086));
#2175=CARTESIAN_POINT('',(0.0340906927082817,-0.0230687075549367,0.086));
#2176=CARTESIAN_POINT('',(0.0481384634073497,-0.0296192906119176,0.086));
#2177=CARTESIAN_POINT('',(0.0508854821086643,-0.0237282899961793,0.086));
#2178=CARTESIAN_POINT('',(0.0453153893518325,-0.0211309130870349,0.086));
#2179=CARTESIAN_POINT('',(0.0436671781310438,-0.0246655134564779,0.086));
#2180=CARTESIAN_POINT('',(0.0409160964512611,-0.0190794891170316,0.108));
#2181=CARTESIAN_POINT('',(0.0436631151525756,-0.0131884885012934,0.108));
#2182=CARTESIAN_POINT('',(0.0381690777499465,-0.0249704897327699,0.108));
#2183=CARTESIAN_POINT('',(0.0508854821086643,-0.0237282899961793,0.086));
#2184=CARTESIAN_POINT('',(0.0508854821086643,-0.0237282899961793,0.087));
#2185=CARTESIAN_POINT('',(0.047715845145609,-0.0305255983989542,0.087));
#2186=CARTESIAN_POINT('',(0.0476938796178498,-0.0305727036252464,0.087));
#2187=CARTESIAN_POINT('',(0.0476938796178498,-0.0305727036252464,0.084));
#2188=CARTESIAN_POINT('',(0.0540770845994787,-0.0168838763671122,0.084));
#2189=CARTESIAN_POINT('',(0.0540770845994787,-0.0168838763671122,0.087));
#2190=CARTESIAN_POINT('',(0.0508854821086643,-0.0237282899961793,0.087));
#2191=CARTESIAN_POINT('',(0.0540551190717195,-0.0169309815934044,0.087));
#2192=CARTESIAN_POINT('',(0.0540551190717195,-0.0169309815934044,0.087));
#2193=CARTESIAN_POINT('',(0.0540551190717195,-0.0169309815934044,0.086));
#2194=CARTESIAN_POINT('',(0.0508854821086643,-0.0237282899961793,0.086));
#2195=CARTESIAN_POINT('',(0.0481384634073497,-0.0296192906119176,0.086));
#2196=CARTESIAN_POINT('',(0.047715845145609,-0.0305255983989542,0.086));
#2197=CARTESIAN_POINT('',(0.047715845145609,-0.0305255983989542,0.087));
#2198=CARTESIAN_POINT('',(0.0453153893518325,-0.0211309130870349,0.086));
#2199=CARTESIAN_POINT('',(0.0453153893518325,-0.0211309130870349,0.0841));
#2200=CARTESIAN_POINT('',(0.0444701528283511,-0.0229435286611082,0.0841));
#2201=CARTESIAN_POINT('',(0.0453153893518325,-0.0211309130870349,0.0841));
#2202=CARTESIAN_POINT('',(0.0431537705786482,-0.0272948901723437,0.097));
#2203=CARTESIAN_POINT('',(0.0427311523169074,-0.0282011979593803,0.097));
#2204=CARTESIAN_POINT('',(0.0431537705786482,-0.0272948901723437,0.097));
#2205=CARTESIAN_POINT('',(0.0390753855369832,-0.0253931079945105,0.0955));
#2206=CARTESIAN_POINT('',(0.0490704262430179,-0.0146065811538306,0.097));
#2207=CARTESIAN_POINT('',(0.0486478079812772,-0.0155128889408673,0.097));
#2208=CARTESIAN_POINT('',(0.0490704262430179,-0.0146065811538306,0.097));
#2209=CARTESIAN_POINT('',(0.0445694229396123,-0.0136111067630341,0.0955));
#2210=CARTESIAN_POINT('',(0.,2.26044168767293E-18,0.085));
#2211=CARTESIAN_POINT('',(0.,2.26044168767293E-18,0.087));
#2212=CARTESIAN_POINT('',(0.0075,0.036145917354461,0.086));
#2213=CARTESIAN_POINT('',(0.,2.76732640007576E-18,0.085));
#2214=CARTESIAN_POINT('',(0.0180216462735596,0.0414452184674905,0.085));
#2215=CARTESIAN_POINT('',(0.0180216462735596,0.0414452184674905,0.087));
#2216=CARTESIAN_POINT('',(0.,2.76732640007576E-18,0.087));
#2217=CARTESIAN_POINT('',(0.0451784010543593,-0.00118234783324723,0.087));
#2218=CARTESIAN_POINT('',(0.0451784010543593,-0.00118234783324723,0.085));
#2219=CARTESIAN_POINT('',(1.38777878078145E-17,0.,0.086));
#2220=CARTESIAN_POINT('',(-0.0065,0.0406459173544611,0.086));
#2221=CARTESIAN_POINT('',(-0.0065,0.0451459173544611,0.086));
#2222=CARTESIAN_POINT('',(-0.0065,0.0561459173544611,0.086));
#2223=CARTESIAN_POINT('',(1.38777878078145E-17,0.0451459173544611,0.086));
#2224=CARTESIAN_POINT('',(0.0065,0.0451459173544611,0.086));
#2225=CARTESIAN_POINT('',(0.0065,0.040645917354461,0.086));
#2226=CARTESIAN_POINT('',(0.0065,0.0561459173544611,0.086));
#2227=CARTESIAN_POINT('',(-2.60208521396521E-18,0.0561459173544611,0.086));
#2228=CARTESIAN_POINT('',(0.,0.05,0.086));
#2229=CARTESIAN_POINT('',(0.0039,0.05,0.086));
#2230=CARTESIAN_POINT('',(-6.93889390390723E-18,0.0451459173544611,0.108));
#2231=CARTESIAN_POINT('',(-0.0065,0.0451459173544611,0.108));
#2232=CARTESIAN_POINT('',(0.0065,0.0451459173544611,0.108));
#2233=CARTESIAN_POINT('',(-2.60208521396521E-18,0.0561459173544611,0.086));
#2234=CARTESIAN_POINT('',(-0.00755197486655854,0.0561459173544611,0.084));
#2235=CARTESIAN_POINT('',(-0.00755197486655854,0.0561459173544611,0.087));
#2236=CARTESIAN_POINT('',(-2.60208521396521E-18,0.0561459173544611,0.087));
#2237=CARTESIAN_POINT('',(-0.0075,0.0561459173544611,0.087));
#2238=CARTESIAN_POINT('',(-0.0075,0.0561459173544611,0.087));
#2239=CARTESIAN_POINT('',(-0.0075,0.0561459173544611,0.086));
#2240=CARTESIAN_POINT('',(-2.60208521396521E-18,0.0561459173544611,0.086));
#2241=CARTESIAN_POINT('',(0.0065,0.0561459173544611,0.086));
#2242=CARTESIAN_POINT('',(0.0075,0.0561459173544611,0.086));
#2243=CARTESIAN_POINT('',(0.0075,0.0561459173544611,0.087));
#2244=CARTESIAN_POINT('',(0.0075,0.0561459173544611,0.087));
#2245=CARTESIAN_POINT('',(-2.60208521396521E-18,0.0561459173544611,0.087));
#2246=CARTESIAN_POINT('',(0.00755197486655854,0.0561459173544611,0.087));
#2247=CARTESIAN_POINT('',(0.00755197486655854,0.0561459173544611,0.084));
#2248=CARTESIAN_POINT('',(-1.21430643318376E-17,0.036145917354461,0.086));
#2249=CARTESIAN_POINT('',(0.,0.05,0.086));
#2250=CARTESIAN_POINT('',(0.,0.05,0.0841));
#2251=CARTESIAN_POINT('',(0.002,0.05,0.0841));
#2252=CARTESIAN_POINT('',(0.,0.05,0.0841));
#2253=CARTESIAN_POINT('',(0.0065,0.0506459173544611,0.097));
#2254=CARTESIAN_POINT('',(0.0075,0.0506459173544611,0.097));
#2255=CARTESIAN_POINT('',(0.0065,0.0506459173544611,0.097));
#2256=CARTESIAN_POINT('',(0.0065,0.0461459173544611,0.0955));
#2257=CARTESIAN_POINT('',(-0.0075,0.0506459173544611,0.097));
#2258=CARTESIAN_POINT('',(-0.0065,0.0506459173544611,0.097));
#2259=CARTESIAN_POINT('',(-0.0075,0.0506459173544611,0.097));
#2260=CARTESIAN_POINT('',(-0.0065,0.0461459173544611,0.0955));
#2261=CARTESIAN_POINT('',(-0.0415414981463419,-0.0469555666909332,0.085));
#2262=CARTESIAN_POINT('',(-0.0415414981463419,-0.0469555666909332,0.087));
#2263=CARTESIAN_POINT('',(0.0415414981463419,-0.0469555666909332,0.085));
#2264=CARTESIAN_POINT('',(0.0415414981463419,-0.0469555666909332,0.087));
#2265=CARTESIAN_POINT('',(0.0626724112333769,-0.00164017733910069,0.085));
#2266=CARTESIAN_POINT('',(0.0626724112333769,-0.00164017733910069,0.087));
#2267=CARTESIAN_POINT('',(0.025,0.0574936632291699,0.085));
#2268=CARTESIAN_POINT('',(0.025,0.0574936632291699,0.087));
#2269=CARTESIAN_POINT('',(-0.025,0.0574936632291699,0.085));
#2270=CARTESIAN_POINT('',(-0.025,0.0574936632291699,0.087));
#2271=CARTESIAN_POINT('',(-0.0626724112333769,-0.00164017733910069,0.085));
#2272=CARTESIAN_POINT('',(-0.0626724112333769,-0.00164017733910069,0.087));
#2273=CARTESIAN_POINT('',(0.0400073483726514,-0.0103803985364236,0.087));
#2274=CARTESIAN_POINT('',(0.0400073483726514,-0.0103803985364236,0.087));
#2275=CARTESIAN_POINT('',(0.0075,-5.78241158658932E-18,0.087));
#2276=CARTESIAN_POINT('',(0.0075,-5.78241158658932E-18,0.087));
#2277=CARTESIAN_POINT('',(1.38777878078145E-17,0.,0.087));
#2278=CARTESIAN_POINT('',(0.0381340947634661,-0.0123303603684348,0.087));
#2279=CARTESIAN_POINT('',(-0.0075,0.,0.087));
#2280=CARTESIAN_POINT('',(-0.0075,0.,0.087));
#2281=CARTESIAN_POINT('',(-0.0400073483726514,-0.0103803985364236,0.087));
#2282=CARTESIAN_POINT('',(-0.0400073483726514,-0.0103803985364236,0.087));
#2283=CARTESIAN_POINT('',(1.38777878078145E-17,0.,0.087));
#2284=CARTESIAN_POINT('',(0.0336680744465409,-0.0239750153419733,0.087));
#2285=CARTESIAN_POINT('',(0.0336680744465409,-0.0239750153419733,0.087));
#2286=CARTESIAN_POINT('',(-0.0336680744465409,-0.0239750153419733,0.087));
#2287=CARTESIAN_POINT('',(-0.0336680744465409,-0.0239750153419733,0.087));
#2288=CARTESIAN_POINT('',(1.38777878078145E-17,0.,0.087));
#2289=CARTESIAN_POINT('',(-0.0475,-0.000111634938103991,0.101));
#2290=CARTESIAN_POINT('',(-0.0475,-0.000111634938103991,0.101));
#2291=CARTESIAN_POINT('',(-0.0475,-0.000111634938103991,0.108));
#2292=CARTESIAN_POINT('',(-0.0372880521628619,-0.0191246415237717,0.108059026694146));
#2293=CARTESIAN_POINT('',(-0.0376949851029088,-0.0190393494908974,0.108035288488922));
#2294=CARTESIAN_POINT('',(-0.0380355683376229,-0.0188008705425627,0.108014583333333));
#2295=CARTESIAN_POINT('',(-0.0389951049744359,-0.0181289957562779,0.10795625));
#2296=CARTESIAN_POINT('',(-0.0388930126597574,-0.0169620752597935,0.107897916666667));
#2297=CARTESIAN_POINT('',(-0.0387909203450791,-0.0157951547633091,0.107839583333333));
#2298=CARTESIAN_POINT('',(-0.0377292913935876,-0.0153001090531096,0.10778125));
#2299=CARTESIAN_POINT('',(-0.0366676624420961,-0.01480506334291,0.107722916666667));
#2300=CARTESIAN_POINT('',(-0.0357081258052831,-0.0154769381291949,0.107664583333333));
#2301=CARTESIAN_POINT('',(-0.0347485891684701,-0.0161488129154798,0.10760625));
#2302=CARTESIAN_POINT('',(-0.0348506814831485,-0.0173157334119642,0.107547916666667));
#2303=CARTESIAN_POINT('',(-0.0349527737978269,-0.0184826539084486,0.107489583333333));
#2304=CARTESIAN_POINT('',(-0.0360144027493184,-0.0189776996186481,0.10743125));
#2305=CARTESIAN_POINT('',(-0.0370760317008098,-0.0194727453288476,0.107372916666667));
#2306=CARTESIAN_POINT('',(-0.0380355683376229,-0.0188008705425627,0.107314583333333));
#2307=CARTESIAN_POINT('',(-0.0389951049744359,-0.0181289957562779,0.10725625));
#2308=CARTESIAN_POINT('',(-0.0388930126597574,-0.0169620752597935,0.107197916666667));
#2309=CARTESIAN_POINT('',(-0.0387909203450791,-0.0157951547633091,0.107139583333333));
#2310=CARTESIAN_POINT('',(-0.0377292913935876,-0.0153001090531096,0.10708125));
#2311=CARTESIAN_POINT('',(-0.0366676624420961,-0.01480506334291,0.107022916666667));
#2312=CARTESIAN_POINT('',(-0.0357081258052831,-0.0154769381291949,0.106964583333333));
#2313=CARTESIAN_POINT('',(-0.0347485891684701,-0.0161488129154798,0.10690625));
#2314=CARTESIAN_POINT('',(-0.0348506814831485,-0.0173157334119642,0.106847916666667));
#2315=CARTESIAN_POINT('',(-0.0349527737978269,-0.0184826539084486,0.106789583333333));
#2316=CARTESIAN_POINT('',(-0.0360144027493184,-0.0189776996186481,0.10673125));
#2317=CARTESIAN_POINT('',(-0.0370760317008098,-0.0194727453288476,0.106672916666667));
#2318=CARTESIAN_POINT('',(-0.0380355683376229,-0.0188008705425627,0.106614583333333));
#2319=CARTESIAN_POINT('',(-0.0389951049744359,-0.0181289957562779,0.10655625));
#2320=CARTESIAN_POINT('',(-0.0388930126597574,-0.0169620752597935,0.106497916666667));
#2321=CARTESIAN_POINT('',(-0.0387909203450791,-0.0157951547633091,0.106439583333333));
#2322=CARTESIAN_POINT('',(-0.0377292913935876,-0.0153001090531096,0.10638125));
#2323=CARTESIAN_POINT('',(-0.0366676624420961,-0.01480506334291,0.106322916666667));
#2324=CARTESIAN_POINT('',(-0.0357081258052831,-0.0154769381291949,0.106264583333333));
#2325=CARTESIAN_POINT('',(-0.0347485891684701,-0.0161488129154798,0.10620625));
#2326=CARTESIAN_POINT('',(-0.0348506814831485,-0.0173157334119642,0.106147916666667));
#2327=CARTESIAN_POINT('',(-0.0349527737978269,-0.0184826539084486,0.106089583333333));
#2328=CARTESIAN_POINT('',(-0.0360144027493184,-0.0189776996186481,0.10603125));
#2329=CARTESIAN_POINT('',(-0.0370760317008098,-0.0194727453288476,0.105972916666667));
#2330=CARTESIAN_POINT('',(-0.0380355683376229,-0.0188008705425627,0.105914583333333));
#2331=CARTESIAN_POINT('',(-0.0389951049744359,-0.0181289957562779,0.10585625));
#2332=CARTESIAN_POINT('',(-0.0388930126597574,-0.0169620752597935,0.105797916666667));
#2333=CARTESIAN_POINT('',(-0.0387909203450791,-0.0157951547633091,0.105739583333333));
#2334=CARTESIAN_POINT('',(-0.0377292913935876,-0.0153001090531096,0.10568125));
#2335=CARTESIAN_POINT('',(-0.0366676624420961,-0.01480506334291,0.105622916666667));
#2336=CARTESIAN_POINT('',(-0.0357081258052831,-0.0154769381291949,0.105564583333333));
#2337=CARTESIAN_POINT('',(-0.0347485891684701,-0.0161488129154798,0.10550625));
#2338=CARTESIAN_POINT('',(-0.0348506814831485,-0.0173157334119642,0.105447916666667));
#2339=CARTESIAN_POINT('',(-0.0349527737978269,-0.0184826539084486,0.105389583333333));
#2340=CARTESIAN_POINT('',(-0.0360144027493184,-0.0189776996186481,0.10533125));
#2341=CARTESIAN_POINT('',(-0.0370760317008098,-0.0194727453288476,0.105272916666667));
#2342=CARTESIAN_POINT('',(-0.0380355683376229,-0.0188008705425627,0.105214583333333));
#2343=CARTESIAN_POINT('',(-0.0389951049744359,-0.0181289957562779,0.10515625));
#2344=CARTESIAN_POINT('',(-0.0388930126597574,-0.0169620752597935,0.105097916666667));
#2345=CARTESIAN_POINT('',(-0.0387909203450791,-0.0157951547633091,0.105039583333333));
#2346=CARTESIAN_POINT('',(-0.0377292913935876,-0.0153001090531096,0.10498125));
#2347=CARTESIAN_POINT('',(-0.0366676624420961,-0.01480506334291,0.104922916666667));
#2348=CARTESIAN_POINT('',(-0.0357081258052831,-0.0154769381291949,0.104864583333333));
#2349=CARTESIAN_POINT('',(-0.0347485891684701,-0.0161488129154798,0.10480625));
#2350=CARTESIAN_POINT('',(-0.0348506814831485,-0.0173157334119642,0.104747916666667));
#2351=CARTESIAN_POINT('',(-0.0349527737978269,-0.0184826539084486,0.104689583333333));
#2352=CARTESIAN_POINT('',(-0.0360144027493184,-0.0189776996186481,0.10463125));
#2353=CARTESIAN_POINT('',(-0.0370760317008098,-0.0194727453288476,0.104572916666667));
#2354=CARTESIAN_POINT('',(-0.0380355683376229,-0.0188008705425627,0.104514583333333));
#2355=CARTESIAN_POINT('',(-0.0389951049744359,-0.0181289957562779,0.10445625));
#2356=CARTESIAN_POINT('',(-0.0388930126597574,-0.0169620752597935,0.104397916666667));
#2357=CARTESIAN_POINT('',(-0.0387909203450791,-0.0157951547633091,0.104339583333333));
#2358=CARTESIAN_POINT('',(-0.0377292913935876,-0.0153001090531096,0.10428125));
#2359=CARTESIAN_POINT('',(-0.0366676624420961,-0.01480506334291,0.104222916666667));
#2360=CARTESIAN_POINT('',(-0.0357081258052831,-0.0154769381291949,0.104164583333333));
#2361=CARTESIAN_POINT('',(-0.0347485891684701,-0.0161488129154798,0.10410625));
#2362=CARTESIAN_POINT('',(-0.0348506814831485,-0.0173157334119642,0.104047916666667));
#2363=CARTESIAN_POINT('',(-0.0349527737978269,-0.0184826539084486,0.103989583333333));
#2364=CARTESIAN_POINT('',(-0.0360144027493184,-0.0189776996186481,0.10393125));
#2365=CARTESIAN_POINT('',(-0.0370760317008098,-0.0194727453288476,0.103872916666667));
#2366=CARTESIAN_POINT('',(-0.0380355683376229,-0.0188008705425627,0.103814583333333));
#2367=CARTESIAN_POINT('',(-0.0389951049744359,-0.0181289957562779,0.10375625));
#2368=CARTESIAN_POINT('',(-0.0388930126597574,-0.0169620752597935,0.103697916666667));
#2369=CARTESIAN_POINT('',(-0.0387909203450791,-0.0157951547633091,0.103639583333333));
#2370=CARTESIAN_POINT('',(-0.0377292913935876,-0.0153001090531096,0.10358125));
#2371=CARTESIAN_POINT('',(-0.0366676624420961,-0.01480506334291,0.103522916666667));
#2372=CARTESIAN_POINT('',(-0.0357081258052831,-0.0154769381291949,0.103464583333333));
#2373=CARTESIAN_POINT('',(-0.0347485891684701,-0.0161488129154798,0.10340625));
#2374=CARTESIAN_POINT('',(-0.0348506814831485,-0.0173157334119642,0.103347916666667));
#2375=CARTESIAN_POINT('',(-0.0349527737978269,-0.0184826539084486,0.103289583333333));
#2376=CARTESIAN_POINT('',(-0.0360144027493184,-0.0189776996186481,0.10323125));
#2377=CARTESIAN_POINT('',(-0.0370760317008098,-0.0194727453288476,0.103172916666667));
#2378=CARTESIAN_POINT('',(-0.0380355683376229,-0.0188008705425627,0.103114583333333));
#2379=CARTESIAN_POINT('',(-0.0389951049744359,-0.0181289957562779,0.10305625));
#2380=CARTESIAN_POINT('',(-0.0388930126597574,-0.0169620752597935,0.102997916666667));
#2381=CARTESIAN_POINT('',(-0.0387909203450791,-0.0157951547633091,0.102939583333333));
#2382=CARTESIAN_POINT('',(-0.0377292913935876,-0.0153001090531096,0.10288125));
#2383=CARTESIAN_POINT('',(-0.0366676624420961,-0.01480506334291,0.102822916666667));
#2384=CARTESIAN_POINT('',(-0.0357081258052831,-0.0154769381291949,0.102764583333333));
#2385=CARTESIAN_POINT('',(-0.0347485891684701,-0.0161488129154798,0.10270625));
#2386=CARTESIAN_POINT('',(-0.0348506814831485,-0.0173157334119642,0.102647916666667));
#2387=CARTESIAN_POINT('',(-0.0349527737978269,-0.0184826539084486,0.102589583333333));
#2388=CARTESIAN_POINT('',(-0.0360144027493184,-0.0189776996186481,0.10253125));
#2389=CARTESIAN_POINT('',(-0.0370760317008098,-0.0194727453288476,0.102472916666667));
#2390=CARTESIAN_POINT('',(-0.0380355683376229,-0.0188008705425627,0.102414583333333));
#2391=CARTESIAN_POINT('',(-0.0389951049744359,-0.0181289957562779,0.10235625));
#2392=CARTESIAN_POINT('',(-0.0388930126597574,-0.0169620752597935,0.102297916666667));
#2393=CARTESIAN_POINT('',(-0.0387909203450791,-0.0157951547633091,0.102239583333333));
#2394=CARTESIAN_POINT('',(-0.0377292913935876,-0.0153001090531096,0.10218125));
#2395=CARTESIAN_POINT('',(-0.0366676624420961,-0.01480506334291,0.102122916666667));
#2396=CARTESIAN_POINT('',(-0.0357081258052831,-0.0154769381291949,0.102064583333333));
#2397=CARTESIAN_POINT('',(-0.0347485891684701,-0.0161488129154798,0.10200625));
#2398=CARTESIAN_POINT('',(-0.0348506814831485,-0.0173157334119642,0.101947916666667));
#2399=CARTESIAN_POINT('',(-0.0349527737978269,-0.0184826539084486,0.101889583333333));
#2400=CARTESIAN_POINT('',(-0.0360144027493184,-0.0189776996186481,0.10183125));
#2401=CARTESIAN_POINT('',(-0.0370760317008098,-0.0194727453288476,0.101772916666667));
#2402=CARTESIAN_POINT('',(-0.0380355683376229,-0.0188008705425627,0.101714583333333));
#2403=CARTESIAN_POINT('',(-0.0389951049744359,-0.0181289957562779,0.10165625));
#2404=CARTESIAN_POINT('',(-0.0388930126597574,-0.0169620752597935,0.101597916666667));
#2405=CARTESIAN_POINT('',(-0.0387909203450791,-0.0157951547633091,0.101539583333333));
#2406=CARTESIAN_POINT('',(-0.0377292913935876,-0.0153001090531096,0.10148125));
#2407=CARTESIAN_POINT('',(-0.0366676624420961,-0.01480506334291,0.101422916666667));
#2408=CARTESIAN_POINT('',(-0.0357081258052831,-0.0154769381291949,0.101364583333333));
#2409=CARTESIAN_POINT('',(-0.0347485891684701,-0.0161488129154798,0.10130625));
#2410=CARTESIAN_POINT('',(-0.0348506814831485,-0.0173157334119642,0.101247916666667));
#2411=CARTESIAN_POINT('',(-0.0349527737978269,-0.0184826539084486,0.101189583333333));
#2412=CARTESIAN_POINT('',(-0.0360144027493184,-0.0189776996186481,0.10113125));
#2413=CARTESIAN_POINT('',(-0.0370760317008098,-0.0194727453288476,0.101072916666667));
#2414=CARTESIAN_POINT('',(-0.0380355683376229,-0.0188008705425627,0.101014583333333));
#2415=CARTESIAN_POINT('',(-0.0389951049744359,-0.0181289957562779,0.10095625));
#2416=CARTESIAN_POINT('',(-0.0388930126597574,-0.0169620752597935,0.100897916666667));
#2417=CARTESIAN_POINT('',(-0.0387909203450791,-0.0157951547633091,0.100839583333333));
#2418=CARTESIAN_POINT('',(-0.0377292913935876,-0.0153001090531096,0.10078125));
#2419=CARTESIAN_POINT('',(-0.0366676624420961,-0.01480506334291,0.100722916666667));
#2420=CARTESIAN_POINT('',(-0.0357081258052831,-0.0154769381291949,0.100664583333333));
#2421=CARTESIAN_POINT('',(-0.0347485891684701,-0.0161488129154798,0.10060625));
#2422=CARTESIAN_POINT('',(-0.0348506814831485,-0.0173157334119642,0.100547916666667));
#2423=CARTESIAN_POINT('',(-0.0349527737978269,-0.0184826539084486,0.100489583333333));
#2424=CARTESIAN_POINT('',(-0.0360144027493184,-0.0189776996186481,0.10043125));
#2425=CARTESIAN_POINT('',(-0.0370760317008098,-0.0194727453288476,0.100372916666667));
#2426=CARTESIAN_POINT('',(-0.0380355683376229,-0.0188008705425627,0.100314583333333));
#2427=CARTESIAN_POINT('',(-0.0389951049744359,-0.0181289957562779,0.10025625));
#2428=CARTESIAN_POINT('',(-0.0388930126597574,-0.0169620752597935,0.100197916666667));
#2429=CARTESIAN_POINT('',(-0.0387909203450791,-0.0157951547633091,0.100139583333333));
#2430=CARTESIAN_POINT('',(-0.0377292913935876,-0.0153001090531096,0.10008125));
#2431=CARTESIAN_POINT('',(-0.0366676624420961,-0.01480506334291,0.100022916666667));
#2432=CARTESIAN_POINT('',(-0.0357081258052831,-0.0154769381291949,0.0999645833333333));
#2433=CARTESIAN_POINT('',(-0.0347485891684701,-0.0161488129154798,0.09990625));
#2434=CARTESIAN_POINT('',(-0.0348506814831485,-0.0173157334119642,0.0998479166666667));
#2435=CARTESIAN_POINT('',(-0.0349527737978269,-0.0184826539084486,0.0997895833333333));
#2436=CARTESIAN_POINT('',(-0.0360144027493184,-0.0189776996186481,0.09973125));
#2437=CARTESIAN_POINT('',(-0.0370760317008098,-0.0194727453288476,0.0996729166666666));
#2438=CARTESIAN_POINT('',(-0.0380355683376229,-0.0188008705425627,0.0996145833333333));
#2439=CARTESIAN_POINT('',(-0.0389951049744359,-0.0181289957562779,0.0995562499999999));
#2440=CARTESIAN_POINT('',(-0.0388930126597574,-0.0169620752597935,0.0994979166666667));
#2441=CARTESIAN_POINT('',(-0.0387909203450791,-0.0157951547633091,0.0994395833333334));
#2442=CARTESIAN_POINT('',(-0.0377292913935876,-0.0153001090531096,0.09938125));
#2443=CARTESIAN_POINT('',(-0.0366676624420961,-0.01480506334291,0.0993229166666667));
#2444=CARTESIAN_POINT('',(-0.0357081258052831,-0.0154769381291949,0.0992645833333333));
#2445=CARTESIAN_POINT('',(-0.0347485891684701,-0.0161488129154798,0.09920625));
#2446=CARTESIAN_POINT('',(-0.0348506814831485,-0.0173157334119642,0.0991479166666667));
#2447=CARTESIAN_POINT('',(-0.0349527737978269,-0.0184826539084486,0.0990895833333333));
#2448=CARTESIAN_POINT('',(-0.0360144027493184,-0.0189776996186481,0.09903125));
#2449=CARTESIAN_POINT('',(-0.0370760317008098,-0.0194727453288476,0.0989729166666666));
#2450=CARTESIAN_POINT('',(-0.0380355683376229,-0.0188008705425627,0.0989145833333333));
#2451=CARTESIAN_POINT('',(-0.0389951049744359,-0.0181289957562779,0.09885625));
#2452=CARTESIAN_POINT('',(-0.0388930126597574,-0.0169620752597935,0.0987979166666667));
#2453=CARTESIAN_POINT('',(-0.0387909203450791,-0.0157951547633091,0.0987395833333333));
#2454=CARTESIAN_POINT('',(-0.0377292913935876,-0.0153001090531096,0.09868125));
#2455=CARTESIAN_POINT('',(-0.0366676624420961,-0.01480506334291,0.0986229166666667));
#2456=CARTESIAN_POINT('',(-0.0357081258052831,-0.0154769381291949,0.0985645833333333));
#2457=CARTESIAN_POINT('',(-0.0347485891684701,-0.0161488129154798,0.09850625));
#2458=CARTESIAN_POINT('',(-0.0348506814831485,-0.0173157334119642,0.0984479166666667));
#2459=CARTESIAN_POINT('',(-0.0349527737978269,-0.0184826539084486,0.0983895833333333));
#2460=CARTESIAN_POINT('',(-0.0360144027493184,-0.0189776996186481,0.09833125));
#2461=CARTESIAN_POINT('',(-0.0370760317008098,-0.0194727453288476,0.0982729166666667));
#2462=CARTESIAN_POINT('',(-0.0380355683376229,-0.0188008705425627,0.0982145833333333));
#2463=CARTESIAN_POINT('',(-0.0389951049744359,-0.0181289957562779,0.09815625));
#2464=CARTESIAN_POINT('',(-0.0388930126597574,-0.0169620752597935,0.0980979166666667));
#2465=CARTESIAN_POINT('',(-0.0387909203450791,-0.0157951547633091,0.0980395833333333));
#2466=CARTESIAN_POINT('',(-0.0377292913935876,-0.0153001090531096,0.09798125));
#2467=CARTESIAN_POINT('',(-0.0366676624420961,-0.01480506334291,0.0979229166666667));
#2468=CARTESIAN_POINT('',(-0.0357081258052831,-0.0154769381291949,0.0978645833333333));
#2469=CARTESIAN_POINT('',(-0.0347485891684701,-0.0161488129154798,0.09780625));
#2470=CARTESIAN_POINT('',(-0.0348506814831485,-0.0173157334119642,0.0977479166666667));
#2471=CARTESIAN_POINT('',(-0.0348714444184306,-0.0175530548481971,0.0977360531759759));
#2472=CARTESIAN_POINT('',(-0.0349466163656946,-0.0177791117921774,0.0977229257506361));
#2473=CARTESIAN_POINT('',(-0.0372103275788574,-0.0187538132949559,0.108277776694145));
#2474=CARTESIAN_POINT('',(-0.0375412674709196,-0.0186844491973973,0.108254038488922));
#2475=CARTESIAN_POINT('',(-0.0378182481914322,-0.0184905052089556,0.108233333333333));
#2476=CARTESIAN_POINT('',(-0.03859859531934,-0.0179441002675743,0.108175));
#2477=CARTESIAN_POINT('',(-0.0385155683233043,-0.0169950973603452,0.108116666666667));
#2478=CARTESIAN_POINT('',(-0.0384325413272687,-0.0160460944531161,0.108058333333333));
#2479=CARTESIAN_POINT('',(-0.0375691672033252,-0.0156434964872684,0.108));
#2480=CARTESIAN_POINT('',(-0.0367057930793816,-0.0152408985214206,0.107941666666667));
#2481=CARTESIAN_POINT('',(-0.0359254459514737,-0.015787303462802,0.107883333333333));
#2482=CARTESIAN_POINT('',(-0.0351450988235659,-0.0163337084041834,0.107825));
#2483=CARTESIAN_POINT('',(-0.0352281258196016,-0.0172827113114125,0.107766666666667));
#2484=CARTESIAN_POINT('',(-0.0353111528156373,-0.0182317142186416,0.107708333333333));
#2485=CARTESIAN_POINT('',(-0.0361745269395808,-0.0186343121844893,0.10765));
#2486=CARTESIAN_POINT('',(-0.0370379010635244,-0.019036910150337,0.107591666666667));
#2487=CARTESIAN_POINT('',(-0.0378182481914322,-0.0184905052089556,0.107533333333333));
#2488=CARTESIAN_POINT('',(-0.03859859531934,-0.0179441002675743,0.107475));
#2489=CARTESIAN_POINT('',(-0.0385155683233043,-0.0169950973603452,0.107416666666667));
#2490=CARTESIAN_POINT('',(-0.0384325413272687,-0.0160460944531161,0.107358333333333));
#2491=CARTESIAN_POINT('',(-0.0375691672033252,-0.0156434964872684,0.1073));
#2492=CARTESIAN_POINT('',(-0.0367057930793816,-0.0152408985214206,0.107241666666667));
#2493=CARTESIAN_POINT('',(-0.0359254459514737,-0.015787303462802,0.107183333333333));
#2494=CARTESIAN_POINT('',(-0.0351450988235659,-0.0163337084041834,0.107125));
#2495=CARTESIAN_POINT('',(-0.0352281258196016,-0.0172827113114125,0.107066666666667));
#2496=CARTESIAN_POINT('',(-0.0353111528156373,-0.0182317142186416,0.107008333333333));
#2497=CARTESIAN_POINT('',(-0.0361745269395808,-0.0186343121844893,0.10695));
#2498=CARTESIAN_POINT('',(-0.0370379010635244,-0.019036910150337,0.106891666666667));
#2499=CARTESIAN_POINT('',(-0.0378182481914322,-0.0184905052089556,0.106833333333333));
#2500=CARTESIAN_POINT('',(-0.03859859531934,-0.0179441002675743,0.106775));
#2501=CARTESIAN_POINT('',(-0.0385155683233043,-0.0169950973603452,0.106716666666667));
#2502=CARTESIAN_POINT('',(-0.0384325413272687,-0.0160460944531161,0.106658333333333));
#2503=CARTESIAN_POINT('',(-0.0375691672033252,-0.0156434964872684,0.1066));
#2504=CARTESIAN_POINT('',(-0.0367057930793816,-0.0152408985214206,0.106541666666667));
#2505=CARTESIAN_POINT('',(-0.0359254459514737,-0.015787303462802,0.106483333333333));
#2506=CARTESIAN_POINT('',(-0.0351450988235659,-0.0163337084041834,0.106425));
#2507=CARTESIAN_POINT('',(-0.0352281258196016,-0.0172827113114125,0.106366666666667));
#2508=CARTESIAN_POINT('',(-0.0353111528156373,-0.0182317142186416,0.106308333333333));
#2509=CARTESIAN_POINT('',(-0.0361745269395808,-0.0186343121844893,0.10625));
#2510=CARTESIAN_POINT('',(-0.0370379010635244,-0.019036910150337,0.106191666666667));
#2511=CARTESIAN_POINT('',(-0.0378182481914322,-0.0184905052089556,0.106133333333333));
#2512=CARTESIAN_POINT('',(-0.03859859531934,-0.0179441002675743,0.106075));
#2513=CARTESIAN_POINT('',(-0.0385155683233043,-0.0169950973603452,0.106016666666667));
#2514=CARTESIAN_POINT('',(-0.0384325413272687,-0.0160460944531161,0.105958333333333));
#2515=CARTESIAN_POINT('',(-0.0375691672033252,-0.0156434964872684,0.1059));
#2516=CARTESIAN_POINT('',(-0.0367057930793816,-0.0152408985214206,0.105841666666667));
#2517=CARTESIAN_POINT('',(-0.0359254459514737,-0.015787303462802,0.105783333333333));
#2518=CARTESIAN_POINT('',(-0.0351450988235659,-0.0163337084041834,0.105725));
#2519=CARTESIAN_POINT('',(-0.0352281258196016,-0.0172827113114125,0.105666666666667));
#2520=CARTESIAN_POINT('',(-0.0353111528156373,-0.0182317142186416,0.105608333333333));
#2521=CARTESIAN_POINT('',(-0.0361745269395808,-0.0186343121844893,0.10555));
#2522=CARTESIAN_POINT('',(-0.0370379010635244,-0.019036910150337,0.105491666666667));
#2523=CARTESIAN_POINT('',(-0.0378182481914322,-0.0184905052089556,0.105433333333333));
#2524=CARTESIAN_POINT('',(-0.03859859531934,-0.0179441002675743,0.105375));
#2525=CARTESIAN_POINT('',(-0.0385155683233043,-0.0169950973603452,0.105316666666667));
#2526=CARTESIAN_POINT('',(-0.0384325413272687,-0.0160460944531161,0.105258333333333));
#2527=CARTESIAN_POINT('',(-0.0375691672033252,-0.0156434964872684,0.1052));
#2528=CARTESIAN_POINT('',(-0.0367057930793816,-0.0152408985214206,0.105141666666667));
#2529=CARTESIAN_POINT('',(-0.0359254459514737,-0.015787303462802,0.105083333333333));
#2530=CARTESIAN_POINT('',(-0.0351450988235659,-0.0163337084041834,0.105025));
#2531=CARTESIAN_POINT('',(-0.0352281258196016,-0.0172827113114125,0.104966666666667));
#2532=CARTESIAN_POINT('',(-0.0353111528156373,-0.0182317142186416,0.104908333333333));
#2533=CARTESIAN_POINT('',(-0.0361745269395808,-0.0186343121844893,0.10485));
#2534=CARTESIAN_POINT('',(-0.0370379010635244,-0.019036910150337,0.104791666666667));
#2535=CARTESIAN_POINT('',(-0.0378182481914322,-0.0184905052089556,0.104733333333333));
#2536=CARTESIAN_POINT('',(-0.03859859531934,-0.0179441002675743,0.104675));
#2537=CARTESIAN_POINT('',(-0.0385155683233043,-0.0169950973603452,0.104616666666667));
#2538=CARTESIAN_POINT('',(-0.0384325413272687,-0.0160460944531161,0.104558333333333));
#2539=CARTESIAN_POINT('',(-0.0375691672033252,-0.0156434964872684,0.1045));
#2540=CARTESIAN_POINT('',(-0.0367057930793816,-0.0152408985214206,0.104441666666667));
#2541=CARTESIAN_POINT('',(-0.0359254459514737,-0.015787303462802,0.104383333333333));
#2542=CARTESIAN_POINT('',(-0.0351450988235659,-0.0163337084041834,0.104325));
#2543=CARTESIAN_POINT('',(-0.0352281258196016,-0.0172827113114125,0.104266666666667));
#2544=CARTESIAN_POINT('',(-0.0353111528156373,-0.0182317142186416,0.104208333333333));
#2545=CARTESIAN_POINT('',(-0.0361745269395808,-0.0186343121844893,0.10415));
#2546=CARTESIAN_POINT('',(-0.0370379010635244,-0.019036910150337,0.104091666666667));
#2547=CARTESIAN_POINT('',(-0.0378182481914322,-0.0184905052089556,0.104033333333333));
#2548=CARTESIAN_POINT('',(-0.03859859531934,-0.0179441002675743,0.103975));
#2549=CARTESIAN_POINT('',(-0.0385155683233043,-0.0169950973603452,0.103916666666667));
#2550=CARTESIAN_POINT('',(-0.0384325413272687,-0.0160460944531161,0.103858333333333));
#2551=CARTESIAN_POINT('',(-0.0375691672033252,-0.0156434964872684,0.1038));
#2552=CARTESIAN_POINT('',(-0.0367057930793816,-0.0152408985214206,0.103741666666667));
#2553=CARTESIAN_POINT('',(-0.0359254459514737,-0.015787303462802,0.103683333333333));
#2554=CARTESIAN_POINT('',(-0.0351450988235659,-0.0163337084041834,0.103625));
#2555=CARTESIAN_POINT('',(-0.0352281258196016,-0.0172827113114125,0.103566666666667));
#2556=CARTESIAN_POINT('',(-0.0353111528156373,-0.0182317142186416,0.103508333333333));
#2557=CARTESIAN_POINT('',(-0.0361745269395808,-0.0186343121844893,0.10345));
#2558=CARTESIAN_POINT('',(-0.0370379010635244,-0.019036910150337,0.103391666666667));
#2559=CARTESIAN_POINT('',(-0.0378182481914322,-0.0184905052089556,0.103333333333333));
#2560=CARTESIAN_POINT('',(-0.03859859531934,-0.0179441002675743,0.103275));
#2561=CARTESIAN_POINT('',(-0.0385155683233043,-0.0169950973603452,0.103216666666667));
#2562=CARTESIAN_POINT('',(-0.0384325413272687,-0.0160460944531161,0.103158333333333));
#2563=CARTESIAN_POINT('',(-0.0375691672033252,-0.0156434964872684,0.1031));
#2564=CARTESIAN_POINT('',(-0.0367057930793816,-0.0152408985214206,0.103041666666667));
#2565=CARTESIAN_POINT('',(-0.0359254459514737,-0.015787303462802,0.102983333333333));
#2566=CARTESIAN_POINT('',(-0.0351450988235659,-0.0163337084041834,0.102925));
#2567=CARTESIAN_POINT('',(-0.0352281258196016,-0.0172827113114125,0.102866666666667));
#2568=CARTESIAN_POINT('',(-0.0353111528156373,-0.0182317142186416,0.102808333333333));
#2569=CARTESIAN_POINT('',(-0.0361745269395808,-0.0186343121844893,0.10275));
#2570=CARTESIAN_POINT('',(-0.0370379010635244,-0.019036910150337,0.102691666666667));
#2571=CARTESIAN_POINT('',(-0.0378182481914322,-0.0184905052089556,0.102633333333333));
#2572=CARTESIAN_POINT('',(-0.03859859531934,-0.0179441002675743,0.102575));
#2573=CARTESIAN_POINT('',(-0.0385155683233043,-0.0169950973603452,0.102516666666667));
#2574=CARTESIAN_POINT('',(-0.0384325413272687,-0.0160460944531161,0.102458333333333));
#2575=CARTESIAN_POINT('',(-0.0375691672033252,-0.0156434964872684,0.1024));
#2576=CARTESIAN_POINT('',(-0.0367057930793816,-0.0152408985214206,0.102341666666667));
#2577=CARTESIAN_POINT('',(-0.0359254459514737,-0.015787303462802,0.102283333333333));
#2578=CARTESIAN_POINT('',(-0.0351450988235659,-0.0163337084041834,0.102225));
#2579=CARTESIAN_POINT('',(-0.0352281258196016,-0.0172827113114125,0.102166666666667));
#2580=CARTESIAN_POINT('',(-0.0353111528156373,-0.0182317142186416,0.102108333333333));
#2581=CARTESIAN_POINT('',(-0.0361745269395808,-0.0186343121844893,0.10205));
#2582=CARTESIAN_POINT('',(-0.0370379010635244,-0.019036910150337,0.101991666666667));
#2583=CARTESIAN_POINT('',(-0.0378182481914322,-0.0184905052089556,0.101933333333333));
#2584=CARTESIAN_POINT('',(-0.03859859531934,-0.0179441002675743,0.101875));
#2585=CARTESIAN_POINT('',(-0.0385155683233043,-0.0169950973603452,0.101816666666667));
#2586=CARTESIAN_POINT('',(-0.0384325413272687,-0.0160460944531161,0.101758333333333));
#2587=CARTESIAN_POINT('',(-0.0375691672033252,-0.0156434964872684,0.1017));
#2588=CARTESIAN_POINT('',(-0.0367057930793816,-0.0152408985214206,0.101641666666667));
#2589=CARTESIAN_POINT('',(-0.0359254459514737,-0.015787303462802,0.101583333333333));
#2590=CARTESIAN_POINT('',(-0.0351450988235659,-0.0163337084041834,0.101525));
#2591=CARTESIAN_POINT('',(-0.0352281258196016,-0.0172827113114125,0.101466666666667));
#2592=CARTESIAN_POINT('',(-0.0353111528156373,-0.0182317142186416,0.101408333333333));
#2593=CARTESIAN_POINT('',(-0.0361745269395808,-0.0186343121844893,0.10135));
#2594=CARTESIAN_POINT('',(-0.0370379010635244,-0.019036910150337,0.101291666666667));
#2595=CARTESIAN_POINT('',(-0.0378182481914322,-0.0184905052089556,0.101233333333333));
#2596=CARTESIAN_POINT('',(-0.03859859531934,-0.0179441002675743,0.101175));
#2597=CARTESIAN_POINT('',(-0.0385155683233043,-0.0169950973603452,0.101116666666667));
#2598=CARTESIAN_POINT('',(-0.0384325413272687,-0.0160460944531161,0.101058333333333));
#2599=CARTESIAN_POINT('',(-0.0375691672033252,-0.0156434964872684,0.101));
#2600=CARTESIAN_POINT('',(-0.0367057930793816,-0.0152408985214206,0.100941666666667));
#2601=CARTESIAN_POINT('',(-0.0359254459514737,-0.015787303462802,0.100883333333333));
#2602=CARTESIAN_POINT('',(-0.0351450988235659,-0.0163337084041834,0.100825));
#2603=CARTESIAN_POINT('',(-0.0352281258196016,-0.0172827113114125,0.100766666666667));
#2604=CARTESIAN_POINT('',(-0.0353111528156373,-0.0182317142186416,0.100708333333333));
#2605=CARTESIAN_POINT('',(-0.0361745269395808,-0.0186343121844893,0.10065));
#2606=CARTESIAN_POINT('',(-0.0370379010635244,-0.019036910150337,0.100591666666667));
#2607=CARTESIAN_POINT('',(-0.0378182481914322,-0.0184905052089556,0.100533333333333));
#2608=CARTESIAN_POINT('',(-0.03859859531934,-0.0179441002675743,0.100475));
#2609=CARTESIAN_POINT('',(-0.0385155683233043,-0.0169950973603452,0.100416666666667));
#2610=CARTESIAN_POINT('',(-0.0384325413272687,-0.0160460944531161,0.100358333333333));
#2611=CARTESIAN_POINT('',(-0.0375691672033252,-0.0156434964872684,0.1003));
#2612=CARTESIAN_POINT('',(-0.0367057930793816,-0.0152408985214206,0.100241666666667));
#2613=CARTESIAN_POINT('',(-0.0359254459514737,-0.015787303462802,0.100183333333333));
#2614=CARTESIAN_POINT('',(-0.0351450988235659,-0.0163337084041834,0.100125));
#2615=CARTESIAN_POINT('',(-0.0352281258196016,-0.0172827113114125,0.100066666666667));
#2616=CARTESIAN_POINT('',(-0.0353111528156373,-0.0182317142186416,0.100008333333333));
#2617=CARTESIAN_POINT('',(-0.0361745269395808,-0.0186343121844893,0.09995));
#2618=CARTESIAN_POINT('',(-0.0370379010635244,-0.019036910150337,0.0998916666666667));
#2619=CARTESIAN_POINT('',(-0.0378182481914322,-0.0184905052089556,0.0998333333333333));
#2620=CARTESIAN_POINT('',(-0.03859859531934,-0.0179441002675743,0.099775));
#2621=CARTESIAN_POINT('',(-0.0385155683233043,-0.0169950973603452,0.0997166666666667));
#2622=CARTESIAN_POINT('',(-0.0384325413272687,-0.0160460944531161,0.0996583333333333));
#2623=CARTESIAN_POINT('',(-0.0375691672033252,-0.0156434964872684,0.0996));
#2624=CARTESIAN_POINT('',(-0.0367057930793816,-0.0152408985214206,0.0995416666666666));
#2625=CARTESIAN_POINT('',(-0.0359254459514737,-0.015787303462802,0.0994833333333333));
#2626=CARTESIAN_POINT('',(-0.0351450988235659,-0.0163337084041834,0.099425));
#2627=CARTESIAN_POINT('',(-0.0352281258196016,-0.0172827113114125,0.0993666666666667));
#2628=CARTESIAN_POINT('',(-0.0353111528156373,-0.0182317142186416,0.0993083333333334));
#2629=CARTESIAN_POINT('',(-0.0361745269395808,-0.0186343121844893,0.09925));
#2630=CARTESIAN_POINT('',(-0.0370379010635244,-0.019036910150337,0.0991916666666667));
#2631=CARTESIAN_POINT('',(-0.0378182481914322,-0.0184905052089556,0.0991333333333334));
#2632=CARTESIAN_POINT('',(-0.03859859531934,-0.0179441002675743,0.099075));
#2633=CARTESIAN_POINT('',(-0.0385155683233043,-0.0169950973603452,0.0990166666666667));
#2634=CARTESIAN_POINT('',(-0.0384325413272687,-0.0160460944531161,0.0989583333333333));
#2635=CARTESIAN_POINT('',(-0.0375691672033252,-0.0156434964872684,0.0989));
#2636=CARTESIAN_POINT('',(-0.0367057930793816,-0.0152408985214206,0.0988416666666666));
#2637=CARTESIAN_POINT('',(-0.0359254459514737,-0.015787303462802,0.0987833333333333));
#2638=CARTESIAN_POINT('',(-0.0351450988235659,-0.0163337084041834,0.098725));
#2639=CARTESIAN_POINT('',(-0.0352281258196016,-0.0172827113114125,0.0986666666666667));
#2640=CARTESIAN_POINT('',(-0.0353111528156373,-0.0182317142186416,0.0986083333333333));
#2641=CARTESIAN_POINT('',(-0.0361745269395808,-0.0186343121844893,0.09855));
#2642=CARTESIAN_POINT('',(-0.0370379010635244,-0.019036910150337,0.0984916666666666));
#2643=CARTESIAN_POINT('',(-0.0378182481914322,-0.0184905052089556,0.0984333333333333));
#2644=CARTESIAN_POINT('',(-0.03859859531934,-0.0179441002675743,0.098375));
#2645=CARTESIAN_POINT('',(-0.0385155683233043,-0.0169950973603452,0.0983166666666667));
#2646=CARTESIAN_POINT('',(-0.0384325413272687,-0.0160460944531161,0.0982583333333333));
#2647=CARTESIAN_POINT('',(-0.0375691672033252,-0.0156434964872684,0.0982));
#2648=CARTESIAN_POINT('',(-0.0367057930793816,-0.0152408985214206,0.0981416666666667));
#2649=CARTESIAN_POINT('',(-0.0359254459514737,-0.015787303462802,0.0980833333333333));
#2650=CARTESIAN_POINT('',(-0.0351450988235659,-0.0163337084041834,0.098025));
#2651=CARTESIAN_POINT('',(-0.0352281258196016,-0.0172827113114125,0.0979666666666667));
#2652=CARTESIAN_POINT('',(-0.0352450113623654,-0.0174757139483627,0.0979548031759759));
#2653=CARTESIAN_POINT('',(-0.0353061452585567,-0.0176595556905234,0.0979416757506361));
#2654=CARTESIAN_POINT('',(-0.0375691672033252,-0.0156434964872684,0.1094));
#2655=CARTESIAN_POINT('',(-0.0367057930793816,-0.0152408985214206,0.109341666666667));
#2656=CARTESIAN_POINT('',(-0.0359254459514737,-0.015787303462802,0.109283333333333));
#2657=CARTESIAN_POINT('',(-0.0351450988235659,-0.0163337084041834,0.109225));
#2658=CARTESIAN_POINT('',(-0.0352281258196016,-0.0172827113114125,0.109166666666667));
#2659=CARTESIAN_POINT('',(-0.0353111528156373,-0.0182317142186416,0.109108333333333));
#2660=CARTESIAN_POINT('',(-0.0361745269395808,-0.0186343121844893,0.10905));
#2661=CARTESIAN_POINT('',(-0.0370379010635244,-0.019036910150337,0.108991666666667));
#2662=CARTESIAN_POINT('',(-0.0378182481914322,-0.0184905052089556,0.108933333333333));
#2663=CARTESIAN_POINT('',(-0.03859859531934,-0.0179441002675743,0.108875));
#2664=CARTESIAN_POINT('',(-0.0385155683233043,-0.0169950973603452,0.108816666666667));
#2665=CARTESIAN_POINT('',(-0.0384325413272687,-0.0160460944531161,0.108758333333333));
#2666=CARTESIAN_POINT('',(-0.0375691672033252,-0.0156434964872684,0.1087));
#2667=CARTESIAN_POINT('',(-0.0367057930793816,-0.0152408985214206,0.108641666666667));
#2668=CARTESIAN_POINT('',(-0.0359254459514737,-0.015787303462802,0.108583333333333));
#2669=CARTESIAN_POINT('',(-0.0351450988235659,-0.0163337084041834,0.108525));
#2670=CARTESIAN_POINT('',(-0.0352281258196016,-0.0172827113114125,0.108466666666667));
#2671=CARTESIAN_POINT('',(-0.0353111528156373,-0.0182317142186416,0.108408333333333));
#2672=CARTESIAN_POINT('',(-0.0361745269395808,-0.0186343121844893,0.10835));
#2673=CARTESIAN_POINT('',(-0.0370379010635244,-0.019036910150337,0.108291666666667));
#2674=CARTESIAN_POINT('',(-0.0378182481914322,-0.0184905052089556,0.108233333333333));
#2675=CARTESIAN_POINT('',(-0.03859859531934,-0.0179441002675743,0.108175));
#2676=CARTESIAN_POINT('',(-0.0385155683233043,-0.0169950973603452,0.108116666666667));
#2677=CARTESIAN_POINT('',(-0.0384325413272687,-0.0160460944531161,0.108058333333333));
#2678=CARTESIAN_POINT('',(-0.0375691672033252,-0.0156434964872684,0.108));
#2679=CARTESIAN_POINT('',(-0.0367057930793816,-0.0152408985214206,0.107941666666667));
#2680=CARTESIAN_POINT('',(-0.0359254459514737,-0.015787303462802,0.107883333333333));
#2681=CARTESIAN_POINT('',(-0.0351450988235659,-0.0163337084041834,0.107825));
#2682=CARTESIAN_POINT('',(-0.0352281258196016,-0.0172827113114125,0.107766666666667));
#2683=CARTESIAN_POINT('',(-0.0353111528156373,-0.0182317142186416,0.107708333333333));
#2684=CARTESIAN_POINT('',(-0.0361745269395808,-0.0186343121844893,0.10765));
#2685=CARTESIAN_POINT('',(-0.0370379010635244,-0.019036910150337,0.107591666666667));
#2686=CARTESIAN_POINT('',(-0.0378182481914322,-0.0184905052089556,0.107533333333333));
#2687=CARTESIAN_POINT('',(-0.03859859531934,-0.0179441002675743,0.107475));
#2688=CARTESIAN_POINT('',(-0.0385155683233043,-0.0169950973603452,0.107416666666667));
#2689=CARTESIAN_POINT('',(-0.0384325413272687,-0.0160460944531161,0.107358333333333));
#2690=CARTESIAN_POINT('',(-0.0375691672033252,-0.0156434964872684,0.1073));
#2691=CARTESIAN_POINT('',(-0.0367057930793816,-0.0152408985214206,0.107241666666667));
#2692=CARTESIAN_POINT('',(-0.0359254459514737,-0.015787303462802,0.107183333333333));
#2693=CARTESIAN_POINT('',(-0.0351450988235659,-0.0163337084041834,0.107125));
#2694=CARTESIAN_POINT('',(-0.0352281258196016,-0.0172827113114125,0.107066666666667));
#2695=CARTESIAN_POINT('',(-0.0353111528156373,-0.0182317142186416,0.107008333333333));
#2696=CARTESIAN_POINT('',(-0.0361745269395808,-0.0186343121844893,0.10695));
#2697=CARTESIAN_POINT('',(-0.0370379010635244,-0.019036910150337,0.106891666666667));
#2698=CARTESIAN_POINT('',(-0.0378182481914322,-0.0184905052089556,0.106833333333333));
#2699=CARTESIAN_POINT('',(-0.03859859531934,-0.0179441002675743,0.106775));
#2700=CARTESIAN_POINT('',(-0.0385155683233043,-0.0169950973603452,0.106716666666667));
#2701=CARTESIAN_POINT('',(-0.0384325413272687,-0.0160460944531161,0.106658333333333));
#2702=CARTESIAN_POINT('',(-0.0375691672033252,-0.0156434964872684,0.1066));
#2703=CARTESIAN_POINT('',(-0.0367057930793816,-0.0152408985214206,0.106541666666667));
#2704=CARTESIAN_POINT('',(-0.0359254459514737,-0.015787303462802,0.106483333333333));
#2705=CARTESIAN_POINT('',(-0.0351450988235659,-0.0163337084041834,0.106425));
#2706=CARTESIAN_POINT('',(-0.0352281258196016,-0.0172827113114125,0.106366666666667));
#2707=CARTESIAN_POINT('',(-0.0353111528156373,-0.0182317142186416,0.106308333333333));
#2708=CARTESIAN_POINT('',(-0.0361745269395808,-0.0186343121844893,0.10625));
#2709=CARTESIAN_POINT('',(-0.0370379010635244,-0.019036910150337,0.106191666666667));
#2710=CARTESIAN_POINT('',(-0.0378182481914322,-0.0184905052089556,0.106133333333333));
#2711=CARTESIAN_POINT('',(-0.03859859531934,-0.0179441002675743,0.106075));
#2712=CARTESIAN_POINT('',(-0.0385155683233043,-0.0169950973603452,0.106016666666667));
#2713=CARTESIAN_POINT('',(-0.0384325413272687,-0.0160460944531161,0.105958333333333));
#2714=CARTESIAN_POINT('',(-0.0375691672033252,-0.0156434964872684,0.1059));
#2715=CARTESIAN_POINT('',(-0.0367057930793816,-0.0152408985214206,0.105841666666667));
#2716=CARTESIAN_POINT('',(-0.0359254459514737,-0.015787303462802,0.105783333333333));
#2717=CARTESIAN_POINT('',(-0.0351450988235659,-0.0163337084041833,0.105725));
#2718=CARTESIAN_POINT('',(-0.0352281258196016,-0.0172827113114125,0.105666666666667));
#2719=CARTESIAN_POINT('',(-0.0353111528156373,-0.0182317142186416,0.105608333333333));
#2720=CARTESIAN_POINT('',(-0.0361745269395808,-0.0186343121844893,0.10555));
#2721=CARTESIAN_POINT('',(-0.0370379010635244,-0.019036910150337,0.105491666666667));
#2722=CARTESIAN_POINT('',(-0.0378182481914322,-0.0184905052089557,0.105433333333333));
#2723=CARTESIAN_POINT('',(-0.03859859531934,-0.0179441002675743,0.105375));
#2724=CARTESIAN_POINT('',(-0.0385155683233043,-0.0169950973603452,0.105316666666667));
#2725=CARTESIAN_POINT('',(-0.0384325413272687,-0.0160460944531161,0.105258333333333));
#2726=CARTESIAN_POINT('',(-0.0375691672033252,-0.0156434964872684,0.1052));
#2727=CARTESIAN_POINT('',(-0.0367057930793816,-0.0152408985214206,0.105141666666667));
#2728=CARTESIAN_POINT('',(-0.0359254459514737,-0.015787303462802,0.105083333333333));
#2729=CARTESIAN_POINT('',(-0.0351450988235659,-0.0163337084041833,0.105025));
#2730=CARTESIAN_POINT('',(-0.0352281258196016,-0.0172827113114125,0.104966666666667));
#2731=CARTESIAN_POINT('',(-0.0353111528156373,-0.0182317142186416,0.104908333333333));
#2732=CARTESIAN_POINT('',(-0.0361745269395808,-0.0186343121844893,0.10485));
#2733=CARTESIAN_POINT('',(-0.0370379010635244,-0.019036910150337,0.104791666666667));
#2734=CARTESIAN_POINT('',(-0.0378182481914322,-0.0184905052089557,0.104733333333333));
#2735=CARTESIAN_POINT('',(-0.03859859531934,-0.0179441002675743,0.104675));
#2736=CARTESIAN_POINT('',(-0.0385155683233043,-0.0169950973603452,0.104616666666667));
#2737=CARTESIAN_POINT('',(-0.0384325413272687,-0.0160460944531161,0.104558333333333));
#2738=CARTESIAN_POINT('',(-0.0375691672033252,-0.0156434964872684,0.1045));
#2739=CARTESIAN_POINT('',(-0.0367057930793816,-0.0152408985214206,0.104441666666667));
#2740=CARTESIAN_POINT('',(-0.0359254459514737,-0.015787303462802,0.104383333333333));
#2741=CARTESIAN_POINT('',(-0.0351450988235659,-0.0163337084041833,0.104325));
#2742=CARTESIAN_POINT('',(-0.0352281258196016,-0.0172827113114125,0.104266666666667));
#2743=CARTESIAN_POINT('',(-0.0353111528156373,-0.0182317142186416,0.104208333333333));
#2744=CARTESIAN_POINT('',(-0.0361745269395808,-0.0186343121844893,0.10415));
#2745=CARTESIAN_POINT('',(-0.0370379010635244,-0.019036910150337,0.104091666666667));
#2746=CARTESIAN_POINT('',(-0.0378182481914322,-0.0184905052089557,0.104033333333333));
#2747=CARTESIAN_POINT('',(-0.03859859531934,-0.0179441002675743,0.103975));
#2748=CARTESIAN_POINT('',(-0.0385155683233043,-0.0169950973603452,0.103916666666667));
#2749=CARTESIAN_POINT('',(-0.0384325413272687,-0.0160460944531161,0.103858333333333));
#2750=CARTESIAN_POINT('',(-0.0375691672033252,-0.0156434964872684,0.1038));
#2751=CARTESIAN_POINT('',(-0.0367057930793816,-0.0152408985214206,0.103741666666667));
#2752=CARTESIAN_POINT('',(-0.0359254459514737,-0.015787303462802,0.103683333333333));
#2753=CARTESIAN_POINT('',(-0.0351450988235659,-0.0163337084041833,0.103625));
#2754=CARTESIAN_POINT('',(-0.0352281258196016,-0.0172827113114125,0.103566666666667));
#2755=CARTESIAN_POINT('',(-0.0353111528156373,-0.0182317142186416,0.103508333333333));
#2756=CARTESIAN_POINT('',(-0.0361745269395808,-0.0186343121844893,0.10345));
#2757=CARTESIAN_POINT('',(-0.0370379010635244,-0.019036910150337,0.103391666666667));
#2758=CARTESIAN_POINT('',(-0.0378182481914322,-0.0184905052089556,0.103333333333333));
#2759=CARTESIAN_POINT('',(-0.03859859531934,-0.0179441002675743,0.103275));
#2760=CARTESIAN_POINT('',(-0.0385155683233043,-0.0169950973603452,0.103216666666667));
#2761=CARTESIAN_POINT('',(-0.0384325413272687,-0.0160460944531161,0.103158333333333));
#2762=CARTESIAN_POINT('',(-0.0375691672033252,-0.0156434964872684,0.1031));
#2763=CARTESIAN_POINT('',(-0.0367057930793816,-0.0152408985214206,0.103041666666667));
#2764=CARTESIAN_POINT('',(-0.0359254459514737,-0.015787303462802,0.102983333333333));
#2765=CARTESIAN_POINT('',(-0.0351450988235659,-0.0163337084041833,0.102925));
#2766=CARTESIAN_POINT('',(-0.0352281258196016,-0.0172827113114125,0.102866666666667));
#2767=CARTESIAN_POINT('',(-0.0353111528156373,-0.0182317142186416,0.102808333333333));
#2768=CARTESIAN_POINT('',(-0.0361745269395808,-0.0186343121844893,0.10275));
#2769=CARTESIAN_POINT('',(-0.0370379010635243,-0.019036910150337,0.102691666666667));
#2770=CARTESIAN_POINT('',(-0.0378182481914322,-0.0184905052089556,0.102633333333333));
#2771=CARTESIAN_POINT('',(-0.03859859531934,-0.0179441002675743,0.102575));
#2772=CARTESIAN_POINT('',(-0.0385155683233043,-0.0169950973603452,0.102516666666667));
#2773=CARTESIAN_POINT('',(-0.0384325413272687,-0.0160460944531161,0.102458333333333));
#2774=CARTESIAN_POINT('',(-0.0375691672033252,-0.0156434964872684,0.1024));
#2775=CARTESIAN_POINT('',(-0.0367057930793816,-0.0152408985214206,0.102341666666667));
#2776=CARTESIAN_POINT('',(-0.0359254459514737,-0.015787303462802,0.102283333333333));
#2777=CARTESIAN_POINT('',(-0.0351450988235659,-0.0163337084041833,0.102225));
#2778=CARTESIAN_POINT('',(-0.0352281258196016,-0.0172827113114125,0.102166666666667));
#2779=CARTESIAN_POINT('',(-0.0353111528156373,-0.0182317142186416,0.102108333333333));
#2780=CARTESIAN_POINT('',(-0.0361745269395808,-0.0186343121844893,0.10205));
#2781=CARTESIAN_POINT('',(-0.0370379010635243,-0.019036910150337,0.101991666666667));
#2782=CARTESIAN_POINT('',(-0.0378182481914322,-0.0184905052089556,0.101933333333333));
#2783=CARTESIAN_POINT('',(-0.03859859531934,-0.0179441002675743,0.101875));
#2784=CARTESIAN_POINT('',(-0.0385155683233043,-0.0169950973603452,0.101816666666667));
#2785=CARTESIAN_POINT('',(-0.0384325413272687,-0.0160460944531161,0.101758333333333));
#2786=CARTESIAN_POINT('',(-0.0375691672033252,-0.0156434964872684,0.1017));
#2787=CARTESIAN_POINT('',(-0.0367057930793816,-0.0152408985214206,0.101641666666667));
#2788=CARTESIAN_POINT('',(-0.0359254459514737,-0.015787303462802,0.101583333333333));
#2789=CARTESIAN_POINT('',(-0.0351450988235659,-0.0163337084041834,0.101525));
#2790=CARTESIAN_POINT('',(-0.0352281258196016,-0.0172827113114125,0.101466666666667));
#2791=CARTESIAN_POINT('',(-0.0353111528156373,-0.0182317142186416,0.101408333333333));
#2792=CARTESIAN_POINT('',(-0.0361745269395808,-0.0186343121844893,0.10135));
#2793=CARTESIAN_POINT('',(-0.0370379010635244,-0.019036910150337,0.101291666666667));
#2794=CARTESIAN_POINT('',(-0.0378182481914322,-0.0184905052089557,0.101233333333333));
#2795=CARTESIAN_POINT('',(-0.03859859531934,-0.0179441002675743,0.101175));
#2796=CARTESIAN_POINT('',(-0.0385155683233043,-0.0169950973603452,0.101116666666667));
#2797=CARTESIAN_POINT('',(-0.0384325413272687,-0.0160460944531161,0.101058333333333));
#2798=CARTESIAN_POINT('',(-0.0375691672033252,-0.0156434964872684,0.101));
#2799=CARTESIAN_POINT('',(-0.0367057930793816,-0.0152408985214206,0.100941666666667));
#2800=CARTESIAN_POINT('',(-0.0359254459514738,-0.015787303462802,0.100883333333333));
#2801=CARTESIAN_POINT('',(-0.0351450988235659,-0.0163337084041833,0.100825));
#2802=CARTESIAN_POINT('',(-0.0352281258196016,-0.0172827113114125,0.100766666666667));
#2803=CARTESIAN_POINT('',(-0.0353111528156373,-0.0182317142186416,0.100708333333333));
#2804=CARTESIAN_POINT('',(-0.0361745269395808,-0.0186343121844893,0.10065));
#2805=CARTESIAN_POINT('',(-0.0370379010635243,-0.019036910150337,0.100591666666667));
#2806=CARTESIAN_POINT('',(-0.0378182481914322,-0.0184905052089556,0.100533333333333));
#2807=CARTESIAN_POINT('',(-0.03859859531934,-0.0179441002675743,0.100475));
#2808=CARTESIAN_POINT('',(-0.0385155683233043,-0.0169950973603452,0.100416666666667));
#2809=CARTESIAN_POINT('',(-0.0384325413272687,-0.0160460944531161,0.100358333333333));
#2810=CARTESIAN_POINT('',(-0.0375691672033252,-0.0156434964872684,0.1003));
#2811=CARTESIAN_POINT('',(-0.0367057930793816,-0.0152408985214206,0.100241666666667));
#2812=CARTESIAN_POINT('',(-0.0359254459514737,-0.015787303462802,0.100183333333333));
#2813=CARTESIAN_POINT('',(-0.0351450988235659,-0.0163337084041833,0.100125));
#2814=CARTESIAN_POINT('',(-0.0352281258196016,-0.0172827113114125,0.100066666666667));
#2815=CARTESIAN_POINT('',(-0.0353111528156373,-0.0182317142186416,0.100008333333333));
#2816=CARTESIAN_POINT('',(-0.0361745269395808,-0.0186343121844893,0.09995));
#2817=CARTESIAN_POINT('',(-0.0370379010635244,-0.019036910150337,0.0998916666666667));
#2818=CARTESIAN_POINT('',(-0.0378182481914322,-0.0184905052089557,0.0998333333333333));
#2819=CARTESIAN_POINT('',(-0.03859859531934,-0.0179441002675743,0.099775));
#2820=CARTESIAN_POINT('',(-0.0385155683233043,-0.0169950973603452,0.0997166666666667));
#2821=CARTESIAN_POINT('',(-0.0384325413272687,-0.0160460944531161,0.0996583333333333));
#2822=CARTESIAN_POINT('',(-0.0375691672033252,-0.0156434964872684,0.0996));
#2823=CARTESIAN_POINT('',(-0.0367057930793816,-0.0152408985214206,0.0995416666666666));
#2824=CARTESIAN_POINT('',(-0.0359254459514738,-0.015787303462802,0.0994833333333333));
#2825=CARTESIAN_POINT('',(-0.0351450988235659,-0.0163337084041833,0.099425));
#2826=CARTESIAN_POINT('',(-0.0352281258196016,-0.0172827113114125,0.0993666666666667));
#2827=CARTESIAN_POINT('',(-0.0353111528156373,-0.0182317142186416,0.0993083333333334));
#2828=CARTESIAN_POINT('',(-0.0361745269395808,-0.0186343121844893,0.09925));
#2829=CARTESIAN_POINT('',(-0.0370379010635243,-0.019036910150337,0.0991916666666667));
#2830=CARTESIAN_POINT('',(-0.0378182481914322,-0.0184905052089557,0.0991333333333334));
#2831=CARTESIAN_POINT('',(-0.03859859531934,-0.0179441002675743,0.099075));
#2832=CARTESIAN_POINT('',(-0.0385155683233044,-0.0169950973603452,0.0990166666666667));
#2833=CARTESIAN_POINT('',(-0.0384325413272687,-0.0160460944531161,0.0989583333333333));
#2834=CARTESIAN_POINT('',(-0.0375691672033252,-0.0156434964872684,0.0989));
#2835=CARTESIAN_POINT('',(-0.0367057930793816,-0.0152408985214206,0.0988416666666666));
#2836=CARTESIAN_POINT('',(-0.0359254459514737,-0.015787303462802,0.0987833333333333));
#2837=CARTESIAN_POINT('',(-0.0351450988235659,-0.0163337084041833,0.098725));
#2838=CARTESIAN_POINT('',(-0.0352281258196016,-0.0172827113114125,0.0986666666666667));
#2839=CARTESIAN_POINT('',(-0.0353111528156373,-0.0182317142186416,0.0986083333333333));
#2840=CARTESIAN_POINT('',(-0.0361745269395808,-0.0186343121844893,0.09855));
#2841=CARTESIAN_POINT('',(-0.0370379010635244,-0.019036910150337,0.0984916666666666));
#2842=CARTESIAN_POINT('',(-0.0378182481914322,-0.0184905052089557,0.0984333333333333));
#2843=CARTESIAN_POINT('',(-0.03859859531934,-0.0179441002675743,0.098375));
#2844=CARTESIAN_POINT('',(-0.0385155683233043,-0.0169950973603452,0.0983166666666667));
#2845=CARTESIAN_POINT('',(-0.0384325413272687,-0.0160460944531161,0.0982583333333333));
#2846=CARTESIAN_POINT('',(-0.0375691672033252,-0.0156434964872684,0.0982));
#2847=CARTESIAN_POINT('',(-0.0367057930793816,-0.0152408985214206,0.0981416666666667));
#2848=CARTESIAN_POINT('',(-0.0359254459514738,-0.015787303462802,0.0980833333333333));
#2849=CARTESIAN_POINT('',(-0.0351450988235659,-0.0163337084041833,0.098025));
#2850=CARTESIAN_POINT('',(-0.0352281258196016,-0.0172827113114125,0.0979666666666667));
#2851=CARTESIAN_POINT('',(-0.0353111528156373,-0.0182317142186416,0.0979083333333333));
#2852=CARTESIAN_POINT('',(-0.0361745269395808,-0.0186343121844893,0.09785));
#2853=CARTESIAN_POINT('',(-0.0370379010635243,-0.019036910150337,0.0977916666666667));
#2854=CARTESIAN_POINT('',(-0.0378182481914322,-0.0184905052089557,0.0977333333333333));
#2855=CARTESIAN_POINT('',(-0.03859859531934,-0.0179441002675743,0.097675));
#2856=CARTESIAN_POINT('',(-0.0385155683233044,-0.0169950973603452,0.0976166666666667));
#2857=CARTESIAN_POINT('',(-0.0384325413272687,-0.0160460944531161,0.0975583333333333));
#2858=CARTESIAN_POINT('',(-0.0375691672033252,-0.0156434964872684,0.0975));
#2859=CARTESIAN_POINT('',(-0.0367057930793816,-0.0152408985214206,0.0974416666666667));
#2860=CARTESIAN_POINT('',(-0.0359254459514737,-0.015787303462802,0.0973833333333333));
#2861=CARTESIAN_POINT('',(-0.0351450988235659,-0.0163337084041833,0.097325));
#2862=CARTESIAN_POINT('',(-0.0352281258196016,-0.0172827113114125,0.0972666666666667));
#2863=CARTESIAN_POINT('',(-0.0353111528156373,-0.0182317142186416,0.0972083333333333));
#2864=CARTESIAN_POINT('',(-0.0361745269395808,-0.0186343121844893,0.09715));
#2865=CARTESIAN_POINT('',(-0.0370379010635243,-0.019036910150337,0.0970916666666666));
#2866=CARTESIAN_POINT('',(-0.0378182481914322,-0.0184905052089557,0.0970333333333333));
#2867=CARTESIAN_POINT('',(-0.03859859531934,-0.0179441002675743,0.096975));
#2868=CARTESIAN_POINT('',(-0.0385155683233043,-0.0169950973603452,0.0969166666666667));
#2869=CARTESIAN_POINT('',(-0.0384325413272687,-0.0160460944531161,0.0968583333333334));
#2870=CARTESIAN_POINT('',(-0.0375691672033252,-0.0156434964872684,0.0968));
#2871=CARTESIAN_POINT('',(-0.0377292913935876,-0.0153001090531096,0.10918125));
#2872=CARTESIAN_POINT('',(-0.0366676624420961,-0.01480506334291,0.109122916666667));
#2873=CARTESIAN_POINT('',(-0.0357081258052831,-0.0154769381291949,0.109064583333333));
#2874=CARTESIAN_POINT('',(-0.0347485891684701,-0.0161488129154798,0.10900625));
#2875=CARTESIAN_POINT('',(-0.0348506814831485,-0.0173157334119642,0.108947916666667));
#2876=CARTESIAN_POINT('',(-0.0349527737978269,-0.0184826539084486,0.108889583333333));
#2877=CARTESIAN_POINT('',(-0.0360144027493184,-0.0189776996186481,0.10883125));
#2878=CARTESIAN_POINT('',(-0.0370760317008098,-0.0194727453288476,0.108772916666667));
#2879=CARTESIAN_POINT('',(-0.0380355683376229,-0.0188008705425627,0.108714583333333));
#2880=CARTESIAN_POINT('',(-0.0389951049744359,-0.0181289957562779,0.10865625));
#2881=CARTESIAN_POINT('',(-0.0388930126597574,-0.0169620752597935,0.108597916666667));
#2882=CARTESIAN_POINT('',(-0.0387909203450791,-0.0157951547633091,0.108539583333333));
#2883=CARTESIAN_POINT('',(-0.0377292913935876,-0.0153001090531096,0.10848125));
#2884=CARTESIAN_POINT('',(-0.0366676624420961,-0.01480506334291,0.108422916666667));
#2885=CARTESIAN_POINT('',(-0.0357081258052831,-0.0154769381291949,0.108364583333333));
#2886=CARTESIAN_POINT('',(-0.0347485891684701,-0.0161488129154798,0.10830625));
#2887=CARTESIAN_POINT('',(-0.0348506814831485,-0.0173157334119642,0.108247916666667));
#2888=CARTESIAN_POINT('',(-0.0349527737978269,-0.0184826539084486,0.108189583333333));
#2889=CARTESIAN_POINT('',(-0.0360144027493184,-0.0189776996186481,0.10813125));
#2890=CARTESIAN_POINT('',(-0.0370760317008098,-0.0194727453288476,0.108072916666667));
#2891=CARTESIAN_POINT('',(-0.0380355683376229,-0.0188008705425627,0.108014583333333));
#2892=CARTESIAN_POINT('',(-0.0389951049744359,-0.0181289957562779,0.10795625));
#2893=CARTESIAN_POINT('',(-0.0388930126597574,-0.0169620752597935,0.107897916666667));
#2894=CARTESIAN_POINT('',(-0.0387909203450791,-0.0157951547633091,0.107839583333333));
#2895=CARTESIAN_POINT('',(-0.0377292913935876,-0.0153001090531096,0.10778125));
#2896=CARTESIAN_POINT('',(-0.0366676624420961,-0.01480506334291,0.107722916666667));
#2897=CARTESIAN_POINT('',(-0.0357081258052831,-0.0154769381291949,0.107664583333333));
#2898=CARTESIAN_POINT('',(-0.0347485891684701,-0.0161488129154798,0.10760625));
#2899=CARTESIAN_POINT('',(-0.0348506814831485,-0.0173157334119642,0.107547916666667));
#2900=CARTESIAN_POINT('',(-0.0349527737978269,-0.0184826539084486,0.107489583333333));
#2901=CARTESIAN_POINT('',(-0.0360144027493184,-0.0189776996186481,0.10743125));
#2902=CARTESIAN_POINT('',(-0.0370760317008098,-0.0194727453288476,0.107372916666667));
#2903=CARTESIAN_POINT('',(-0.0380355683376229,-0.0188008705425627,0.107314583333333));
#2904=CARTESIAN_POINT('',(-0.0389951049744359,-0.0181289957562779,0.10725625));
#2905=CARTESIAN_POINT('',(-0.0388930126597574,-0.0169620752597935,0.107197916666667));
#2906=CARTESIAN_POINT('',(-0.0387909203450791,-0.0157951547633091,0.107139583333333));
#2907=CARTESIAN_POINT('',(-0.0377292913935876,-0.0153001090531096,0.10708125));
#2908=CARTESIAN_POINT('',(-0.0366676624420961,-0.01480506334291,0.107022916666667));
#2909=CARTESIAN_POINT('',(-0.0357081258052831,-0.0154769381291949,0.106964583333333));
#2910=CARTESIAN_POINT('',(-0.0347485891684701,-0.0161488129154798,0.10690625));
#2911=CARTESIAN_POINT('',(-0.0348506814831485,-0.0173157334119642,0.106847916666667));
#2912=CARTESIAN_POINT('',(-0.0349527737978269,-0.0184826539084486,0.106789583333333));
#2913=CARTESIAN_POINT('',(-0.0360144027493184,-0.0189776996186481,0.10673125));
#2914=CARTESIAN_POINT('',(-0.0370760317008098,-0.0194727453288476,0.106672916666667));
#2915=CARTESIAN_POINT('',(-0.0380355683376229,-0.0188008705425627,0.106614583333333));
#2916=CARTESIAN_POINT('',(-0.0389951049744359,-0.0181289957562779,0.10655625));
#2917=CARTESIAN_POINT('',(-0.0388930126597574,-0.0169620752597935,0.106497916666667));
#2918=CARTESIAN_POINT('',(-0.0387909203450791,-0.0157951547633091,0.106439583333333));
#2919=CARTESIAN_POINT('',(-0.0377292913935876,-0.0153001090531096,0.10638125));
#2920=CARTESIAN_POINT('',(-0.0366676624420961,-0.01480506334291,0.106322916666667));
#2921=CARTESIAN_POINT('',(-0.0357081258052831,-0.0154769381291949,0.106264583333333));
#2922=CARTESIAN_POINT('',(-0.0347485891684701,-0.0161488129154798,0.10620625));
#2923=CARTESIAN_POINT('',(-0.0348506814831485,-0.0173157334119642,0.106147916666667));
#2924=CARTESIAN_POINT('',(-0.0349527737978269,-0.0184826539084486,0.106089583333333));
#2925=CARTESIAN_POINT('',(-0.0360144027493184,-0.0189776996186481,0.10603125));
#2926=CARTESIAN_POINT('',(-0.0370760317008098,-0.0194727453288476,0.105972916666667));
#2927=CARTESIAN_POINT('',(-0.0380355683376229,-0.0188008705425627,0.105914583333333));
#2928=CARTESIAN_POINT('',(-0.0389951049744359,-0.0181289957562779,0.10585625));
#2929=CARTESIAN_POINT('',(-0.0388930126597574,-0.0169620752597935,0.105797916666667));
#2930=CARTESIAN_POINT('',(-0.0387909203450791,-0.0157951547633091,0.105739583333333));
#2931=CARTESIAN_POINT('',(-0.0377292913935876,-0.0153001090531096,0.10568125));
#2932=CARTESIAN_POINT('',(-0.0366676624420961,-0.01480506334291,0.105622916666667));
#2933=CARTESIAN_POINT('',(-0.0357081258052831,-0.0154769381291949,0.105564583333333));
#2934=CARTESIAN_POINT('',(-0.0347485891684701,-0.0161488129154798,0.10550625));
#2935=CARTESIAN_POINT('',(-0.0348506814831485,-0.0173157334119642,0.105447916666667));
#2936=CARTESIAN_POINT('',(-0.0349527737978269,-0.0184826539084486,0.105389583333333));
#2937=CARTESIAN_POINT('',(-0.0360144027493184,-0.0189776996186481,0.10533125));
#2938=CARTESIAN_POINT('',(-0.0370760317008098,-0.0194727453288476,0.105272916666667));
#2939=CARTESIAN_POINT('',(-0.0380355683376229,-0.0188008705425627,0.105214583333333));
#2940=CARTESIAN_POINT('',(-0.0389951049744359,-0.0181289957562779,0.10515625));
#2941=CARTESIAN_POINT('',(-0.0388930126597574,-0.0169620752597935,0.105097916666667));
#2942=CARTESIAN_POINT('',(-0.0387909203450791,-0.0157951547633091,0.105039583333333));
#2943=CARTESIAN_POINT('',(-0.0377292913935876,-0.0153001090531096,0.10498125));
#2944=CARTESIAN_POINT('',(-0.0366676624420961,-0.01480506334291,0.104922916666667));
#2945=CARTESIAN_POINT('',(-0.0357081258052831,-0.0154769381291949,0.104864583333333));
#2946=CARTESIAN_POINT('',(-0.0347485891684701,-0.0161488129154798,0.10480625));
#2947=CARTESIAN_POINT('',(-0.0348506814831485,-0.0173157334119642,0.104747916666667));
#2948=CARTESIAN_POINT('',(-0.0349527737978269,-0.0184826539084486,0.104689583333333));
#2949=CARTESIAN_POINT('',(-0.0360144027493184,-0.0189776996186481,0.10463125));
#2950=CARTESIAN_POINT('',(-0.0370760317008098,-0.0194727453288476,0.104572916666667));
#2951=CARTESIAN_POINT('',(-0.0380355683376229,-0.0188008705425627,0.104514583333333));
#2952=CARTESIAN_POINT('',(-0.0389951049744359,-0.0181289957562779,0.10445625));
#2953=CARTESIAN_POINT('',(-0.0388930126597574,-0.0169620752597935,0.104397916666667));
#2954=CARTESIAN_POINT('',(-0.0387909203450791,-0.0157951547633091,0.104339583333333));
#2955=CARTESIAN_POINT('',(-0.0377292913935876,-0.0153001090531096,0.10428125));
#2956=CARTESIAN_POINT('',(-0.0366676624420961,-0.01480506334291,0.104222916666667));
#2957=CARTESIAN_POINT('',(-0.0357081258052831,-0.0154769381291949,0.104164583333333));
#2958=CARTESIAN_POINT('',(-0.0347485891684701,-0.0161488129154798,0.10410625));
#2959=CARTESIAN_POINT('',(-0.0348506814831485,-0.0173157334119642,0.104047916666667));
#2960=CARTESIAN_POINT('',(-0.0349527737978269,-0.0184826539084486,0.103989583333333));
#2961=CARTESIAN_POINT('',(-0.0360144027493184,-0.0189776996186481,0.10393125));
#2962=CARTESIAN_POINT('',(-0.0370760317008098,-0.0194727453288476,0.103872916666667));
#2963=CARTESIAN_POINT('',(-0.0380355683376229,-0.0188008705425627,0.103814583333333));
#2964=CARTESIAN_POINT('',(-0.0389951049744359,-0.0181289957562779,0.10375625));
#2965=CARTESIAN_POINT('',(-0.0388930126597574,-0.0169620752597935,0.103697916666667));
#2966=CARTESIAN_POINT('',(-0.0387909203450791,-0.0157951547633091,0.103639583333333));
#2967=CARTESIAN_POINT('',(-0.0377292913935876,-0.0153001090531096,0.10358125));
#2968=CARTESIAN_POINT('',(-0.0366676624420961,-0.01480506334291,0.103522916666667));
#2969=CARTESIAN_POINT('',(-0.0357081258052831,-0.0154769381291949,0.103464583333333));
#2970=CARTESIAN_POINT('',(-0.0347485891684701,-0.0161488129154798,0.10340625));
#2971=CARTESIAN_POINT('',(-0.0348506814831485,-0.0173157334119642,0.103347916666667));
#2972=CARTESIAN_POINT('',(-0.0349527737978269,-0.0184826539084486,0.103289583333333));
#2973=CARTESIAN_POINT('',(-0.0360144027493184,-0.0189776996186481,0.10323125));
#2974=CARTESIAN_POINT('',(-0.0370760317008098,-0.0194727453288476,0.103172916666667));
#2975=CARTESIAN_POINT('',(-0.0380355683376229,-0.0188008705425627,0.103114583333333));
#2976=CARTESIAN_POINT('',(-0.0389951049744359,-0.0181289957562779,0.10305625));
#2977=CARTESIAN_POINT('',(-0.0388930126597574,-0.0169620752597935,0.102997916666667));
#2978=CARTESIAN_POINT('',(-0.0387909203450791,-0.0157951547633091,0.102939583333333));
#2979=CARTESIAN_POINT('',(-0.0377292913935876,-0.0153001090531096,0.10288125));
#2980=CARTESIAN_POINT('',(-0.0366676624420961,-0.01480506334291,0.102822916666667));
#2981=CARTESIAN_POINT('',(-0.0357081258052831,-0.0154769381291949,0.102764583333333));
#2982=CARTESIAN_POINT('',(-0.0347485891684701,-0.0161488129154798,0.10270625));
#2983=CARTESIAN_POINT('',(-0.0348506814831485,-0.0173157334119642,0.102647916666667));
#2984=CARTESIAN_POINT('',(-0.0349527737978269,-0.0184826539084486,0.102589583333333));
#2985=CARTESIAN_POINT('',(-0.0360144027493184,-0.0189776996186481,0.10253125));
#2986=CARTESIAN_POINT('',(-0.0370760317008098,-0.0194727453288476,0.102472916666667));
#2987=CARTESIAN_POINT('',(-0.0380355683376229,-0.0188008705425627,0.102414583333333));
#2988=CARTESIAN_POINT('',(-0.0389951049744359,-0.0181289957562779,0.10235625));
#2989=CARTESIAN_POINT('',(-0.0388930126597574,-0.0169620752597935,0.102297916666667));
#2990=CARTESIAN_POINT('',(-0.0387909203450791,-0.0157951547633091,0.102239583333333));
#2991=CARTESIAN_POINT('',(-0.0377292913935876,-0.0153001090531096,0.10218125));
#2992=CARTESIAN_POINT('',(-0.0366676624420961,-0.01480506334291,0.102122916666667));
#2993=CARTESIAN_POINT('',(-0.0357081258052831,-0.0154769381291949,0.102064583333333));
#2994=CARTESIAN_POINT('',(-0.0347485891684701,-0.0161488129154798,0.10200625));
#2995=CARTESIAN_POINT('',(-0.0348506814831485,-0.0173157334119642,0.101947916666667));
#2996=CARTESIAN_POINT('',(-0.0349527737978269,-0.0184826539084486,0.101889583333333));
#2997=CARTESIAN_POINT('',(-0.0360144027493184,-0.0189776996186481,0.10183125));
#2998=CARTESIAN_POINT('',(-0.0370760317008098,-0.0194727453288476,0.101772916666667));
#2999=CARTESIAN_POINT('',(-0.0380355683376229,-0.0188008705425627,0.101714583333333));
#3000=CARTESIAN_POINT('',(-0.0389951049744359,-0.0181289957562779,0.10165625));
#3001=CARTESIAN_POINT('',(-0.0388930126597574,-0.0169620752597935,0.101597916666667));
#3002=CARTESIAN_POINT('',(-0.0387909203450791,-0.0157951547633091,0.101539583333333));
#3003=CARTESIAN_POINT('',(-0.0377292913935876,-0.0153001090531096,0.10148125));
#3004=CARTESIAN_POINT('',(-0.0366676624420961,-0.01480506334291,0.101422916666667));
#3005=CARTESIAN_POINT('',(-0.0357081258052831,-0.0154769381291949,0.101364583333333));
#3006=CARTESIAN_POINT('',(-0.0347485891684701,-0.0161488129154798,0.10130625));
#3007=CARTESIAN_POINT('',(-0.0348506814831485,-0.0173157334119642,0.101247916666667));
#3008=CARTESIAN_POINT('',(-0.0349527737978269,-0.0184826539084486,0.101189583333333));
#3009=CARTESIAN_POINT('',(-0.0360144027493184,-0.0189776996186481,0.10113125));
#3010=CARTESIAN_POINT('',(-0.0370760317008098,-0.0194727453288476,0.101072916666667));
#3011=CARTESIAN_POINT('',(-0.0380355683376229,-0.0188008705425627,0.101014583333333));
#3012=CARTESIAN_POINT('',(-0.0389951049744359,-0.0181289957562779,0.10095625));
#3013=CARTESIAN_POINT('',(-0.0388930126597574,-0.0169620752597935,0.100897916666667));
#3014=CARTESIAN_POINT('',(-0.0387909203450791,-0.0157951547633091,0.100839583333333));
#3015=CARTESIAN_POINT('',(-0.0377292913935876,-0.0153001090531096,0.10078125));
#3016=CARTESIAN_POINT('',(-0.0366676624420962,-0.01480506334291,0.100722916666667));
#3017=CARTESIAN_POINT('',(-0.0357081258052831,-0.0154769381291949,0.100664583333333));
#3018=CARTESIAN_POINT('',(-0.0347485891684701,-0.0161488129154798,0.10060625));
#3019=CARTESIAN_POINT('',(-0.0348506814831485,-0.0173157334119642,0.100547916666667));
#3020=CARTESIAN_POINT('',(-0.0349527737978269,-0.0184826539084486,0.100489583333333));
#3021=CARTESIAN_POINT('',(-0.0360144027493184,-0.0189776996186481,0.10043125));
#3022=CARTESIAN_POINT('',(-0.0370760317008098,-0.0194727453288476,0.100372916666667));
#3023=CARTESIAN_POINT('',(-0.0380355683376229,-0.0188008705425627,0.100314583333333));
#3024=CARTESIAN_POINT('',(-0.0389951049744359,-0.0181289957562779,0.10025625));
#3025=CARTESIAN_POINT('',(-0.0388930126597574,-0.0169620752597935,0.100197916666667));
#3026=CARTESIAN_POINT('',(-0.0387909203450791,-0.0157951547633091,0.100139583333333));
#3027=CARTESIAN_POINT('',(-0.0377292913935876,-0.0153001090531096,0.10008125));
#3028=CARTESIAN_POINT('',(-0.0366676624420961,-0.01480506334291,0.100022916666667));
#3029=CARTESIAN_POINT('',(-0.0357081258052831,-0.0154769381291949,0.0999645833333333));
#3030=CARTESIAN_POINT('',(-0.0347485891684701,-0.0161488129154797,0.09990625));
#3031=CARTESIAN_POINT('',(-0.0348506814831485,-0.0173157334119642,0.0998479166666667));
#3032=CARTESIAN_POINT('',(-0.0349527737978269,-0.0184826539084486,0.0997895833333333));
#3033=CARTESIAN_POINT('',(-0.0360144027493184,-0.0189776996186481,0.09973125));
#3034=CARTESIAN_POINT('',(-0.0370760317008098,-0.0194727453288476,0.0996729166666666));
#3035=CARTESIAN_POINT('',(-0.0380355683376229,-0.0188008705425627,0.0996145833333333));
#3036=CARTESIAN_POINT('',(-0.0389951049744359,-0.0181289957562779,0.0995562499999999));
#3037=CARTESIAN_POINT('',(-0.0388930126597574,-0.0169620752597935,0.0994979166666667));
#3038=CARTESIAN_POINT('',(-0.0387909203450791,-0.0157951547633091,0.0994395833333334));
#3039=CARTESIAN_POINT('',(-0.0377292913935876,-0.0153001090531096,0.09938125));
#3040=CARTESIAN_POINT('',(-0.0366676624420962,-0.01480506334291,0.0993229166666667));
#3041=CARTESIAN_POINT('',(-0.0357081258052831,-0.0154769381291949,0.0992645833333333));
#3042=CARTESIAN_POINT('',(-0.0347485891684701,-0.0161488129154798,0.09920625));
#3043=CARTESIAN_POINT('',(-0.0348506814831485,-0.0173157334119642,0.0991479166666667));
#3044=CARTESIAN_POINT('',(-0.0349527737978269,-0.0184826539084486,0.0990895833333333));
#3045=CARTESIAN_POINT('',(-0.0360144027493184,-0.0189776996186481,0.09903125));
#3046=CARTESIAN_POINT('',(-0.0370760317008098,-0.0194727453288476,0.0989729166666666));
#3047=CARTESIAN_POINT('',(-0.0380355683376229,-0.0188008705425627,0.0989145833333333));
#3048=CARTESIAN_POINT('',(-0.0389951049744359,-0.0181289957562779,0.09885625));
#3049=CARTESIAN_POINT('',(-0.0388930126597574,-0.0169620752597935,0.0987979166666667));
#3050=CARTESIAN_POINT('',(-0.0387909203450791,-0.0157951547633091,0.0987395833333333));
#3051=CARTESIAN_POINT('',(-0.0377292913935876,-0.0153001090531096,0.09868125));
#3052=CARTESIAN_POINT('',(-0.0366676624420961,-0.01480506334291,0.0986229166666667));
#3053=CARTESIAN_POINT('',(-0.0357081258052831,-0.0154769381291949,0.0985645833333333));
#3054=CARTESIAN_POINT('',(-0.0347485891684701,-0.0161488129154797,0.09850625));
#3055=CARTESIAN_POINT('',(-0.0348506814831485,-0.0173157334119642,0.0984479166666667));
#3056=CARTESIAN_POINT('',(-0.0349527737978269,-0.0184826539084486,0.0983895833333333));
#3057=CARTESIAN_POINT('',(-0.0360144027493184,-0.0189776996186481,0.09833125));
#3058=CARTESIAN_POINT('',(-0.0370760317008098,-0.0194727453288476,0.0982729166666667));
#3059=CARTESIAN_POINT('',(-0.0380355683376229,-0.0188008705425628,0.0982145833333333));
#3060=CARTESIAN_POINT('',(-0.0389951049744359,-0.0181289957562779,0.09815625));
#3061=CARTESIAN_POINT('',(-0.0388930126597574,-0.0169620752597935,0.0980979166666667));
#3062=CARTESIAN_POINT('',(-0.0387909203450791,-0.0157951547633091,0.0980395833333333));
#3063=CARTESIAN_POINT('',(-0.0377292913935876,-0.0153001090531096,0.09798125));
#3064=CARTESIAN_POINT('',(-0.0366676624420962,-0.01480506334291,0.0979229166666667));
#3065=CARTESIAN_POINT('',(-0.0357081258052831,-0.0154769381291949,0.0978645833333333));
#3066=CARTESIAN_POINT('',(-0.0347485891684701,-0.0161488129154798,0.09780625));
#3067=CARTESIAN_POINT('',(-0.0348506814831485,-0.0173157334119642,0.0977479166666667));
#3068=CARTESIAN_POINT('',(-0.0349527737978269,-0.0184826539084486,0.0976895833333334));
#3069=CARTESIAN_POINT('',(-0.0360144027493184,-0.0189776996186481,0.09763125));
#3070=CARTESIAN_POINT('',(-0.0370760317008098,-0.0194727453288476,0.0975729166666666));
#3071=CARTESIAN_POINT('',(-0.0380355683376229,-0.0188008705425627,0.0975145833333333));
#3072=CARTESIAN_POINT('',(-0.0389951049744359,-0.0181289957562779,0.09745625));
#3073=CARTESIAN_POINT('',(-0.0388930126597574,-0.0169620752597935,0.0973979166666667));
#3074=CARTESIAN_POINT('',(-0.0387909203450791,-0.0157951547633091,0.0973395833333333));
#3075=CARTESIAN_POINT('',(-0.0377292913935876,-0.0153001090531096,0.09728125));
#3076=CARTESIAN_POINT('',(-0.0366676624420961,-0.01480506334291,0.0972229166666667));
#3077=CARTESIAN_POINT('',(-0.0357081258052831,-0.0154769381291949,0.0971645833333333));
#3078=CARTESIAN_POINT('',(-0.0347485891684701,-0.0161488129154797,0.09710625));
#3079=CARTESIAN_POINT('',(-0.0348506814831485,-0.0173157334119642,0.0970479166666667));
#3080=CARTESIAN_POINT('',(-0.0349527737978269,-0.0184826539084486,0.0969895833333334));
#3081=CARTESIAN_POINT('',(-0.0360144027493184,-0.0189776996186481,0.09693125));
#3082=CARTESIAN_POINT('',(-0.0370760317008098,-0.0194727453288476,0.0968729166666667));
#3083=CARTESIAN_POINT('',(-0.0380355683376229,-0.0188008705425628,0.0968145833333333));
#3084=CARTESIAN_POINT('',(-0.0389951049744359,-0.0181289957562779,0.09675625));
#3085=CARTESIAN_POINT('',(-0.0388930126597574,-0.0169620752597935,0.0966979166666667));
#3086=CARTESIAN_POINT('',(-0.0387909203450791,-0.0157951547633091,0.0966395833333333));
#3087=CARTESIAN_POINT('',(-0.0377292913935876,-0.0153001090531096,0.09658125));
#3088=CARTESIAN_POINT('',(-0.035960465113818,-0.0157634469838328,0.108060947029606));
#3089=CARTESIAN_POINT('',(-0.035942802357715,-0.0157751503763156,0.108059630777759));
#3090=CARTESIAN_POINT('',(-0.0359254459514737,-0.015787303462802,0.108058333333333));
#3091=CARTESIAN_POINT('',(-0.0351450988235659,-0.0163337084041834,0.108));
#3092=CARTESIAN_POINT('',(-0.0352281258196016,-0.0172827113114125,0.107941666666667));
#3093=CARTESIAN_POINT('',(-0.0353111528156373,-0.0182317142186416,0.107883333333333));
#3094=CARTESIAN_POINT('',(-0.0361745269395808,-0.0186343121844893,0.107825));
#3095=CARTESIAN_POINT('',(-0.0370379010635244,-0.019036910150337,0.107766666666667));
#3096=CARTESIAN_POINT('',(-0.0378182481914322,-0.0184905052089556,0.107708333333333));
#3097=CARTESIAN_POINT('',(-0.03859859531934,-0.0179441002675743,0.10765));
#3098=CARTESIAN_POINT('',(-0.0385155683233043,-0.0169950973603452,0.107591666666667));
#3099=CARTESIAN_POINT('',(-0.0384325413272687,-0.0160460944531161,0.107533333333333));
#3100=CARTESIAN_POINT('',(-0.0375691672033252,-0.0156434964872684,0.107475));
#3101=CARTESIAN_POINT('',(-0.0367057930793816,-0.0152408985214206,0.107416666666667));
#3102=CARTESIAN_POINT('',(-0.0359254459514737,-0.015787303462802,0.107358333333333));
#3103=CARTESIAN_POINT('',(-0.0351450988235659,-0.0163337084041834,0.1073));
#3104=CARTESIAN_POINT('',(-0.0352281258196016,-0.0172827113114125,0.107241666666667));
#3105=CARTESIAN_POINT('',(-0.0353111528156373,-0.0182317142186416,0.107183333333333));
#3106=CARTESIAN_POINT('',(-0.0361745269395808,-0.0186343121844893,0.107125));
#3107=CARTESIAN_POINT('',(-0.0370379010635244,-0.019036910150337,0.107066666666667));
#3108=CARTESIAN_POINT('',(-0.0378182481914322,-0.0184905052089556,0.107008333333333));
#3109=CARTESIAN_POINT('',(-0.03859859531934,-0.0179441002675743,0.10695));
#3110=CARTESIAN_POINT('',(-0.0385155683233043,-0.0169950973603452,0.106891666666667));
#3111=CARTESIAN_POINT('',(-0.0384325413272687,-0.0160460944531161,0.106833333333333));
#3112=CARTESIAN_POINT('',(-0.0375691672033252,-0.0156434964872684,0.106775));
#3113=CARTESIAN_POINT('',(-0.0367057930793816,-0.0152408985214206,0.106716666666667));
#3114=CARTESIAN_POINT('',(-0.0359254459514737,-0.015787303462802,0.106658333333333));
#3115=CARTESIAN_POINT('',(-0.0351450988235659,-0.0163337084041834,0.1066));
#3116=CARTESIAN_POINT('',(-0.0352281258196016,-0.0172827113114125,0.106541666666667));
#3117=CARTESIAN_POINT('',(-0.0353111528156373,-0.0182317142186416,0.106483333333333));
#3118=CARTESIAN_POINT('',(-0.0361745269395808,-0.0186343121844893,0.106425));
#3119=CARTESIAN_POINT('',(-0.0370379010635244,-0.019036910150337,0.106366666666667));
#3120=CARTESIAN_POINT('',(-0.0378182481914322,-0.0184905052089556,0.106308333333333));
#3121=CARTESIAN_POINT('',(-0.03859859531934,-0.0179441002675743,0.10625));
#3122=CARTESIAN_POINT('',(-0.0385155683233043,-0.0169950973603452,0.106191666666667));
#3123=CARTESIAN_POINT('',(-0.0384325413272687,-0.0160460944531161,0.106133333333333));
#3124=CARTESIAN_POINT('',(-0.0375691672033252,-0.0156434964872684,0.106075));
#3125=CARTESIAN_POINT('',(-0.0367057930793816,-0.0152408985214206,0.106016666666667));
#3126=CARTESIAN_POINT('',(-0.0359254459514737,-0.015787303462802,0.105958333333333));
#3127=CARTESIAN_POINT('',(-0.0351450988235659,-0.0163337084041834,0.1059));
#3128=CARTESIAN_POINT('',(-0.0352281258196016,-0.0172827113114125,0.105841666666667));
#3129=CARTESIAN_POINT('',(-0.0353111528156373,-0.0182317142186416,0.105783333333333));
#3130=CARTESIAN_POINT('',(-0.0361745269395808,-0.0186343121844893,0.105725));
#3131=CARTESIAN_POINT('',(-0.0370379010635244,-0.019036910150337,0.105666666666667));
#3132=CARTESIAN_POINT('',(-0.0378182481914322,-0.0184905052089556,0.105608333333333));
#3133=CARTESIAN_POINT('',(-0.03859859531934,-0.0179441002675743,0.10555));
#3134=CARTESIAN_POINT('',(-0.0385155683233043,-0.0169950973603452,0.105491666666667));
#3135=CARTESIAN_POINT('',(-0.0384325413272687,-0.0160460944531161,0.105433333333333));
#3136=CARTESIAN_POINT('',(-0.0375691672033252,-0.0156434964872684,0.105375));
#3137=CARTESIAN_POINT('',(-0.0367057930793816,-0.0152408985214206,0.105316666666667));
#3138=CARTESIAN_POINT('',(-0.0359254459514737,-0.015787303462802,0.105258333333333));
#3139=CARTESIAN_POINT('',(-0.0351450988235659,-0.0163337084041834,0.1052));
#3140=CARTESIAN_POINT('',(-0.0352281258196016,-0.0172827113114125,0.105141666666667));
#3141=CARTESIAN_POINT('',(-0.0353111528156373,-0.0182317142186416,0.105083333333333));
#3142=CARTESIAN_POINT('',(-0.0361745269395808,-0.0186343121844893,0.105025));
#3143=CARTESIAN_POINT('',(-0.0370379010635244,-0.019036910150337,0.104966666666667));
#3144=CARTESIAN_POINT('',(-0.0378182481914322,-0.0184905052089556,0.104908333333333));
#3145=CARTESIAN_POINT('',(-0.03859859531934,-0.0179441002675743,0.10485));
#3146=CARTESIAN_POINT('',(-0.0385155683233043,-0.0169950973603452,0.104791666666667));
#3147=CARTESIAN_POINT('',(-0.0384325413272687,-0.0160460944531161,0.104733333333333));
#3148=CARTESIAN_POINT('',(-0.0375691672033252,-0.0156434964872684,0.104675));
#3149=CARTESIAN_POINT('',(-0.0367057930793816,-0.0152408985214206,0.104616666666667));
#3150=CARTESIAN_POINT('',(-0.0359254459514737,-0.015787303462802,0.104558333333333));
#3151=CARTESIAN_POINT('',(-0.0351450988235659,-0.0163337084041834,0.1045));
#3152=CARTESIAN_POINT('',(-0.0352281258196016,-0.0172827113114125,0.104441666666667));
#3153=CARTESIAN_POINT('',(-0.0353111528156373,-0.0182317142186416,0.104383333333333));
#3154=CARTESIAN_POINT('',(-0.0361745269395808,-0.0186343121844893,0.104325));
#3155=CARTESIAN_POINT('',(-0.0370379010635244,-0.019036910150337,0.104266666666667));
#3156=CARTESIAN_POINT('',(-0.0378182481914322,-0.0184905052089556,0.104208333333333));
#3157=CARTESIAN_POINT('',(-0.03859859531934,-0.0179441002675743,0.10415));
#3158=CARTESIAN_POINT('',(-0.0385155683233043,-0.0169950973603452,0.104091666666667));
#3159=CARTESIAN_POINT('',(-0.0384325413272687,-0.0160460944531161,0.104033333333333));
#3160=CARTESIAN_POINT('',(-0.0375691672033252,-0.0156434964872684,0.103975));
#3161=CARTESIAN_POINT('',(-0.0367057930793816,-0.0152408985214206,0.103916666666667));
#3162=CARTESIAN_POINT('',(-0.0359254459514737,-0.015787303462802,0.103858333333333));
#3163=CARTESIAN_POINT('',(-0.0351450988235659,-0.0163337084041834,0.1038));
#3164=CARTESIAN_POINT('',(-0.0352281258196016,-0.0172827113114125,0.103741666666667));
#3165=CARTESIAN_POINT('',(-0.0353111528156373,-0.0182317142186416,0.103683333333333));
#3166=CARTESIAN_POINT('',(-0.0361745269395808,-0.0186343121844893,0.103625));
#3167=CARTESIAN_POINT('',(-0.0370379010635244,-0.019036910150337,0.103566666666667));
#3168=CARTESIAN_POINT('',(-0.0378182481914322,-0.0184905052089556,0.103508333333333));
#3169=CARTESIAN_POINT('',(-0.03859859531934,-0.0179441002675743,0.10345));
#3170=CARTESIAN_POINT('',(-0.0385155683233043,-0.0169950973603452,0.103391666666667));
#3171=CARTESIAN_POINT('',(-0.0384325413272687,-0.0160460944531161,0.103333333333333));
#3172=CARTESIAN_POINT('',(-0.0375691672033252,-0.0156434964872684,0.103275));
#3173=CARTESIAN_POINT('',(-0.0367057930793816,-0.0152408985214206,0.103216666666667));
#3174=CARTESIAN_POINT('',(-0.0359254459514737,-0.015787303462802,0.103158333333333));
#3175=CARTESIAN_POINT('',(-0.0351450988235659,-0.0163337084041834,0.1031));
#3176=CARTESIAN_POINT('',(-0.0352281258196016,-0.0172827113114125,0.103041666666667));
#3177=CARTESIAN_POINT('',(-0.0353111528156373,-0.0182317142186416,0.102983333333333));
#3178=CARTESIAN_POINT('',(-0.0361745269395808,-0.0186343121844893,0.102925));
#3179=CARTESIAN_POINT('',(-0.0370379010635244,-0.019036910150337,0.102866666666667));
#3180=CARTESIAN_POINT('',(-0.0378182481914322,-0.0184905052089556,0.102808333333333));
#3181=CARTESIAN_POINT('',(-0.03859859531934,-0.0179441002675743,0.10275));
#3182=CARTESIAN_POINT('',(-0.0385155683233043,-0.0169950973603452,0.102691666666667));
#3183=CARTESIAN_POINT('',(-0.0384325413272687,-0.0160460944531161,0.102633333333333));
#3184=CARTESIAN_POINT('',(-0.0375691672033252,-0.0156434964872684,0.102575));
#3185=CARTESIAN_POINT('',(-0.0367057930793816,-0.0152408985214206,0.102516666666667));
#3186=CARTESIAN_POINT('',(-0.0359254459514737,-0.015787303462802,0.102458333333333));
#3187=CARTESIAN_POINT('',(-0.0351450988235659,-0.0163337084041834,0.1024));
#3188=CARTESIAN_POINT('',(-0.0352281258196016,-0.0172827113114125,0.102341666666667));
#3189=CARTESIAN_POINT('',(-0.0353111528156373,-0.0182317142186416,0.102283333333333));
#3190=CARTESIAN_POINT('',(-0.0361745269395808,-0.0186343121844893,0.102225));
#3191=CARTESIAN_POINT('',(-0.0370379010635244,-0.019036910150337,0.102166666666667));
#3192=CARTESIAN_POINT('',(-0.0378182481914322,-0.0184905052089556,0.102108333333333));
#3193=CARTESIAN_POINT('',(-0.03859859531934,-0.0179441002675743,0.10205));
#3194=CARTESIAN_POINT('',(-0.0385155683233043,-0.0169950973603452,0.101991666666667));
#3195=CARTESIAN_POINT('',(-0.0384325413272687,-0.0160460944531161,0.101933333333333));
#3196=CARTESIAN_POINT('',(-0.0375691672033252,-0.0156434964872684,0.101875));
#3197=CARTESIAN_POINT('',(-0.0367057930793816,-0.0152408985214206,0.101816666666667));
#3198=CARTESIAN_POINT('',(-0.0359254459514737,-0.015787303462802,0.101758333333333));
#3199=CARTESIAN_POINT('',(-0.0351450988235659,-0.0163337084041834,0.1017));
#3200=CARTESIAN_POINT('',(-0.0352281258196016,-0.0172827113114125,0.101641666666667));
#3201=CARTESIAN_POINT('',(-0.0353111528156373,-0.0182317142186416,0.101583333333333));
#3202=CARTESIAN_POINT('',(-0.0361745269395808,-0.0186343121844893,0.101525));
#3203=CARTESIAN_POINT('',(-0.0370379010635244,-0.019036910150337,0.101466666666667));
#3204=CARTESIAN_POINT('',(-0.0378182481914322,-0.0184905052089556,0.101408333333333));
#3205=CARTESIAN_POINT('',(-0.03859859531934,-0.0179441002675743,0.10135));
#3206=CARTESIAN_POINT('',(-0.0385155683233043,-0.0169950973603452,0.101291666666667));
#3207=CARTESIAN_POINT('',(-0.0384325413272687,-0.0160460944531161,0.101233333333333));
#3208=CARTESIAN_POINT('',(-0.0375691672033252,-0.0156434964872684,0.101175));
#3209=CARTESIAN_POINT('',(-0.0367057930793816,-0.0152408985214206,0.101116666666667));
#3210=CARTESIAN_POINT('',(-0.0359254459514737,-0.015787303462802,0.101058333333333));
#3211=CARTESIAN_POINT('',(-0.0351450988235659,-0.0163337084041834,0.101));
#3212=CARTESIAN_POINT('',(-0.0352281258196016,-0.0172827113114125,0.100941666666667));
#3213=CARTESIAN_POINT('',(-0.0353111528156373,-0.0182317142186416,0.100883333333333));
#3214=CARTESIAN_POINT('',(-0.0361745269395808,-0.0186343121844893,0.100825));
#3215=CARTESIAN_POINT('',(-0.0370379010635244,-0.019036910150337,0.100766666666667));
#3216=CARTESIAN_POINT('',(-0.0378182481914322,-0.0184905052089556,0.100708333333333));
#3217=CARTESIAN_POINT('',(-0.03859859531934,-0.0179441002675743,0.10065));
#3218=CARTESIAN_POINT('',(-0.0385155683233043,-0.0169950973603452,0.100591666666667));
#3219=CARTESIAN_POINT('',(-0.0384325413272687,-0.0160460944531161,0.100533333333333));
#3220=CARTESIAN_POINT('',(-0.0375691672033252,-0.0156434964872684,0.100475));
#3221=CARTESIAN_POINT('',(-0.0367057930793816,-0.0152408985214206,0.100416666666667));
#3222=CARTESIAN_POINT('',(-0.0359254459514737,-0.015787303462802,0.100358333333333));
#3223=CARTESIAN_POINT('',(-0.0351450988235659,-0.0163337084041834,0.1003));
#3224=CARTESIAN_POINT('',(-0.0352281258196016,-0.0172827113114125,0.100241666666667));
#3225=CARTESIAN_POINT('',(-0.0353111528156373,-0.0182317142186416,0.100183333333333));
#3226=CARTESIAN_POINT('',(-0.0361745269395808,-0.0186343121844893,0.100125));
#3227=CARTESIAN_POINT('',(-0.0370379010635244,-0.019036910150337,0.100066666666667));
#3228=CARTESIAN_POINT('',(-0.0378182481914322,-0.0184905052089556,0.100008333333333));
#3229=CARTESIAN_POINT('',(-0.03859859531934,-0.0179441002675743,0.09995));
#3230=CARTESIAN_POINT('',(-0.0385155683233043,-0.0169950973603452,0.0998916666666667));
#3231=CARTESIAN_POINT('',(-0.0384325413272687,-0.0160460944531161,0.0998333333333333));
#3232=CARTESIAN_POINT('',(-0.0375691672033252,-0.0156434964872684,0.099775));
#3233=CARTESIAN_POINT('',(-0.0367057930793816,-0.0152408985214206,0.0997166666666667));
#3234=CARTESIAN_POINT('',(-0.0359254459514737,-0.015787303462802,0.0996583333333333));
#3235=CARTESIAN_POINT('',(-0.0351450988235659,-0.0163337084041834,0.0996));
#3236=CARTESIAN_POINT('',(-0.0352281258196016,-0.0172827113114125,0.0995416666666667));
#3237=CARTESIAN_POINT('',(-0.0353111528156373,-0.0182317142186416,0.0994833333333333));
#3238=CARTESIAN_POINT('',(-0.0361745269395808,-0.0186343121844893,0.099425));
#3239=CARTESIAN_POINT('',(-0.0370379010635244,-0.019036910150337,0.0993666666666666));
#3240=CARTESIAN_POINT('',(-0.0378182481914322,-0.0184905052089556,0.0993083333333333));
#3241=CARTESIAN_POINT('',(-0.03859859531934,-0.0179441002675743,0.09925));
#3242=CARTESIAN_POINT('',(-0.0385155683233043,-0.0169950973603452,0.0991916666666667));
#3243=CARTESIAN_POINT('',(-0.0384325413272687,-0.0160460944531161,0.0991333333333334));
#3244=CARTESIAN_POINT('',(-0.0375691672033252,-0.0156434964872684,0.099075));
#3245=CARTESIAN_POINT('',(-0.0367057930793816,-0.0152408985214206,0.0990166666666667));
#3246=CARTESIAN_POINT('',(-0.0359254459514737,-0.015787303462802,0.0989583333333333));
#3247=CARTESIAN_POINT('',(-0.0351450988235659,-0.0163337084041834,0.0989));
#3248=CARTESIAN_POINT('',(-0.0352281258196016,-0.0172827113114125,0.0988416666666667));
#3249=CARTESIAN_POINT('',(-0.0353111528156373,-0.0182317142186416,0.0987833333333333));
#3250=CARTESIAN_POINT('',(-0.0361745269395808,-0.0186343121844893,0.098725));
#3251=CARTESIAN_POINT('',(-0.0370379010635244,-0.019036910150337,0.0986666666666666));
#3252=CARTESIAN_POINT('',(-0.0378182481914322,-0.0184905052089556,0.0986083333333334));
#3253=CARTESIAN_POINT('',(-0.03859859531934,-0.0179441002675743,0.0985499999999999));
#3254=CARTESIAN_POINT('',(-0.0385155683233043,-0.0169950973603452,0.0984916666666667));
#3255=CARTESIAN_POINT('',(-0.0384325413272687,-0.0160460944531161,0.0984333333333334));
#3256=CARTESIAN_POINT('',(-0.0375691672033252,-0.0156434964872684,0.098375));
#3257=CARTESIAN_POINT('',(-0.0367057930793816,-0.0152408985214206,0.0983166666666667));
#3258=CARTESIAN_POINT('',(-0.0359254459514737,-0.015787303462802,0.0982583333333334));
#3259=CARTESIAN_POINT('',(-0.0351450988235659,-0.0163337084041834,0.0982));
#3260=CARTESIAN_POINT('',(-0.0352281258196016,-0.0172827113114125,0.0981416666666667));
#3261=CARTESIAN_POINT('',(-0.0353111528156373,-0.0182317142186416,0.0980833333333333));
#3262=CARTESIAN_POINT('',(-0.0361745269395808,-0.0186343121844893,0.098025));
#3263=CARTESIAN_POINT('',(-0.0370379010635244,-0.019036910150337,0.0979666666666666));
#3264=CARTESIAN_POINT('',(-0.0378182481914322,-0.0184905052089556,0.0979083333333333));
#3265=CARTESIAN_POINT('',(-0.03859859531934,-0.0179441002675743,0.09785));
#3266=CARTESIAN_POINT('',(-0.0385155683233043,-0.0169950973603452,0.0977916666666667));
#3267=CARTESIAN_POINT('',(-0.0384665468951099,-0.0164347798721261,0.0977572250579384));
#3268=CARTESIAN_POINT('',(-0.038085494702297,-0.0160210673942157,0.0977178089784847));
#3269=CARTESIAN_POINT('',(-0.0357511863459811,-0.0154476035359381,0.108279697029606));
#3270=CARTESIAN_POINT('',(-0.0357294677274564,-0.0154619943544093,0.108278380777759));
#3271=CARTESIAN_POINT('',(-0.0357081258052831,-0.0154769381291949,0.108277083333333));
#3272=CARTESIAN_POINT('',(-0.0347485891684701,-0.0161488129154798,0.10821875));
#3273=CARTESIAN_POINT('',(-0.0348506814831485,-0.0173157334119642,0.108160416666667));
#3274=CARTESIAN_POINT('',(-0.0349527737978269,-0.0184826539084486,0.108102083333333));
#3275=CARTESIAN_POINT('',(-0.0360144027493184,-0.0189776996186481,0.10804375));
#3276=CARTESIAN_POINT('',(-0.0370760317008098,-0.0194727453288476,0.107985416666667));
#3277=CARTESIAN_POINT('',(-0.0380355683376229,-0.0188008705425627,0.107927083333333));
#3278=CARTESIAN_POINT('',(-0.0389951049744359,-0.0181289957562779,0.10786875));
#3279=CARTESIAN_POINT('',(-0.0388930126597574,-0.0169620752597935,0.107810416666667));
#3280=CARTESIAN_POINT('',(-0.0387909203450791,-0.0157951547633091,0.107752083333333));
#3281=CARTESIAN_POINT('',(-0.0377292913935876,-0.0153001090531096,0.10769375));
#3282=CARTESIAN_POINT('',(-0.0366676624420961,-0.01480506334291,0.107635416666667));
#3283=CARTESIAN_POINT('',(-0.0357081258052831,-0.0154769381291949,0.107577083333333));
#3284=CARTESIAN_POINT('',(-0.0347485891684701,-0.0161488129154798,0.10751875));
#3285=CARTESIAN_POINT('',(-0.0348506814831485,-0.0173157334119642,0.107460416666667));
#3286=CARTESIAN_POINT('',(-0.0349527737978269,-0.0184826539084486,0.107402083333333));
#3287=CARTESIAN_POINT('',(-0.0360144027493184,-0.0189776996186481,0.10734375));
#3288=CARTESIAN_POINT('',(-0.0370760317008098,-0.0194727453288476,0.107285416666667));
#3289=CARTESIAN_POINT('',(-0.0380355683376229,-0.0188008705425627,0.107227083333333));
#3290=CARTESIAN_POINT('',(-0.0389951049744359,-0.0181289957562779,0.10716875));
#3291=CARTESIAN_POINT('',(-0.0388930126597574,-0.0169620752597935,0.107110416666667));
#3292=CARTESIAN_POINT('',(-0.0387909203450791,-0.0157951547633091,0.107052083333333));
#3293=CARTESIAN_POINT('',(-0.0377292913935876,-0.0153001090531096,0.10699375));
#3294=CARTESIAN_POINT('',(-0.0366676624420961,-0.01480506334291,0.106935416666667));
#3295=CARTESIAN_POINT('',(-0.0357081258052831,-0.0154769381291949,0.106877083333333));
#3296=CARTESIAN_POINT('',(-0.0347485891684701,-0.0161488129154798,0.10681875));
#3297=CARTESIAN_POINT('',(-0.0348506814831485,-0.0173157334119642,0.106760416666667));
#3298=CARTESIAN_POINT('',(-0.0349527737978269,-0.0184826539084486,0.106702083333333));
#3299=CARTESIAN_POINT('',(-0.0360144027493184,-0.0189776996186481,0.10664375));
#3300=CARTESIAN_POINT('',(-0.0370760317008098,-0.0194727453288476,0.106585416666667));
#3301=CARTESIAN_POINT('',(-0.0380355683376229,-0.0188008705425627,0.106527083333333));
#3302=CARTESIAN_POINT('',(-0.0389951049744359,-0.0181289957562779,0.10646875));
#3303=CARTESIAN_POINT('',(-0.0388930126597574,-0.0169620752597935,0.106410416666667));
#3304=CARTESIAN_POINT('',(-0.0387909203450791,-0.0157951547633091,0.106352083333333));
#3305=CARTESIAN_POINT('',(-0.0377292913935876,-0.0153001090531096,0.10629375));
#3306=CARTESIAN_POINT('',(-0.0366676624420961,-0.01480506334291,0.106235416666667));
#3307=CARTESIAN_POINT('',(-0.0357081258052831,-0.0154769381291949,0.106177083333333));
#3308=CARTESIAN_POINT('',(-0.0347485891684701,-0.0161488129154798,0.10611875));
#3309=CARTESIAN_POINT('',(-0.0348506814831485,-0.0173157334119642,0.106060416666667));
#3310=CARTESIAN_POINT('',(-0.0349527737978269,-0.0184826539084486,0.106002083333333));
#3311=CARTESIAN_POINT('',(-0.0360144027493184,-0.0189776996186481,0.10594375));
#3312=CARTESIAN_POINT('',(-0.0370760317008098,-0.0194727453288476,0.105885416666667));
#3313=CARTESIAN_POINT('',(-0.0380355683376229,-0.0188008705425627,0.105827083333333));
#3314=CARTESIAN_POINT('',(-0.0389951049744359,-0.0181289957562779,0.10576875));
#3315=CARTESIAN_POINT('',(-0.0388930126597574,-0.0169620752597935,0.105710416666667));
#3316=CARTESIAN_POINT('',(-0.0387909203450791,-0.0157951547633091,0.105652083333333));
#3317=CARTESIAN_POINT('',(-0.0377292913935876,-0.0153001090531096,0.10559375));
#3318=CARTESIAN_POINT('',(-0.0366676624420961,-0.01480506334291,0.105535416666667));
#3319=CARTESIAN_POINT('',(-0.0357081258052831,-0.0154769381291949,0.105477083333333));
#3320=CARTESIAN_POINT('',(-0.0347485891684701,-0.0161488129154798,0.10541875));
#3321=CARTESIAN_POINT('',(-0.0348506814831485,-0.0173157334119642,0.105360416666667));
#3322=CARTESIAN_POINT('',(-0.0349527737978269,-0.0184826539084486,0.105302083333333));
#3323=CARTESIAN_POINT('',(-0.0360144027493184,-0.0189776996186481,0.10524375));
#3324=CARTESIAN_POINT('',(-0.0370760317008098,-0.0194727453288476,0.105185416666667));
#3325=CARTESIAN_POINT('',(-0.0380355683376229,-0.0188008705425627,0.105127083333333));
#3326=CARTESIAN_POINT('',(-0.0389951049744359,-0.0181289957562779,0.10506875));
#3327=CARTESIAN_POINT('',(-0.0388930126597574,-0.0169620752597935,0.105010416666667));
#3328=CARTESIAN_POINT('',(-0.0387909203450791,-0.0157951547633091,0.104952083333333));
#3329=CARTESIAN_POINT('',(-0.0377292913935876,-0.0153001090531096,0.10489375));
#3330=CARTESIAN_POINT('',(-0.0366676624420961,-0.01480506334291,0.104835416666667));
#3331=CARTESIAN_POINT('',(-0.0357081258052831,-0.0154769381291949,0.104777083333333));
#3332=CARTESIAN_POINT('',(-0.0347485891684701,-0.0161488129154798,0.10471875));
#3333=CARTESIAN_POINT('',(-0.0348506814831485,-0.0173157334119642,0.104660416666667));
#3334=CARTESIAN_POINT('',(-0.0349527737978269,-0.0184826539084486,0.104602083333333));
#3335=CARTESIAN_POINT('',(-0.0360144027493184,-0.0189776996186481,0.10454375));
#3336=CARTESIAN_POINT('',(-0.0370760317008098,-0.0194727453288476,0.104485416666667));
#3337=CARTESIAN_POINT('',(-0.0380355683376229,-0.0188008705425627,0.104427083333333));
#3338=CARTESIAN_POINT('',(-0.0389951049744359,-0.0181289957562779,0.10436875));
#3339=CARTESIAN_POINT('',(-0.0388930126597574,-0.0169620752597935,0.104310416666667));
#3340=CARTESIAN_POINT('',(-0.0387909203450791,-0.0157951547633091,0.104252083333333));
#3341=CARTESIAN_POINT('',(-0.0377292913935876,-0.0153001090531096,0.10419375));
#3342=CARTESIAN_POINT('',(-0.0366676624420961,-0.01480506334291,0.104135416666667));
#3343=CARTESIAN_POINT('',(-0.0357081258052831,-0.0154769381291949,0.104077083333333));
#3344=CARTESIAN_POINT('',(-0.0347485891684701,-0.0161488129154798,0.10401875));
#3345=CARTESIAN_POINT('',(-0.0348506814831485,-0.0173157334119642,0.103960416666667));
#3346=CARTESIAN_POINT('',(-0.0349527737978269,-0.0184826539084486,0.103902083333333));
#3347=CARTESIAN_POINT('',(-0.0360144027493184,-0.0189776996186481,0.10384375));
#3348=CARTESIAN_POINT('',(-0.0370760317008098,-0.0194727453288476,0.103785416666667));
#3349=CARTESIAN_POINT('',(-0.0380355683376229,-0.0188008705425627,0.103727083333333));
#3350=CARTESIAN_POINT('',(-0.0389951049744359,-0.0181289957562779,0.10366875));
#3351=CARTESIAN_POINT('',(-0.0388930126597574,-0.0169620752597935,0.103610416666667));
#3352=CARTESIAN_POINT('',(-0.0387909203450791,-0.0157951547633091,0.103552083333333));
#3353=CARTESIAN_POINT('',(-0.0377292913935876,-0.0153001090531096,0.10349375));
#3354=CARTESIAN_POINT('',(-0.0366676624420961,-0.01480506334291,0.103435416666667));
#3355=CARTESIAN_POINT('',(-0.0357081258052831,-0.0154769381291949,0.103377083333333));
#3356=CARTESIAN_POINT('',(-0.0347485891684701,-0.0161488129154798,0.10331875));
#3357=CARTESIAN_POINT('',(-0.0348506814831485,-0.0173157334119642,0.103260416666667));
#3358=CARTESIAN_POINT('',(-0.0349527737978269,-0.0184826539084486,0.103202083333333));
#3359=CARTESIAN_POINT('',(-0.0360144027493184,-0.0189776996186481,0.10314375));
#3360=CARTESIAN_POINT('',(-0.0370760317008098,-0.0194727453288476,0.103085416666667));
#3361=CARTESIAN_POINT('',(-0.0380355683376229,-0.0188008705425627,0.103027083333333));
#3362=CARTESIAN_POINT('',(-0.0389951049744359,-0.0181289957562779,0.10296875));
#3363=CARTESIAN_POINT('',(-0.0388930126597574,-0.0169620752597935,0.102910416666667));
#3364=CARTESIAN_POINT('',(-0.0387909203450791,-0.0157951547633091,0.102852083333333));
#3365=CARTESIAN_POINT('',(-0.0377292913935876,-0.0153001090531096,0.10279375));
#3366=CARTESIAN_POINT('',(-0.0366676624420961,-0.01480506334291,0.102735416666667));
#3367=CARTESIAN_POINT('',(-0.0357081258052831,-0.0154769381291949,0.102677083333333));
#3368=CARTESIAN_POINT('',(-0.0347485891684701,-0.0161488129154798,0.10261875));
#3369=CARTESIAN_POINT('',(-0.0348506814831485,-0.0173157334119642,0.102560416666667));
#3370=CARTESIAN_POINT('',(-0.0349527737978269,-0.0184826539084486,0.102502083333333));
#3371=CARTESIAN_POINT('',(-0.0360144027493184,-0.0189776996186481,0.10244375));
#3372=CARTESIAN_POINT('',(-0.0370760317008098,-0.0194727453288476,0.102385416666667));
#3373=CARTESIAN_POINT('',(-0.0380355683376229,-0.0188008705425627,0.102327083333333));
#3374=CARTESIAN_POINT('',(-0.0389951049744359,-0.0181289957562779,0.10226875));
#3375=CARTESIAN_POINT('',(-0.0388930126597574,-0.0169620752597935,0.102210416666667));
#3376=CARTESIAN_POINT('',(-0.0387909203450791,-0.0157951547633091,0.102152083333333));
#3377=CARTESIAN_POINT('',(-0.0377292913935876,-0.0153001090531096,0.10209375));
#3378=CARTESIAN_POINT('',(-0.0366676624420961,-0.01480506334291,0.102035416666667));
#3379=CARTESIAN_POINT('',(-0.0357081258052831,-0.0154769381291949,0.101977083333333));
#3380=CARTESIAN_POINT('',(-0.0347485891684701,-0.0161488129154798,0.10191875));
#3381=CARTESIAN_POINT('',(-0.0348506814831485,-0.0173157334119642,0.101860416666667));
#3382=CARTESIAN_POINT('',(-0.0349527737978269,-0.0184826539084486,0.101802083333333));
#3383=CARTESIAN_POINT('',(-0.0360144027493184,-0.0189776996186481,0.10174375));
#3384=CARTESIAN_POINT('',(-0.0370760317008098,-0.0194727453288476,0.101685416666667));
#3385=CARTESIAN_POINT('',(-0.0380355683376229,-0.0188008705425627,0.101627083333333));
#3386=CARTESIAN_POINT('',(-0.0389951049744359,-0.0181289957562779,0.10156875));
#3387=CARTESIAN_POINT('',(-0.0388930126597574,-0.0169620752597935,0.101510416666667));
#3388=CARTESIAN_POINT('',(-0.0387909203450791,-0.0157951547633091,0.101452083333333));
#3389=CARTESIAN_POINT('',(-0.0377292913935876,-0.0153001090531096,0.10139375));
#3390=CARTESIAN_POINT('',(-0.0366676624420961,-0.01480506334291,0.101335416666667));
#3391=CARTESIAN_POINT('',(-0.0357081258052831,-0.0154769381291949,0.101277083333333));
#3392=CARTESIAN_POINT('',(-0.0347485891684701,-0.0161488129154798,0.10121875));
#3393=CARTESIAN_POINT('',(-0.0348506814831485,-0.0173157334119642,0.101160416666667));
#3394=CARTESIAN_POINT('',(-0.0349527737978269,-0.0184826539084486,0.101102083333333));
#3395=CARTESIAN_POINT('',(-0.0360144027493184,-0.0189776996186481,0.10104375));
#3396=CARTESIAN_POINT('',(-0.0370760317008098,-0.0194727453288476,0.100985416666667));
#3397=CARTESIAN_POINT('',(-0.0380355683376229,-0.0188008705425627,0.100927083333333));
#3398=CARTESIAN_POINT('',(-0.0389951049744359,-0.0181289957562779,0.10086875));
#3399=CARTESIAN_POINT('',(-0.0388930126597574,-0.0169620752597935,0.100810416666667));
#3400=CARTESIAN_POINT('',(-0.0387909203450791,-0.0157951547633091,0.100752083333333));
#3401=CARTESIAN_POINT('',(-0.0377292913935876,-0.0153001090531096,0.10069375));
#3402=CARTESIAN_POINT('',(-0.0366676624420961,-0.01480506334291,0.100635416666667));
#3403=CARTESIAN_POINT('',(-0.0357081258052831,-0.0154769381291949,0.100577083333333));
#3404=CARTESIAN_POINT('',(-0.0347485891684701,-0.0161488129154798,0.10051875));
#3405=CARTESIAN_POINT('',(-0.0348506814831485,-0.0173157334119642,0.100460416666667));
#3406=CARTESIAN_POINT('',(-0.0349527737978269,-0.0184826539084486,0.100402083333333));
#3407=CARTESIAN_POINT('',(-0.0360144027493184,-0.0189776996186481,0.10034375));
#3408=CARTESIAN_POINT('',(-0.0370760317008098,-0.0194727453288476,0.100285416666667));
#3409=CARTESIAN_POINT('',(-0.0380355683376229,-0.0188008705425627,0.100227083333333));
#3410=CARTESIAN_POINT('',(-0.0389951049744359,-0.0181289957562779,0.10016875));
#3411=CARTESIAN_POINT('',(-0.0388930126597574,-0.0169620752597935,0.100110416666667));
#3412=CARTESIAN_POINT('',(-0.0387909203450791,-0.0157951547633091,0.100052083333333));
#3413=CARTESIAN_POINT('',(-0.0377292913935876,-0.0153001090531096,0.09999375));
#3414=CARTESIAN_POINT('',(-0.0366676624420961,-0.01480506334291,0.0999354166666666));
#3415=CARTESIAN_POINT('',(-0.0357081258052831,-0.0154769381291949,0.0998770833333334));
#3416=CARTESIAN_POINT('',(-0.0347485891684701,-0.0161488129154798,0.09981875));
#3417=CARTESIAN_POINT('',(-0.0348506814831485,-0.0173157334119642,0.0997604166666667));
#3418=CARTESIAN_POINT('',(-0.0349527737978269,-0.0184826539084486,0.0997020833333334));
#3419=CARTESIAN_POINT('',(-0.0360144027493184,-0.0189776996186481,0.09964375));
#3420=CARTESIAN_POINT('',(-0.0370760317008098,-0.0194727453288476,0.0995854166666667));
#3421=CARTESIAN_POINT('',(-0.0380355683376229,-0.0188008705425627,0.0995270833333333));
#3422=CARTESIAN_POINT('',(-0.0389951049744359,-0.0181289957562779,0.09946875));
#3423=CARTESIAN_POINT('',(-0.0388930126597574,-0.0169620752597935,0.0994104166666667));
#3424=CARTESIAN_POINT('',(-0.0387909203450791,-0.0157951547633091,0.0993520833333333));
#3425=CARTESIAN_POINT('',(-0.0377292913935876,-0.0153001090531096,0.09929375));
#3426=CARTESIAN_POINT('',(-0.0366676624420961,-0.01480506334291,0.0992354166666666));
#3427=CARTESIAN_POINT('',(-0.0357081258052831,-0.0154769381291949,0.0991770833333333));
#3428=CARTESIAN_POINT('',(-0.0347485891684701,-0.0161488129154798,0.0991187500000001));
#3429=CARTESIAN_POINT('',(-0.0348506814831485,-0.0173157334119642,0.0990604166666667));
#3430=CARTESIAN_POINT('',(-0.0349527737978269,-0.0184826539084486,0.0990020833333334));
#3431=CARTESIAN_POINT('',(-0.0360144027493184,-0.0189776996186481,0.09894375));
#3432=CARTESIAN_POINT('',(-0.0370760317008098,-0.0194727453288476,0.0988854166666667));
#3433=CARTESIAN_POINT('',(-0.0380355683376229,-0.0188008705425627,0.0988270833333333));
#3434=CARTESIAN_POINT('',(-0.0389951049744359,-0.0181289957562779,0.09876875));
#3435=CARTESIAN_POINT('',(-0.0388930126597574,-0.0169620752597935,0.0987104166666667));
#3436=CARTESIAN_POINT('',(-0.0387909203450791,-0.0157951547633091,0.0986520833333333));
#3437=CARTESIAN_POINT('',(-0.0377292913935876,-0.0153001090531096,0.09859375));
#3438=CARTESIAN_POINT('',(-0.0366676624420961,-0.01480506334291,0.0985354166666666));
#3439=CARTESIAN_POINT('',(-0.0357081258052831,-0.0154769381291949,0.0984770833333334));
#3440=CARTESIAN_POINT('',(-0.0347485891684701,-0.0161488129154798,0.0984187499999999));
#3441=CARTESIAN_POINT('',(-0.0348506814831485,-0.0173157334119642,0.0983604166666667));
#3442=CARTESIAN_POINT('',(-0.0349527737978269,-0.0184826539084486,0.0983020833333334));
#3443=CARTESIAN_POINT('',(-0.0360144027493184,-0.0189776996186481,0.09824375));
#3444=CARTESIAN_POINT('',(-0.0370760317008098,-0.0194727453288476,0.0981854166666667));
#3445=CARTESIAN_POINT('',(-0.0380355683376229,-0.0188008705425627,0.0981270833333334));
#3446=CARTESIAN_POINT('',(-0.0389951049744359,-0.0181289957562779,0.09806875));
#3447=CARTESIAN_POINT('',(-0.0388930126597574,-0.0169620752597935,0.0980104166666667));
#3448=CARTESIAN_POINT('',(-0.0388327345416492,-0.0162730932171035,0.0979759750579384));
#3449=CARTESIAN_POINT('',(-0.0383641821161123,-0.0157643807922547,0.0979365589784847));
#3450=CARTESIAN_POINT('',(-0.0375691672033252,-0.0156434964872684,0.108875));
#3451=CARTESIAN_POINT('',(-0.0367057930793816,-0.0152408985214206,0.108816666666667));
#3452=CARTESIAN_POINT('',(-0.0359254459514737,-0.015787303462802,0.108758333333333));
#3453=CARTESIAN_POINT('',(-0.0351450988235659,-0.0163337084041834,0.1087));
#3454=CARTESIAN_POINT('',(-0.0352281258196016,-0.0172827113114125,0.108641666666667));
#3455=CARTESIAN_POINT('',(-0.0353111528156373,-0.0182317142186416,0.108583333333333));
#3456=CARTESIAN_POINT('',(-0.0361745269395808,-0.0186343121844893,0.108525));
#3457=CARTESIAN_POINT('',(-0.0370379010635244,-0.019036910150337,0.108466666666667));
#3458=CARTESIAN_POINT('',(-0.0378182481914322,-0.0184905052089556,0.108408333333333));
#3459=CARTESIAN_POINT('',(-0.03859859531934,-0.0179441002675743,0.10835));
#3460=CARTESIAN_POINT('',(-0.0385155683233043,-0.0169950973603452,0.108291666666667));
#3461=CARTESIAN_POINT('',(-0.0384325413272687,-0.0160460944531161,0.108233333333333));
#3462=CARTESIAN_POINT('',(-0.0375691672033252,-0.0156434964872684,0.108175));
#3463=CARTESIAN_POINT('',(-0.0367057930793816,-0.0152408985214206,0.108116666666667));
#3464=CARTESIAN_POINT('',(-0.0359254459514737,-0.015787303462802,0.108058333333333));
#3465=CARTESIAN_POINT('',(-0.0351450988235659,-0.0163337084041834,0.108));
#3466=CARTESIAN_POINT('',(-0.0352281258196016,-0.0172827113114125,0.107941666666667));
#3467=CARTESIAN_POINT('',(-0.0353111528156373,-0.0182317142186416,0.107883333333333));
#3468=CARTESIAN_POINT('',(-0.0361745269395808,-0.0186343121844893,0.107825));
#3469=CARTESIAN_POINT('',(-0.0370379010635244,-0.019036910150337,0.107766666666667));
#3470=CARTESIAN_POINT('',(-0.0378182481914322,-0.0184905052089556,0.107708333333333));
#3471=CARTESIAN_POINT('',(-0.03859859531934,-0.0179441002675743,0.10765));
#3472=CARTESIAN_POINT('',(-0.0385155683233043,-0.0169950973603452,0.107591666666667));
#3473=CARTESIAN_POINT('',(-0.0384325413272687,-0.0160460944531161,0.107533333333333));
#3474=CARTESIAN_POINT('',(-0.0375691672033252,-0.0156434964872684,0.107475));
#3475=CARTESIAN_POINT('',(-0.0367057930793816,-0.0152408985214206,0.107416666666667));
#3476=CARTESIAN_POINT('',(-0.0359254459514737,-0.015787303462802,0.107358333333333));
#3477=CARTESIAN_POINT('',(-0.0351450988235659,-0.0163337084041834,0.1073));
#3478=CARTESIAN_POINT('',(-0.0352281258196016,-0.0172827113114125,0.107241666666667));
#3479=CARTESIAN_POINT('',(-0.0353111528156373,-0.0182317142186416,0.107183333333333));
#3480=CARTESIAN_POINT('',(-0.0361745269395808,-0.0186343121844893,0.107125));
#3481=CARTESIAN_POINT('',(-0.0370379010635244,-0.019036910150337,0.107066666666667));
#3482=CARTESIAN_POINT('',(-0.0378182481914322,-0.0184905052089556,0.107008333333333));
#3483=CARTESIAN_POINT('',(-0.03859859531934,-0.0179441002675743,0.10695));
#3484=CARTESIAN_POINT('',(-0.0385155683233043,-0.0169950973603452,0.106891666666667));
#3485=CARTESIAN_POINT('',(-0.0384325413272687,-0.0160460944531161,0.106833333333333));
#3486=CARTESIAN_POINT('',(-0.0375691672033252,-0.0156434964872684,0.106775));
#3487=CARTESIAN_POINT('',(-0.0367057930793816,-0.0152408985214206,0.106716666666667));
#3488=CARTESIAN_POINT('',(-0.0359254459514737,-0.015787303462802,0.106658333333333));
#3489=CARTESIAN_POINT('',(-0.0351450988235659,-0.0163337084041834,0.1066));
#3490=CARTESIAN_POINT('',(-0.0352281258196016,-0.0172827113114125,0.106541666666667));
#3491=CARTESIAN_POINT('',(-0.0353111528156373,-0.0182317142186416,0.106483333333333));
#3492=CARTESIAN_POINT('',(-0.0361745269395808,-0.0186343121844893,0.106425));
#3493=CARTESIAN_POINT('',(-0.0370379010635244,-0.019036910150337,0.106366666666667));
#3494=CARTESIAN_POINT('',(-0.0378182481914322,-0.0184905052089556,0.106308333333333));
#3495=CARTESIAN_POINT('',(-0.03859859531934,-0.0179441002675743,0.10625));
#3496=CARTESIAN_POINT('',(-0.0385155683233043,-0.0169950973603452,0.106191666666667));
#3497=CARTESIAN_POINT('',(-0.0384325413272687,-0.0160460944531161,0.106133333333333));
#3498=CARTESIAN_POINT('',(-0.0375691672033252,-0.0156434964872684,0.106075));
#3499=CARTESIAN_POINT('',(-0.0367057930793816,-0.0152408985214206,0.106016666666667));
#3500=CARTESIAN_POINT('',(-0.0359254459514737,-0.015787303462802,0.105958333333333));
#3501=CARTESIAN_POINT('',(-0.0351450988235659,-0.0163337084041834,0.1059));
#3502=CARTESIAN_POINT('',(-0.0352281258196016,-0.0172827113114125,0.105841666666667));
#3503=CARTESIAN_POINT('',(-0.0353111528156373,-0.0182317142186416,0.105783333333333));
#3504=CARTESIAN_POINT('',(-0.0361745269395808,-0.0186343121844893,0.105725));
#3505=CARTESIAN_POINT('',(-0.0370379010635244,-0.019036910150337,0.105666666666667));
#3506=CARTESIAN_POINT('',(-0.0378182481914322,-0.0184905052089556,0.105608333333333));
#3507=CARTESIAN_POINT('',(-0.03859859531934,-0.0179441002675743,0.10555));
#3508=CARTESIAN_POINT('',(-0.0385155683233043,-0.0169950973603452,0.105491666666667));
#3509=CARTESIAN_POINT('',(-0.0384325413272687,-0.0160460944531161,0.105433333333333));
#3510=CARTESIAN_POINT('',(-0.0375691672033252,-0.0156434964872684,0.105375));
#3511=CARTESIAN_POINT('',(-0.0367057930793816,-0.0152408985214206,0.105316666666667));
#3512=CARTESIAN_POINT('',(-0.0359254459514737,-0.015787303462802,0.105258333333333));
#3513=CARTESIAN_POINT('',(-0.0351450988235659,-0.0163337084041833,0.1052));
#3514=CARTESIAN_POINT('',(-0.0352281258196016,-0.0172827113114125,0.105141666666667));
#3515=CARTESIAN_POINT('',(-0.0353111528156373,-0.0182317142186416,0.105083333333333));
#3516=CARTESIAN_POINT('',(-0.0361745269395808,-0.0186343121844893,0.105025));
#3517=CARTESIAN_POINT('',(-0.0370379010635244,-0.019036910150337,0.104966666666667));
#3518=CARTESIAN_POINT('',(-0.0378182481914322,-0.0184905052089557,0.104908333333333));
#3519=CARTESIAN_POINT('',(-0.03859859531934,-0.0179441002675743,0.10485));
#3520=CARTESIAN_POINT('',(-0.0385155683233043,-0.0169950973603452,0.104791666666667));
#3521=CARTESIAN_POINT('',(-0.0384325413272687,-0.0160460944531161,0.104733333333333));
#3522=CARTESIAN_POINT('',(-0.0375691672033252,-0.0156434964872684,0.104675));
#3523=CARTESIAN_POINT('',(-0.0367057930793816,-0.0152408985214206,0.104616666666667));
#3524=CARTESIAN_POINT('',(-0.0359254459514737,-0.015787303462802,0.104558333333333));
#3525=CARTESIAN_POINT('',(-0.0351450988235659,-0.0163337084041833,0.1045));
#3526=CARTESIAN_POINT('',(-0.0352281258196016,-0.0172827113114125,0.104441666666667));
#3527=CARTESIAN_POINT('',(-0.0353111528156373,-0.0182317142186416,0.104383333333333));
#3528=CARTESIAN_POINT('',(-0.0361745269395808,-0.0186343121844893,0.104325));
#3529=CARTESIAN_POINT('',(-0.0370379010635244,-0.019036910150337,0.104266666666667));
#3530=CARTESIAN_POINT('',(-0.0378182481914322,-0.0184905052089557,0.104208333333333));
#3531=CARTESIAN_POINT('',(-0.03859859531934,-0.0179441002675743,0.10415));
#3532=CARTESIAN_POINT('',(-0.0385155683233043,-0.0169950973603452,0.104091666666667));
#3533=CARTESIAN_POINT('',(-0.0384325413272687,-0.0160460944531161,0.104033333333333));
#3534=CARTESIAN_POINT('',(-0.0375691672033252,-0.0156434964872684,0.103975));
#3535=CARTESIAN_POINT('',(-0.0367057930793816,-0.0152408985214206,0.103916666666667));
#3536=CARTESIAN_POINT('',(-0.0359254459514737,-0.015787303462802,0.103858333333333));
#3537=CARTESIAN_POINT('',(-0.0351450988235659,-0.0163337084041833,0.1038));
#3538=CARTESIAN_POINT('',(-0.0352281258196016,-0.0172827113114125,0.103741666666667));
#3539=CARTESIAN_POINT('',(-0.0353111528156373,-0.0182317142186416,0.103683333333333));
#3540=CARTESIAN_POINT('',(-0.0361745269395808,-0.0186343121844893,0.103625));
#3541=CARTESIAN_POINT('',(-0.0370379010635244,-0.019036910150337,0.103566666666667));
#3542=CARTESIAN_POINT('',(-0.0378182481914322,-0.0184905052089557,0.103508333333333));
#3543=CARTESIAN_POINT('',(-0.03859859531934,-0.0179441002675743,0.10345));
#3544=CARTESIAN_POINT('',(-0.0385155683233043,-0.0169950973603452,0.103391666666667));
#3545=CARTESIAN_POINT('',(-0.0384325413272687,-0.0160460944531161,0.103333333333333));
#3546=CARTESIAN_POINT('',(-0.0375691672033252,-0.0156434964872684,0.103275));
#3547=CARTESIAN_POINT('',(-0.0367057930793816,-0.0152408985214206,0.103216666666667));
#3548=CARTESIAN_POINT('',(-0.0359254459514737,-0.015787303462802,0.103158333333333));
#3549=CARTESIAN_POINT('',(-0.0351450988235659,-0.0163337084041833,0.1031));
#3550=CARTESIAN_POINT('',(-0.0352281258196016,-0.0172827113114125,0.103041666666667));
#3551=CARTESIAN_POINT('',(-0.0353111528156373,-0.0182317142186416,0.102983333333333));
#3552=CARTESIAN_POINT('',(-0.0361745269395808,-0.0186343121844893,0.102925));
#3553=CARTESIAN_POINT('',(-0.0370379010635244,-0.019036910150337,0.102866666666667));
#3554=CARTESIAN_POINT('',(-0.0378182481914322,-0.0184905052089556,0.102808333333333));
#3555=CARTESIAN_POINT('',(-0.03859859531934,-0.0179441002675743,0.10275));
#3556=CARTESIAN_POINT('',(-0.0385155683233043,-0.0169950973603452,0.102691666666667));
#3557=CARTESIAN_POINT('',(-0.0384325413272687,-0.0160460944531161,0.102633333333333));
#3558=CARTESIAN_POINT('',(-0.0375691672033252,-0.0156434964872684,0.102575));
#3559=CARTESIAN_POINT('',(-0.0367057930793816,-0.0152408985214206,0.102516666666667));
#3560=CARTESIAN_POINT('',(-0.0359254459514737,-0.015787303462802,0.102458333333333));
#3561=CARTESIAN_POINT('',(-0.0351450988235659,-0.0163337084041833,0.1024));
#3562=CARTESIAN_POINT('',(-0.0352281258196016,-0.0172827113114125,0.102341666666667));
#3563=CARTESIAN_POINT('',(-0.0353111528156373,-0.0182317142186416,0.102283333333333));
#3564=CARTESIAN_POINT('',(-0.0361745269395808,-0.0186343121844893,0.102225));
#3565=CARTESIAN_POINT('',(-0.0370379010635243,-0.019036910150337,0.102166666666667));
#3566=CARTESIAN_POINT('',(-0.0378182481914322,-0.0184905052089556,0.102108333333333));
#3567=CARTESIAN_POINT('',(-0.03859859531934,-0.0179441002675743,0.10205));
#3568=CARTESIAN_POINT('',(-0.0385155683233043,-0.0169950973603452,0.101991666666667));
#3569=CARTESIAN_POINT('',(-0.0384325413272687,-0.0160460944531161,0.101933333333333));
#3570=CARTESIAN_POINT('',(-0.0375691672033252,-0.0156434964872684,0.101875));
#3571=CARTESIAN_POINT('',(-0.0367057930793816,-0.0152408985214206,0.101816666666667));
#3572=CARTESIAN_POINT('',(-0.0359254459514737,-0.015787303462802,0.101758333333333));
#3573=CARTESIAN_POINT('',(-0.0351450988235659,-0.0163337084041833,0.1017));
#3574=CARTESIAN_POINT('',(-0.0352281258196016,-0.0172827113114125,0.101641666666667));
#3575=CARTESIAN_POINT('',(-0.0353111528156373,-0.0182317142186416,0.101583333333333));
#3576=CARTESIAN_POINT('',(-0.0361745269395808,-0.0186343121844893,0.101525));
#3577=CARTESIAN_POINT('',(-0.0370379010635243,-0.019036910150337,0.101466666666667));
#3578=CARTESIAN_POINT('',(-0.0378182481914322,-0.0184905052089556,0.101408333333333));
#3579=CARTESIAN_POINT('',(-0.03859859531934,-0.0179441002675743,0.10135));
#3580=CARTESIAN_POINT('',(-0.0385155683233043,-0.0169950973603452,0.101291666666667));
#3581=CARTESIAN_POINT('',(-0.0384325413272687,-0.0160460944531161,0.101233333333333));
#3582=CARTESIAN_POINT('',(-0.0375691672033252,-0.0156434964872684,0.101175));
#3583=CARTESIAN_POINT('',(-0.0367057930793816,-0.0152408985214206,0.101116666666667));
#3584=CARTESIAN_POINT('',(-0.0359254459514737,-0.015787303462802,0.101058333333333));
#3585=CARTESIAN_POINT('',(-0.0351450988235659,-0.0163337084041834,0.101));
#3586=CARTESIAN_POINT('',(-0.0352281258196016,-0.0172827113114125,0.100941666666667));
#3587=CARTESIAN_POINT('',(-0.0353111528156373,-0.0182317142186416,0.100883333333333));
#3588=CARTESIAN_POINT('',(-0.0361745269395808,-0.0186343121844893,0.100825));
#3589=CARTESIAN_POINT('',(-0.0370379010635244,-0.019036910150337,0.100766666666667));
#3590=CARTESIAN_POINT('',(-0.0378182481914322,-0.0184905052089557,0.100708333333333));
#3591=CARTESIAN_POINT('',(-0.03859859531934,-0.0179441002675743,0.10065));
#3592=CARTESIAN_POINT('',(-0.0385155683233043,-0.0169950973603452,0.100591666666667));
#3593=CARTESIAN_POINT('',(-0.0384325413272687,-0.0160460944531161,0.100533333333333));
#3594=CARTESIAN_POINT('',(-0.0375691672033252,-0.0156434964872684,0.100475));
#3595=CARTESIAN_POINT('',(-0.0367057930793816,-0.0152408985214206,0.100416666666667));
#3596=CARTESIAN_POINT('',(-0.0359254459514738,-0.015787303462802,0.100358333333333));
#3597=CARTESIAN_POINT('',(-0.0351450988235659,-0.0163337084041833,0.1003));
#3598=CARTESIAN_POINT('',(-0.0352281258196016,-0.0172827113114125,0.100241666666667));
#3599=CARTESIAN_POINT('',(-0.0353111528156373,-0.0182317142186416,0.100183333333333));
#3600=CARTESIAN_POINT('',(-0.0361745269395808,-0.0186343121844893,0.100125));
#3601=CARTESIAN_POINT('',(-0.0370379010635243,-0.019036910150337,0.100066666666667));
#3602=CARTESIAN_POINT('',(-0.0378182481914322,-0.0184905052089556,0.100008333333333));
#3603=CARTESIAN_POINT('',(-0.03859859531934,-0.0179441002675743,0.09995));
#3604=CARTESIAN_POINT('',(-0.0385155683233043,-0.0169950973603452,0.0998916666666667));
#3605=CARTESIAN_POINT('',(-0.0384325413272687,-0.0160460944531161,0.0998333333333333));
#3606=CARTESIAN_POINT('',(-0.0375691672033252,-0.0156434964872684,0.099775));
#3607=CARTESIAN_POINT('',(-0.0367057930793816,-0.0152408985214206,0.0997166666666667));
#3608=CARTESIAN_POINT('',(-0.0359254459514737,-0.015787303462802,0.0996583333333333));
#3609=CARTESIAN_POINT('',(-0.0351450988235659,-0.0163337084041833,0.0996));
#3610=CARTESIAN_POINT('',(-0.0352281258196016,-0.0172827113114125,0.0995416666666667));
#3611=CARTESIAN_POINT('',(-0.0353111528156373,-0.0182317142186416,0.0994833333333333));
#3612=CARTESIAN_POINT('',(-0.0361745269395808,-0.0186343121844893,0.099425));
#3613=CARTESIAN_POINT('',(-0.0370379010635244,-0.019036910150337,0.0993666666666666));
#3614=CARTESIAN_POINT('',(-0.0378182481914322,-0.0184905052089557,0.0993083333333333));
#3615=CARTESIAN_POINT('',(-0.03859859531934,-0.0179441002675743,0.09925));
#3616=CARTESIAN_POINT('',(-0.0385155683233043,-0.0169950973603452,0.0991916666666667));
#3617=CARTESIAN_POINT('',(-0.0384325413272687,-0.0160460944531161,0.0991333333333334));
#3618=CARTESIAN_POINT('',(-0.0375691672033252,-0.0156434964872684,0.099075));
#3619=CARTESIAN_POINT('',(-0.0367057930793816,-0.0152408985214206,0.0990166666666667));
#3620=CARTESIAN_POINT('',(-0.0359254459514738,-0.015787303462802,0.0989583333333333));
#3621=CARTESIAN_POINT('',(-0.0351450988235659,-0.0163337084041833,0.0989));
#3622=CARTESIAN_POINT('',(-0.0352281258196016,-0.0172827113114125,0.0988416666666667));
#3623=CARTESIAN_POINT('',(-0.0353111528156373,-0.0182317142186416,0.0987833333333333));
#3624=CARTESIAN_POINT('',(-0.0361745269395808,-0.0186343121844893,0.098725));
#3625=CARTESIAN_POINT('',(-0.0370379010635243,-0.019036910150337,0.0986666666666666));
#3626=CARTESIAN_POINT('',(-0.0378182481914322,-0.0184905052089557,0.0986083333333334));
#3627=CARTESIAN_POINT('',(-0.03859859531934,-0.0179441002675743,0.0985499999999999));
#3628=CARTESIAN_POINT('',(-0.0385155683233044,-0.0169950973603452,0.0984916666666667));
#3629=CARTESIAN_POINT('',(-0.0384325413272687,-0.0160460944531161,0.0984333333333334));
#3630=CARTESIAN_POINT('',(-0.0375691672033252,-0.0156434964872684,0.098375));
#3631=CARTESIAN_POINT('',(-0.0367057930793816,-0.0152408985214206,0.0983166666666667));
#3632=CARTESIAN_POINT('',(-0.0359254459514737,-0.015787303462802,0.0982583333333334));
#3633=CARTESIAN_POINT('',(-0.0351450988235659,-0.0163337084041833,0.0982));
#3634=CARTESIAN_POINT('',(-0.0352281258196016,-0.0172827113114125,0.0981416666666667));
#3635=CARTESIAN_POINT('',(-0.0353111528156373,-0.0182317142186416,0.0980833333333333));
#3636=CARTESIAN_POINT('',(-0.0361745269395808,-0.0186343121844893,0.098025));
#3637=CARTESIAN_POINT('',(-0.0370379010635244,-0.019036910150337,0.0979666666666666));
#3638=CARTESIAN_POINT('',(-0.0378182481914322,-0.0184905052089557,0.0979083333333333));
#3639=CARTESIAN_POINT('',(-0.03859859531934,-0.0179441002675743,0.09785));
#3640=CARTESIAN_POINT('',(-0.0385155683233043,-0.0169950973603452,0.0977916666666667));
#3641=CARTESIAN_POINT('',(-0.0384325413272687,-0.0160460944531161,0.0977333333333334));
#3642=CARTESIAN_POINT('',(-0.0375691672033252,-0.0156434964872684,0.097675));
#3643=CARTESIAN_POINT('',(-0.0367057930793816,-0.0152408985214206,0.0976166666666667));
#3644=CARTESIAN_POINT('',(-0.0359254459514738,-0.015787303462802,0.0975583333333333));
#3645=CARTESIAN_POINT('',(-0.0351450988235659,-0.0163337084041833,0.0975));
#3646=CARTESIAN_POINT('',(-0.0352281258196016,-0.0172827113114125,0.0974416666666667));
#3647=CARTESIAN_POINT('',(-0.0353111528156373,-0.0182317142186416,0.0973833333333333));
#3648=CARTESIAN_POINT('',(-0.0361745269395808,-0.0186343121844893,0.097325));
#3649=CARTESIAN_POINT('',(-0.0370379010635243,-0.019036910150337,0.0972666666666666));
#3650=CARTESIAN_POINT('',(-0.0378182481914322,-0.0184905052089557,0.0972083333333333));
#3651=CARTESIAN_POINT('',(-0.03859859531934,-0.0179441002675743,0.09715));
#3652=CARTESIAN_POINT('',(-0.0385155683233044,-0.0169950973603452,0.0970916666666667));
#3653=CARTESIAN_POINT('',(-0.0384325413272687,-0.0160460944531161,0.0970333333333334));
#3654=CARTESIAN_POINT('',(-0.0375691672033252,-0.0156434964872684,0.096975));
#3655=CARTESIAN_POINT('',(-0.0367057930793816,-0.0152408985214206,0.0969166666666667));
#3656=CARTESIAN_POINT('',(-0.0359254459514737,-0.015787303462802,0.0968583333333334));
#3657=CARTESIAN_POINT('',(-0.0351450988235659,-0.0163337084041833,0.0968));
#3658=CARTESIAN_POINT('',(-0.0352281258196016,-0.0172827113114125,0.0967416666666667));
#3659=CARTESIAN_POINT('',(-0.0353111528156373,-0.0182317142186416,0.0966833333333333));
#3660=CARTESIAN_POINT('',(-0.0361745269395808,-0.0186343121844893,0.096625));
#3661=CARTESIAN_POINT('',(-0.0370379010635243,-0.019036910150337,0.0965666666666666));
#3662=CARTESIAN_POINT('',(-0.0378182481914322,-0.0184905052089557,0.0965083333333333));
#3663=CARTESIAN_POINT('',(-0.03859859531934,-0.0179441002675743,0.09645));
#3664=CARTESIAN_POINT('',(-0.0385155683233043,-0.0169950973603452,0.0963916666666667));
#3665=CARTESIAN_POINT('',(-0.0384325413272687,-0.0160460944531161,0.0963333333333334));
#3666=CARTESIAN_POINT('',(-0.0375691672033252,-0.0156434964872684,0.096275));
#3667=CARTESIAN_POINT('',(-0.0377292913935876,-0.0153001090531096,0.10909375));
#3668=CARTESIAN_POINT('',(-0.0366676624420961,-0.01480506334291,0.109035416666667));
#3669=CARTESIAN_POINT('',(-0.0357081258052831,-0.0154769381291949,0.108977083333333));
#3670=CARTESIAN_POINT('',(-0.0347485891684701,-0.0161488129154798,0.10891875));
#3671=CARTESIAN_POINT('',(-0.0348506814831485,-0.0173157334119642,0.108860416666667));
#3672=CARTESIAN_POINT('',(-0.034952773797827,-0.0184826539084486,0.108802083333333));
#3673=CARTESIAN_POINT('',(-0.0360144027493184,-0.0189776996186481,0.10874375));
#3674=CARTESIAN_POINT('',(-0.0370760317008098,-0.0194727453288476,0.108685416666667));
#3675=CARTESIAN_POINT('',(-0.0380355683376229,-0.0188008705425627,0.108627083333333));
#3676=CARTESIAN_POINT('',(-0.0389951049744359,-0.0181289957562779,0.10856875));
#3677=CARTESIAN_POINT('',(-0.0388930126597574,-0.0169620752597935,0.108510416666667));
#3678=CARTESIAN_POINT('',(-0.038790920345079,-0.0157951547633091,0.108452083333333));
#3679=CARTESIAN_POINT('',(-0.0377292913935876,-0.0153001090531096,0.10839375));
#3680=CARTESIAN_POINT('',(-0.0366676624420961,-0.01480506334291,0.108335416666667));
#3681=CARTESIAN_POINT('',(-0.0357081258052831,-0.0154769381291949,0.108277083333333));
#3682=CARTESIAN_POINT('',(-0.0347485891684701,-0.0161488129154798,0.10821875));
#3683=CARTESIAN_POINT('',(-0.0348506814831485,-0.0173157334119642,0.108160416666667));
#3684=CARTESIAN_POINT('',(-0.0349527737978269,-0.0184826539084486,0.108102083333333));
#3685=CARTESIAN_POINT('',(-0.0360144027493184,-0.0189776996186481,0.10804375));
#3686=CARTESIAN_POINT('',(-0.0370760317008098,-0.0194727453288476,0.107985416666667));
#3687=CARTESIAN_POINT('',(-0.0380355683376229,-0.0188008705425627,0.107927083333333));
#3688=CARTESIAN_POINT('',(-0.0389951049744359,-0.0181289957562779,0.10786875));
#3689=CARTESIAN_POINT('',(-0.0388930126597574,-0.0169620752597935,0.107810416666667));
#3690=CARTESIAN_POINT('',(-0.0387909203450791,-0.0157951547633091,0.107752083333333));
#3691=CARTESIAN_POINT('',(-0.0377292913935876,-0.0153001090531096,0.10769375));
#3692=CARTESIAN_POINT('',(-0.0366676624420961,-0.01480506334291,0.107635416666667));
#3693=CARTESIAN_POINT('',(-0.0357081258052831,-0.0154769381291949,0.107577083333333));
#3694=CARTESIAN_POINT('',(-0.0347485891684701,-0.0161488129154798,0.10751875));
#3695=CARTESIAN_POINT('',(-0.0348506814831485,-0.0173157334119642,0.107460416666667));
#3696=CARTESIAN_POINT('',(-0.0349527737978269,-0.0184826539084486,0.107402083333333));
#3697=CARTESIAN_POINT('',(-0.0360144027493184,-0.0189776996186481,0.10734375));
#3698=CARTESIAN_POINT('',(-0.0370760317008098,-0.0194727453288476,0.107285416666667));
#3699=CARTESIAN_POINT('',(-0.0380355683376229,-0.0188008705425627,0.107227083333333));
#3700=CARTESIAN_POINT('',(-0.0389951049744359,-0.0181289957562779,0.10716875));
#3701=CARTESIAN_POINT('',(-0.0388930126597574,-0.0169620752597935,0.107110416666667));
#3702=CARTESIAN_POINT('',(-0.0387909203450791,-0.0157951547633091,0.107052083333333));
#3703=CARTESIAN_POINT('',(-0.0377292913935876,-0.0153001090531096,0.10699375));
#3704=CARTESIAN_POINT('',(-0.0366676624420961,-0.01480506334291,0.106935416666667));
#3705=CARTESIAN_POINT('',(-0.0357081258052831,-0.0154769381291949,0.106877083333333));
#3706=CARTESIAN_POINT('',(-0.0347485891684701,-0.0161488129154798,0.10681875));
#3707=CARTESIAN_POINT('',(-0.0348506814831485,-0.0173157334119642,0.106760416666667));
#3708=CARTESIAN_POINT('',(-0.0349527737978269,-0.0184826539084486,0.106702083333333));
#3709=CARTESIAN_POINT('',(-0.0360144027493184,-0.0189776996186481,0.10664375));
#3710=CARTESIAN_POINT('',(-0.0370760317008098,-0.0194727453288476,0.106585416666667));
#3711=CARTESIAN_POINT('',(-0.0380355683376229,-0.0188008705425627,0.106527083333333));
#3712=CARTESIAN_POINT('',(-0.0389951049744359,-0.0181289957562779,0.10646875));
#3713=CARTESIAN_POINT('',(-0.0388930126597574,-0.0169620752597935,0.106410416666667));
#3714=CARTESIAN_POINT('',(-0.0387909203450791,-0.0157951547633091,0.106352083333333));
#3715=CARTESIAN_POINT('',(-0.0377292913935876,-0.0153001090531096,0.10629375));
#3716=CARTESIAN_POINT('',(-0.0366676624420961,-0.01480506334291,0.106235416666667));
#3717=CARTESIAN_POINT('',(-0.0357081258052831,-0.0154769381291949,0.106177083333333));
#3718=CARTESIAN_POINT('',(-0.0347485891684701,-0.0161488129154798,0.10611875));
#3719=CARTESIAN_POINT('',(-0.0348506814831485,-0.0173157334119642,0.106060416666667));
#3720=CARTESIAN_POINT('',(-0.0349527737978269,-0.0184826539084486,0.106002083333333));
#3721=CARTESIAN_POINT('',(-0.0360144027493184,-0.0189776996186481,0.10594375));
#3722=CARTESIAN_POINT('',(-0.0370760317008098,-0.0194727453288476,0.105885416666667));
#3723=CARTESIAN_POINT('',(-0.0380355683376229,-0.0188008705425627,0.105827083333333));
#3724=CARTESIAN_POINT('',(-0.0389951049744359,-0.0181289957562779,0.10576875));
#3725=CARTESIAN_POINT('',(-0.0388930126597574,-0.0169620752597935,0.105710416666667));
#3726=CARTESIAN_POINT('',(-0.0387909203450791,-0.0157951547633091,0.105652083333333));
#3727=CARTESIAN_POINT('',(-0.0377292913935876,-0.0153001090531096,0.10559375));
#3728=CARTESIAN_POINT('',(-0.0366676624420961,-0.01480506334291,0.105535416666667));
#3729=CARTESIAN_POINT('',(-0.0357081258052831,-0.0154769381291949,0.105477083333333));
#3730=CARTESIAN_POINT('',(-0.0347485891684701,-0.0161488129154798,0.10541875));
#3731=CARTESIAN_POINT('',(-0.0348506814831485,-0.0173157334119642,0.105360416666667));
#3732=CARTESIAN_POINT('',(-0.0349527737978269,-0.0184826539084486,0.105302083333333));
#3733=CARTESIAN_POINT('',(-0.0360144027493184,-0.0189776996186481,0.10524375));
#3734=CARTESIAN_POINT('',(-0.0370760317008098,-0.0194727453288476,0.105185416666667));
#3735=CARTESIAN_POINT('',(-0.0380355683376229,-0.0188008705425627,0.105127083333333));
#3736=CARTESIAN_POINT('',(-0.0389951049744359,-0.0181289957562779,0.10506875));
#3737=CARTESIAN_POINT('',(-0.0388930126597574,-0.0169620752597935,0.105010416666667));
#3738=CARTESIAN_POINT('',(-0.0387909203450791,-0.0157951547633091,0.104952083333333));
#3739=CARTESIAN_POINT('',(-0.0377292913935876,-0.0153001090531096,0.10489375));
#3740=CARTESIAN_POINT('',(-0.0366676624420961,-0.01480506334291,0.104835416666667));
#3741=CARTESIAN_POINT('',(-0.0357081258052831,-0.0154769381291949,0.104777083333333));
#3742=CARTESIAN_POINT('',(-0.0347485891684701,-0.0161488129154798,0.10471875));
#3743=CARTESIAN_POINT('',(-0.0348506814831485,-0.0173157334119642,0.104660416666667));
#3744=CARTESIAN_POINT('',(-0.0349527737978269,-0.0184826539084486,0.104602083333333));
#3745=CARTESIAN_POINT('',(-0.0360144027493184,-0.0189776996186481,0.10454375));
#3746=CARTESIAN_POINT('',(-0.0370760317008098,-0.0194727453288476,0.104485416666667));
#3747=CARTESIAN_POINT('',(-0.0380355683376229,-0.0188008705425627,0.104427083333333));
#3748=CARTESIAN_POINT('',(-0.0389951049744359,-0.0181289957562779,0.10436875));
#3749=CARTESIAN_POINT('',(-0.0388930126597574,-0.0169620752597935,0.104310416666667));
#3750=CARTESIAN_POINT('',(-0.0387909203450791,-0.0157951547633091,0.104252083333333));
#3751=CARTESIAN_POINT('',(-0.0377292913935876,-0.0153001090531096,0.10419375));
#3752=CARTESIAN_POINT('',(-0.0366676624420961,-0.01480506334291,0.104135416666667));
#3753=CARTESIAN_POINT('',(-0.0357081258052831,-0.0154769381291949,0.104077083333333));
#3754=CARTESIAN_POINT('',(-0.0347485891684701,-0.0161488129154798,0.10401875));
#3755=CARTESIAN_POINT('',(-0.0348506814831485,-0.0173157334119642,0.103960416666667));
#3756=CARTESIAN_POINT('',(-0.0349527737978269,-0.0184826539084486,0.103902083333333));
#3757=CARTESIAN_POINT('',(-0.0360144027493184,-0.0189776996186481,0.10384375));
#3758=CARTESIAN_POINT('',(-0.0370760317008098,-0.0194727453288476,0.103785416666667));
#3759=CARTESIAN_POINT('',(-0.0380355683376229,-0.0188008705425627,0.103727083333333));
#3760=CARTESIAN_POINT('',(-0.0389951049744359,-0.0181289957562779,0.10366875));
#3761=CARTESIAN_POINT('',(-0.0388930126597574,-0.0169620752597935,0.103610416666667));
#3762=CARTESIAN_POINT('',(-0.0387909203450791,-0.0157951547633091,0.103552083333333));
#3763=CARTESIAN_POINT('',(-0.0377292913935876,-0.0153001090531096,0.10349375));
#3764=CARTESIAN_POINT('',(-0.0366676624420961,-0.01480506334291,0.103435416666667));
#3765=CARTESIAN_POINT('',(-0.0357081258052831,-0.0154769381291949,0.103377083333333));
#3766=CARTESIAN_POINT('',(-0.0347485891684701,-0.0161488129154798,0.10331875));
#3767=CARTESIAN_POINT('',(-0.0348506814831485,-0.0173157334119642,0.103260416666667));
#3768=CARTESIAN_POINT('',(-0.0349527737978269,-0.0184826539084486,0.103202083333333));
#3769=CARTESIAN_POINT('',(-0.0360144027493184,-0.0189776996186481,0.10314375));
#3770=CARTESIAN_POINT('',(-0.0370760317008098,-0.0194727453288476,0.103085416666667));
#3771=CARTESIAN_POINT('',(-0.0380355683376229,-0.0188008705425627,0.103027083333333));
#3772=CARTESIAN_POINT('',(-0.0389951049744359,-0.0181289957562779,0.10296875));
#3773=CARTESIAN_POINT('',(-0.0388930126597574,-0.0169620752597935,0.102910416666667));
#3774=CARTESIAN_POINT('',(-0.0387909203450791,-0.0157951547633091,0.102852083333333));
#3775=CARTESIAN_POINT('',(-0.0377292913935876,-0.0153001090531096,0.10279375));
#3776=CARTESIAN_POINT('',(-0.0366676624420961,-0.01480506334291,0.102735416666667));
#3777=CARTESIAN_POINT('',(-0.0357081258052831,-0.0154769381291949,0.102677083333333));
#3778=CARTESIAN_POINT('',(-0.0347485891684701,-0.0161488129154798,0.10261875));
#3779=CARTESIAN_POINT('',(-0.0348506814831485,-0.0173157334119642,0.102560416666667));
#3780=CARTESIAN_POINT('',(-0.0349527737978269,-0.0184826539084486,0.102502083333333));
#3781=CARTESIAN_POINT('',(-0.0360144027493184,-0.0189776996186481,0.10244375));
#3782=CARTESIAN_POINT('',(-0.0370760317008098,-0.0194727453288476,0.102385416666667));
#3783=CARTESIAN_POINT('',(-0.0380355683376229,-0.0188008705425627,0.102327083333333));
#3784=CARTESIAN_POINT('',(-0.0389951049744359,-0.0181289957562779,0.10226875));
#3785=CARTESIAN_POINT('',(-0.0388930126597574,-0.0169620752597935,0.102210416666667));
#3786=CARTESIAN_POINT('',(-0.0387909203450791,-0.0157951547633091,0.102152083333333));
#3787=CARTESIAN_POINT('',(-0.0377292913935876,-0.0153001090531096,0.10209375));
#3788=CARTESIAN_POINT('',(-0.0366676624420961,-0.01480506334291,0.102035416666667));
#3789=CARTESIAN_POINT('',(-0.0357081258052831,-0.0154769381291949,0.101977083333333));
#3790=CARTESIAN_POINT('',(-0.0347485891684701,-0.0161488129154798,0.10191875));
#3791=CARTESIAN_POINT('',(-0.0348506814831485,-0.0173157334119642,0.101860416666667));
#3792=CARTESIAN_POINT('',(-0.0349527737978269,-0.0184826539084486,0.101802083333333));
#3793=CARTESIAN_POINT('',(-0.0360144027493184,-0.0189776996186481,0.10174375));
#3794=CARTESIAN_POINT('',(-0.0370760317008098,-0.0194727453288476,0.101685416666667));
#3795=CARTESIAN_POINT('',(-0.0380355683376229,-0.0188008705425627,0.101627083333333));
#3796=CARTESIAN_POINT('',(-0.0389951049744359,-0.0181289957562779,0.10156875));
#3797=CARTESIAN_POINT('',(-0.0388930126597574,-0.0169620752597935,0.101510416666667));
#3798=CARTESIAN_POINT('',(-0.0387909203450791,-0.0157951547633091,0.101452083333333));
#3799=CARTESIAN_POINT('',(-0.0377292913935876,-0.0153001090531096,0.10139375));
#3800=CARTESIAN_POINT('',(-0.0366676624420961,-0.01480506334291,0.101335416666667));
#3801=CARTESIAN_POINT('',(-0.0357081258052831,-0.0154769381291949,0.101277083333333));
#3802=CARTESIAN_POINT('',(-0.0347485891684701,-0.0161488129154798,0.10121875));
#3803=CARTESIAN_POINT('',(-0.0348506814831485,-0.0173157334119642,0.101160416666667));
#3804=CARTESIAN_POINT('',(-0.0349527737978269,-0.0184826539084486,0.101102083333333));
#3805=CARTESIAN_POINT('',(-0.0360144027493184,-0.0189776996186481,0.10104375));
#3806=CARTESIAN_POINT('',(-0.0370760317008098,-0.0194727453288476,0.100985416666667));
#3807=CARTESIAN_POINT('',(-0.0380355683376229,-0.0188008705425627,0.100927083333333));
#3808=CARTESIAN_POINT('',(-0.0389951049744359,-0.0181289957562779,0.10086875));
#3809=CARTESIAN_POINT('',(-0.0388930126597574,-0.0169620752597935,0.100810416666667));
#3810=CARTESIAN_POINT('',(-0.0387909203450791,-0.0157951547633091,0.100752083333333));
#3811=CARTESIAN_POINT('',(-0.0377292913935876,-0.0153001090531096,0.10069375));
#3812=CARTESIAN_POINT('',(-0.0366676624420962,-0.01480506334291,0.100635416666667));
#3813=CARTESIAN_POINT('',(-0.0357081258052831,-0.0154769381291949,0.100577083333333));
#3814=CARTESIAN_POINT('',(-0.0347485891684701,-0.0161488129154798,0.10051875));
#3815=CARTESIAN_POINT('',(-0.0348506814831485,-0.0173157334119642,0.100460416666667));
#3816=CARTESIAN_POINT('',(-0.0349527737978269,-0.0184826539084486,0.100402083333333));
#3817=CARTESIAN_POINT('',(-0.0360144027493184,-0.0189776996186481,0.10034375));
#3818=CARTESIAN_POINT('',(-0.0370760317008098,-0.0194727453288476,0.100285416666667));
#3819=CARTESIAN_POINT('',(-0.0380355683376229,-0.0188008705425627,0.100227083333333));
#3820=CARTESIAN_POINT('',(-0.0389951049744359,-0.0181289957562779,0.10016875));
#3821=CARTESIAN_POINT('',(-0.0388930126597574,-0.0169620752597935,0.100110416666667));
#3822=CARTESIAN_POINT('',(-0.0387909203450791,-0.0157951547633091,0.100052083333333));
#3823=CARTESIAN_POINT('',(-0.0377292913935876,-0.0153001090531096,0.09999375));
#3824=CARTESIAN_POINT('',(-0.0366676624420961,-0.01480506334291,0.0999354166666666));
#3825=CARTESIAN_POINT('',(-0.0357081258052831,-0.0154769381291949,0.0998770833333334));
#3826=CARTESIAN_POINT('',(-0.0347485891684701,-0.0161488129154797,0.09981875));
#3827=CARTESIAN_POINT('',(-0.0348506814831485,-0.0173157334119642,0.0997604166666667));
#3828=CARTESIAN_POINT('',(-0.0349527737978269,-0.0184826539084486,0.0997020833333334));
#3829=CARTESIAN_POINT('',(-0.0360144027493184,-0.0189776996186481,0.09964375));
#3830=CARTESIAN_POINT('',(-0.0370760317008098,-0.0194727453288476,0.0995854166666667));
#3831=CARTESIAN_POINT('',(-0.0380355683376229,-0.0188008705425627,0.0995270833333333));
#3832=CARTESIAN_POINT('',(-0.0389951049744359,-0.0181289957562779,0.09946875));
#3833=CARTESIAN_POINT('',(-0.0388930126597574,-0.0169620752597935,0.0994104166666667));
#3834=CARTESIAN_POINT('',(-0.0387909203450791,-0.0157951547633091,0.0993520833333333));
#3835=CARTESIAN_POINT('',(-0.0377292913935876,-0.0153001090531096,0.09929375));
#3836=CARTESIAN_POINT('',(-0.0366676624420962,-0.01480506334291,0.0992354166666666));
#3837=CARTESIAN_POINT('',(-0.0357081258052831,-0.0154769381291949,0.0991770833333333));
#3838=CARTESIAN_POINT('',(-0.0347485891684701,-0.0161488129154798,0.0991187500000001));
#3839=CARTESIAN_POINT('',(-0.0348506814831485,-0.0173157334119642,0.0990604166666667));
#3840=CARTESIAN_POINT('',(-0.0349527737978269,-0.0184826539084486,0.0990020833333334));
#3841=CARTESIAN_POINT('',(-0.0360144027493184,-0.0189776996186481,0.09894375));
#3842=CARTESIAN_POINT('',(-0.0370760317008098,-0.0194727453288476,0.0988854166666667));
#3843=CARTESIAN_POINT('',(-0.0380355683376229,-0.0188008705425627,0.0988270833333333));
#3844=CARTESIAN_POINT('',(-0.0389951049744359,-0.0181289957562779,0.09876875));
#3845=CARTESIAN_POINT('',(-0.0388930126597574,-0.0169620752597935,0.0987104166666667));
#3846=CARTESIAN_POINT('',(-0.0387909203450791,-0.0157951547633091,0.0986520833333333));
#3847=CARTESIAN_POINT('',(-0.0377292913935876,-0.0153001090531096,0.09859375));
#3848=CARTESIAN_POINT('',(-0.0366676624420961,-0.01480506334291,0.0985354166666666));
#3849=CARTESIAN_POINT('',(-0.0357081258052831,-0.0154769381291949,0.0984770833333334));
#3850=CARTESIAN_POINT('',(-0.0347485891684701,-0.0161488129154797,0.0984187499999999));
#3851=CARTESIAN_POINT('',(-0.0348506814831485,-0.0173157334119642,0.0983604166666667));
#3852=CARTESIAN_POINT('',(-0.0349527737978269,-0.0184826539084486,0.0983020833333334));
#3853=CARTESIAN_POINT('',(-0.0360144027493184,-0.0189776996186481,0.09824375));
#3854=CARTESIAN_POINT('',(-0.0370760317008098,-0.0194727453288476,0.0981854166666667));
#3855=CARTESIAN_POINT('',(-0.0380355683376229,-0.0188008705425627,0.0981270833333334));
#3856=CARTESIAN_POINT('',(-0.0389951049744359,-0.0181289957562779,0.09806875));
#3857=CARTESIAN_POINT('',(-0.0388930126597574,-0.0169620752597935,0.0980104166666667));
#3858=CARTESIAN_POINT('',(-0.0387909203450791,-0.0157951547633091,0.0979520833333333));
#3859=CARTESIAN_POINT('',(-0.0377292913935876,-0.0153001090531096,0.09789375));
#3860=CARTESIAN_POINT('',(-0.0366676624420962,-0.01480506334291,0.0978354166666666));
#3861=CARTESIAN_POINT('',(-0.0357081258052831,-0.0154769381291949,0.0977770833333333));
#3862=CARTESIAN_POINT('',(-0.0347485891684701,-0.0161488129154798,0.09771875));
#3863=CARTESIAN_POINT('',(-0.0348506814831485,-0.0173157334119642,0.0976604166666667));
#3864=CARTESIAN_POINT('',(-0.0349527737978269,-0.0184826539084486,0.0976020833333334));
#3865=CARTESIAN_POINT('',(-0.0360144027493184,-0.0189776996186481,0.09754375));
#3866=CARTESIAN_POINT('',(-0.0370760317008098,-0.0194727453288476,0.0974854166666667));
#3867=CARTESIAN_POINT('',(-0.0380355683376229,-0.0188008705425627,0.0974270833333333));
#3868=CARTESIAN_POINT('',(-0.0389951049744359,-0.0181289957562779,0.09736875));
#3869=CARTESIAN_POINT('',(-0.0388930126597574,-0.0169620752597935,0.0973104166666667));
#3870=CARTESIAN_POINT('',(-0.0387909203450791,-0.0157951547633091,0.0972520833333333));
#3871=CARTESIAN_POINT('',(-0.0377292913935876,-0.0153001090531096,0.09719375));
#3872=CARTESIAN_POINT('',(-0.0366676624420961,-0.01480506334291,0.0971354166666667));
#3873=CARTESIAN_POINT('',(-0.0357081258052831,-0.0154769381291949,0.0970770833333334));
#3874=CARTESIAN_POINT('',(-0.0347485891684701,-0.0161488129154797,0.09701875));
#3875=CARTESIAN_POINT('',(-0.0348506814831485,-0.0173157334119642,0.0969604166666667));
#3876=CARTESIAN_POINT('',(-0.0349527737978269,-0.0184826539084486,0.0969020833333333));
#3877=CARTESIAN_POINT('',(-0.0360144027493184,-0.0189776996186481,0.09684375));
#3878=CARTESIAN_POINT('',(-0.0370760317008098,-0.0194727453288476,0.0967854166666667));
#3879=CARTESIAN_POINT('',(-0.0380355683376229,-0.0188008705425627,0.0967270833333334));
#3880=CARTESIAN_POINT('',(-0.0389951049744359,-0.0181289957562779,0.09666875));
#3881=CARTESIAN_POINT('',(-0.0388930126597574,-0.0169620752597935,0.0966104166666667));
#3882=CARTESIAN_POINT('',(-0.0387909203450791,-0.0157951547633091,0.0965520833333333));
#3883=CARTESIAN_POINT('',(-0.0377292913935876,-0.0153001090531096,0.09649375));
#3884=CARTESIAN_POINT('',(-0.0357695362712061,-0.0188422216161159,0.108058207744914));
#3885=CARTESIAN_POINT('',(-0.0358872867085794,-0.0189184244353772,0.108050734645969));
#3886=CARTESIAN_POINT('',(-0.0360144027493184,-0.0189776996186481,0.10804375));
#3887=CARTESIAN_POINT('',(-0.0370760317008098,-0.0194727453288476,0.107985416666667));
#3888=CARTESIAN_POINT('',(-0.0380355683376229,-0.0188008705425627,0.107927083333333));
#3889=CARTESIAN_POINT('',(-0.0389951049744359,-0.0181289957562779,0.10786875));
#3890=CARTESIAN_POINT('',(-0.0388930126597574,-0.0169620752597935,0.107810416666667));
#3891=CARTESIAN_POINT('',(-0.038790920345079,-0.0157951547633091,0.107752083333333));
#3892=CARTESIAN_POINT('',(-0.0377292913935876,-0.0153001090531096,0.10769375));
#3893=CARTESIAN_POINT('',(-0.0366676624420961,-0.01480506334291,0.107635416666667));
#3894=CARTESIAN_POINT('',(-0.0357081258052831,-0.0154769381291949,0.107577083333333));
#3895=CARTESIAN_POINT('',(-0.0347485891684701,-0.0161488129154798,0.10751875));
#3896=CARTESIAN_POINT('',(-0.0348506814831485,-0.0173157334119642,0.107460416666667));
#3897=CARTESIAN_POINT('',(-0.034952773797827,-0.0184826539084486,0.107402083333333));
#3898=CARTESIAN_POINT('',(-0.0360144027493184,-0.0189776996186481,0.10734375));
#3899=CARTESIAN_POINT('',(-0.0370760317008098,-0.0194727453288476,0.107285416666667));
#3900=CARTESIAN_POINT('',(-0.0380355683376229,-0.0188008705425627,0.107227083333333));
#3901=CARTESIAN_POINT('',(-0.0389951049744359,-0.0181289957562779,0.10716875));
#3902=CARTESIAN_POINT('',(-0.0388930126597574,-0.0169620752597935,0.107110416666667));
#3903=CARTESIAN_POINT('',(-0.038790920345079,-0.0157951547633091,0.107052083333333));
#3904=CARTESIAN_POINT('',(-0.0377292913935876,-0.0153001090531096,0.10699375));
#3905=CARTESIAN_POINT('',(-0.0366676624420961,-0.01480506334291,0.106935416666667));
#3906=CARTESIAN_POINT('',(-0.0357081258052831,-0.0154769381291949,0.106877083333333));
#3907=CARTESIAN_POINT('',(-0.0347485891684701,-0.0161488129154798,0.10681875));
#3908=CARTESIAN_POINT('',(-0.0348506814831485,-0.0173157334119642,0.106760416666667));
#3909=CARTESIAN_POINT('',(-0.034952773797827,-0.0184826539084486,0.106702083333333));
#3910=CARTESIAN_POINT('',(-0.0360144027493184,-0.0189776996186481,0.10664375));
#3911=CARTESIAN_POINT('',(-0.0370760317008098,-0.0194727453288476,0.106585416666667));
#3912=CARTESIAN_POINT('',(-0.0380355683376229,-0.0188008705425627,0.106527083333333));
#3913=CARTESIAN_POINT('',(-0.0389951049744359,-0.0181289957562779,0.10646875));
#3914=CARTESIAN_POINT('',(-0.0388930126597574,-0.0169620752597935,0.106410416666667));
#3915=CARTESIAN_POINT('',(-0.038790920345079,-0.0157951547633091,0.106352083333333));
#3916=CARTESIAN_POINT('',(-0.0377292913935876,-0.0153001090531096,0.10629375));
#3917=CARTESIAN_POINT('',(-0.0366676624420961,-0.01480506334291,0.106235416666667));
#3918=CARTESIAN_POINT('',(-0.0357081258052831,-0.0154769381291949,0.106177083333333));
#3919=CARTESIAN_POINT('',(-0.0347485891684701,-0.0161488129154798,0.10611875));
#3920=CARTESIAN_POINT('',(-0.0348506814831485,-0.0173157334119642,0.106060416666667));
#3921=CARTESIAN_POINT('',(-0.034952773797827,-0.0184826539084486,0.106002083333333));
#3922=CARTESIAN_POINT('',(-0.0360144027493184,-0.0189776996186481,0.10594375));
#3923=CARTESIAN_POINT('',(-0.0370760317008098,-0.0194727453288476,0.105885416666667));
#3924=CARTESIAN_POINT('',(-0.0380355683376229,-0.0188008705425627,0.105827083333333));
#3925=CARTESIAN_POINT('',(-0.0389951049744359,-0.0181289957562779,0.10576875));
#3926=CARTESIAN_POINT('',(-0.0388930126597574,-0.0169620752597935,0.105710416666667));
#3927=CARTESIAN_POINT('',(-0.038790920345079,-0.0157951547633091,0.105652083333333));
#3928=CARTESIAN_POINT('',(-0.0377292913935876,-0.0153001090531096,0.10559375));
#3929=CARTESIAN_POINT('',(-0.0366676624420961,-0.01480506334291,0.105535416666667));
#3930=CARTESIAN_POINT('',(-0.0357081258052831,-0.0154769381291949,0.105477083333333));
#3931=CARTESIAN_POINT('',(-0.0347485891684701,-0.0161488129154798,0.10541875));
#3932=CARTESIAN_POINT('',(-0.0348506814831485,-0.0173157334119642,0.105360416666667));
#3933=CARTESIAN_POINT('',(-0.034952773797827,-0.0184826539084486,0.105302083333333));
#3934=CARTESIAN_POINT('',(-0.0360144027493184,-0.0189776996186481,0.10524375));
#3935=CARTESIAN_POINT('',(-0.0370760317008098,-0.0194727453288476,0.105185416666667));
#3936=CARTESIAN_POINT('',(-0.0380355683376229,-0.0188008705425627,0.105127083333333));
#3937=CARTESIAN_POINT('',(-0.0389951049744359,-0.0181289957562779,0.10506875));
#3938=CARTESIAN_POINT('',(-0.0388930126597574,-0.0169620752597935,0.105010416666667));
#3939=CARTESIAN_POINT('',(-0.038790920345079,-0.0157951547633091,0.104952083333333));
#3940=CARTESIAN_POINT('',(-0.0377292913935876,-0.0153001090531096,0.10489375));
#3941=CARTESIAN_POINT('',(-0.0366676624420961,-0.01480506334291,0.104835416666667));
#3942=CARTESIAN_POINT('',(-0.0357081258052831,-0.0154769381291949,0.104777083333333));
#3943=CARTESIAN_POINT('',(-0.0347485891684701,-0.0161488129154798,0.10471875));
#3944=CARTESIAN_POINT('',(-0.0348506814831485,-0.0173157334119642,0.104660416666667));
#3945=CARTESIAN_POINT('',(-0.034952773797827,-0.0184826539084486,0.104602083333333));
#3946=CARTESIAN_POINT('',(-0.0360144027493184,-0.0189776996186481,0.10454375));
#3947=CARTESIAN_POINT('',(-0.0370760317008098,-0.0194727453288476,0.104485416666667));
#3948=CARTESIAN_POINT('',(-0.0380355683376229,-0.0188008705425627,0.104427083333333));
#3949=CARTESIAN_POINT('',(-0.0389951049744359,-0.0181289957562779,0.10436875));
#3950=CARTESIAN_POINT('',(-0.0388930126597574,-0.0169620752597935,0.104310416666667));
#3951=CARTESIAN_POINT('',(-0.038790920345079,-0.0157951547633091,0.104252083333333));
#3952=CARTESIAN_POINT('',(-0.0377292913935876,-0.0153001090531096,0.10419375));
#3953=CARTESIAN_POINT('',(-0.0366676624420961,-0.01480506334291,0.104135416666667));
#3954=CARTESIAN_POINT('',(-0.0357081258052831,-0.0154769381291949,0.104077083333333));
#3955=CARTESIAN_POINT('',(-0.0347485891684701,-0.0161488129154798,0.10401875));
#3956=CARTESIAN_POINT('',(-0.0348506814831485,-0.0173157334119642,0.103960416666667));
#3957=CARTESIAN_POINT('',(-0.034952773797827,-0.0184826539084486,0.103902083333333));
#3958=CARTESIAN_POINT('',(-0.0360144027493184,-0.0189776996186481,0.10384375));
#3959=CARTESIAN_POINT('',(-0.0370760317008098,-0.0194727453288476,0.103785416666667));
#3960=CARTESIAN_POINT('',(-0.0380355683376229,-0.0188008705425627,0.103727083333333));
#3961=CARTESIAN_POINT('',(-0.0389951049744359,-0.0181289957562779,0.10366875));
#3962=CARTESIAN_POINT('',(-0.0388930126597574,-0.0169620752597935,0.103610416666667));
#3963=CARTESIAN_POINT('',(-0.038790920345079,-0.0157951547633091,0.103552083333333));
#3964=CARTESIAN_POINT('',(-0.0377292913935876,-0.0153001090531096,0.10349375));
#3965=CARTESIAN_POINT('',(-0.0366676624420961,-0.01480506334291,0.103435416666667));
#3966=CARTESIAN_POINT('',(-0.0357081258052831,-0.0154769381291949,0.103377083333333));
#3967=CARTESIAN_POINT('',(-0.0347485891684701,-0.0161488129154798,0.10331875));
#3968=CARTESIAN_POINT('',(-0.0348506814831485,-0.0173157334119642,0.103260416666667));
#3969=CARTESIAN_POINT('',(-0.034952773797827,-0.0184826539084486,0.103202083333333));
#3970=CARTESIAN_POINT('',(-0.0360144027493184,-0.0189776996186481,0.10314375));
#3971=CARTESIAN_POINT('',(-0.0370760317008098,-0.0194727453288476,0.103085416666667));
#3972=CARTESIAN_POINT('',(-0.0380355683376229,-0.0188008705425627,0.103027083333333));
#3973=CARTESIAN_POINT('',(-0.0389951049744359,-0.0181289957562779,0.10296875));
#3974=CARTESIAN_POINT('',(-0.0388930126597574,-0.0169620752597935,0.102910416666667));
#3975=CARTESIAN_POINT('',(-0.038790920345079,-0.0157951547633091,0.102852083333333));
#3976=CARTESIAN_POINT('',(-0.0377292913935876,-0.0153001090531096,0.10279375));
#3977=CARTESIAN_POINT('',(-0.0366676624420961,-0.01480506334291,0.102735416666667));
#3978=CARTESIAN_POINT('',(-0.0357081258052831,-0.0154769381291949,0.102677083333333));
#3979=CARTESIAN_POINT('',(-0.0347485891684701,-0.0161488129154798,0.10261875));
#3980=CARTESIAN_POINT('',(-0.0348506814831485,-0.0173157334119642,0.102560416666667));
#3981=CARTESIAN_POINT('',(-0.034952773797827,-0.0184826539084486,0.102502083333333));
#3982=CARTESIAN_POINT('',(-0.0360144027493184,-0.0189776996186481,0.10244375));
#3983=CARTESIAN_POINT('',(-0.0370760317008098,-0.0194727453288476,0.102385416666667));
#3984=CARTESIAN_POINT('',(-0.0380355683376229,-0.0188008705425627,0.102327083333333));
#3985=CARTESIAN_POINT('',(-0.0389951049744359,-0.0181289957562779,0.10226875));
#3986=CARTESIAN_POINT('',(-0.0388930126597574,-0.0169620752597935,0.102210416666667));
#3987=CARTESIAN_POINT('',(-0.038790920345079,-0.0157951547633091,0.102152083333333));
#3988=CARTESIAN_POINT('',(-0.0377292913935876,-0.0153001090531096,0.10209375));
#3989=CARTESIAN_POINT('',(-0.0366676624420961,-0.01480506334291,0.102035416666667));
#3990=CARTESIAN_POINT('',(-0.0357081258052831,-0.0154769381291949,0.101977083333333));
#3991=CARTESIAN_POINT('',(-0.0347485891684701,-0.0161488129154798,0.10191875));
#3992=CARTESIAN_POINT('',(-0.0348506814831485,-0.0173157334119642,0.101860416666667));
#3993=CARTESIAN_POINT('',(-0.034952773797827,-0.0184826539084486,0.101802083333333));
#3994=CARTESIAN_POINT('',(-0.0360144027493184,-0.0189776996186481,0.10174375));
#3995=CARTESIAN_POINT('',(-0.0370760317008098,-0.0194727453288476,0.101685416666667));
#3996=CARTESIAN_POINT('',(-0.0380355683376229,-0.0188008705425627,0.101627083333333));
#3997=CARTESIAN_POINT('',(-0.0389951049744359,-0.0181289957562779,0.10156875));
#3998=CARTESIAN_POINT('',(-0.0388930126597574,-0.0169620752597935,0.101510416666667));
#3999=CARTESIAN_POINT('',(-0.038790920345079,-0.0157951547633091,0.101452083333333));
#4000=CARTESIAN_POINT('',(-0.0377292913935876,-0.0153001090531096,0.10139375));
#4001=CARTESIAN_POINT('',(-0.0366676624420961,-0.01480506334291,0.101335416666667));
#4002=CARTESIAN_POINT('',(-0.0357081258052831,-0.0154769381291949,0.101277083333333));
#4003=CARTESIAN_POINT('',(-0.0347485891684701,-0.0161488129154798,0.10121875));
#4004=CARTESIAN_POINT('',(-0.0348506814831485,-0.0173157334119642,0.101160416666667));
#4005=CARTESIAN_POINT('',(-0.034952773797827,-0.0184826539084486,0.101102083333333));
#4006=CARTESIAN_POINT('',(-0.0360144027493184,-0.0189776996186481,0.10104375));
#4007=CARTESIAN_POINT('',(-0.0370760317008098,-0.0194727453288476,0.100985416666667));
#4008=CARTESIAN_POINT('',(-0.0380355683376229,-0.0188008705425627,0.100927083333333));
#4009=CARTESIAN_POINT('',(-0.0389951049744359,-0.0181289957562779,0.10086875));
#4010=CARTESIAN_POINT('',(-0.0388930126597574,-0.0169620752597935,0.100810416666667));
#4011=CARTESIAN_POINT('',(-0.038790920345079,-0.0157951547633091,0.100752083333333));
#4012=CARTESIAN_POINT('',(-0.0377292913935876,-0.0153001090531096,0.10069375));
#4013=CARTESIAN_POINT('',(-0.0366676624420961,-0.01480506334291,0.100635416666667));
#4014=CARTESIAN_POINT('',(-0.0357081258052831,-0.0154769381291949,0.100577083333333));
#4015=CARTESIAN_POINT('',(-0.0347485891684701,-0.0161488129154798,0.10051875));
#4016=CARTESIAN_POINT('',(-0.0348506814831485,-0.0173157334119642,0.100460416666667));
#4017=CARTESIAN_POINT('',(-0.034952773797827,-0.0184826539084486,0.100402083333333));
#4018=CARTESIAN_POINT('',(-0.0360144027493184,-0.0189776996186481,0.10034375));
#4019=CARTESIAN_POINT('',(-0.0370760317008098,-0.0194727453288476,0.100285416666667));
#4020=CARTESIAN_POINT('',(-0.0380355683376229,-0.0188008705425627,0.100227083333333));
#4021=CARTESIAN_POINT('',(-0.0389951049744359,-0.0181289957562779,0.10016875));
#4022=CARTESIAN_POINT('',(-0.0388930126597574,-0.0169620752597935,0.100110416666667));
#4023=CARTESIAN_POINT('',(-0.038790920345079,-0.0157951547633091,0.100052083333333));
#4024=CARTESIAN_POINT('',(-0.0377292913935876,-0.0153001090531096,0.09999375));
#4025=CARTESIAN_POINT('',(-0.0366676624420961,-0.01480506334291,0.0999354166666666));
#4026=CARTESIAN_POINT('',(-0.0357081258052831,-0.0154769381291949,0.0998770833333334));
#4027=CARTESIAN_POINT('',(-0.0347485891684701,-0.0161488129154798,0.09981875));
#4028=CARTESIAN_POINT('',(-0.0348506814831485,-0.0173157334119642,0.0997604166666667));
#4029=CARTESIAN_POINT('',(-0.034952773797827,-0.0184826539084486,0.0997020833333334));
#4030=CARTESIAN_POINT('',(-0.0360144027493184,-0.0189776996186481,0.09964375));
#4031=CARTESIAN_POINT('',(-0.0370760317008098,-0.0194727453288476,0.0995854166666667));
#4032=CARTESIAN_POINT('',(-0.0380355683376229,-0.0188008705425627,0.0995270833333333));
#4033=CARTESIAN_POINT('',(-0.0389951049744359,-0.0181289957562779,0.09946875));
#4034=CARTESIAN_POINT('',(-0.0388930126597574,-0.0169620752597935,0.0994104166666667));
#4035=CARTESIAN_POINT('',(-0.038790920345079,-0.0157951547633091,0.0993520833333333));
#4036=CARTESIAN_POINT('',(-0.0377292913935876,-0.0153001090531096,0.09929375));
#4037=CARTESIAN_POINT('',(-0.0366676624420961,-0.01480506334291,0.0992354166666666));
#4038=CARTESIAN_POINT('',(-0.0357081258052831,-0.0154769381291949,0.0991770833333333));
#4039=CARTESIAN_POINT('',(-0.0347485891684701,-0.0161488129154798,0.0991187500000001));
#4040=CARTESIAN_POINT('',(-0.0348506814831485,-0.0173157334119642,0.0990604166666667));
#4041=CARTESIAN_POINT('',(-0.034952773797827,-0.0184826539084486,0.0990020833333334));
#4042=CARTESIAN_POINT('',(-0.0360144027493184,-0.0189776996186481,0.09894375));
#4043=CARTESIAN_POINT('',(-0.0370760317008098,-0.0194727453288476,0.0988854166666667));
#4044=CARTESIAN_POINT('',(-0.0380355683376229,-0.0188008705425627,0.0988270833333333));
#4045=CARTESIAN_POINT('',(-0.0389951049744359,-0.0181289957562779,0.09876875));
#4046=CARTESIAN_POINT('',(-0.0388930126597574,-0.0169620752597935,0.0987104166666667));
#4047=CARTESIAN_POINT('',(-0.038790920345079,-0.0157951547633091,0.0986520833333333));
#4048=CARTESIAN_POINT('',(-0.0377292913935876,-0.0153001090531096,0.09859375));
#4049=CARTESIAN_POINT('',(-0.0366676624420961,-0.01480506334291,0.0985354166666666));
#4050=CARTESIAN_POINT('',(-0.0357081258052831,-0.0154769381291949,0.0984770833333334));
#4051=CARTESIAN_POINT('',(-0.0347485891684701,-0.0161488129154798,0.0984187499999999));
#4052=CARTESIAN_POINT('',(-0.0348506814831485,-0.0173157334119642,0.0983604166666667));
#4053=CARTESIAN_POINT('',(-0.034952773797827,-0.0184826539084486,0.0983020833333334));
#4054=CARTESIAN_POINT('',(-0.0360144027493184,-0.0189776996186481,0.09824375));
#4055=CARTESIAN_POINT('',(-0.0370760317008098,-0.0194727453288476,0.0981854166666667));
#4056=CARTESIAN_POINT('',(-0.0380355683376229,-0.0188008705425627,0.0981270833333334));
#4057=CARTESIAN_POINT('',(-0.0389951049744359,-0.0181289957562779,0.09806875));
#4058=CARTESIAN_POINT('',(-0.0388930126597574,-0.0169620752597935,0.0980104166666667));
#4059=CARTESIAN_POINT('',(-0.038790920345079,-0.0157951547633091,0.0979520833333333));
#4060=CARTESIAN_POINT('',(-0.0377292913935876,-0.0153001090531096,0.09789375));
#4061=CARTESIAN_POINT('',(-0.0373968355095593,-0.0151450823283885,0.0978754825442431));
#4062=CARTESIAN_POINT('',(-0.0370311434166008,-0.0151162814021816,0.0978546785795243));
#4063=CARTESIAN_POINT('',(-0.0357522491868072,-0.0188689340365829,0.108082071381277));
#4064=CARTESIAN_POINT('',(-0.0358718462555919,-0.0189463319131435,0.108074598282333));
#4065=CARTESIAN_POINT('',(-0.0360009558046266,-0.0190065366845993,0.108067613636364));
#4066=CARTESIAN_POINT('',(-0.0370792338439077,-0.0195093459919363,0.10800928030303));
#4067=CARTESIAN_POINT('',(-0.0380538184969613,-0.0188269344712447,0.107950946969697));
#4068=CARTESIAN_POINT('',(-0.039028403150015,-0.018144522950553,0.107892613636364));
#4069=CARTESIAN_POINT('',(-0.0389247097637876,-0.0169593021225242,0.10783428030303));
#4070=CARTESIAN_POINT('',(-0.0388210163775603,-0.0157740812944955,0.107775946969697));
#4071=CARTESIAN_POINT('',(-0.0377427383382793,-0.0152712719871584,0.107717613636364));
#4072=CARTESIAN_POINT('',(-0.0366644602989984,-0.0147684626798213,0.10765928030303));
#4073=CARTESIAN_POINT('',(-0.0356898756459447,-0.015450874200513,0.107600946969697));
#4074=CARTESIAN_POINT('',(-0.034715290992891,-0.0161332857212046,0.107542613636364));
#4075=CARTESIAN_POINT('',(-0.0348189843791184,-0.0173185065492334,0.10748428030303));
#4076=CARTESIAN_POINT('',(-0.0349226777653456,-0.0185037273772622,0.107425946969697));
#4077=CARTESIAN_POINT('',(-0.0360009558046266,-0.0190065366845993,0.107367613636364));
#4078=CARTESIAN_POINT('',(-0.0370792338439077,-0.0195093459919363,0.10730928030303));
#4079=CARTESIAN_POINT('',(-0.0380538184969613,-0.0188269344712447,0.107250946969697));
#4080=CARTESIAN_POINT('',(-0.039028403150015,-0.018144522950553,0.107192613636364));
#4081=CARTESIAN_POINT('',(-0.0389247097637876,-0.0169593021225242,0.10713428030303));
#4082=CARTESIAN_POINT('',(-0.0388210163775603,-0.0157740812944955,0.107075946969697));
#4083=CARTESIAN_POINT('',(-0.0377427383382793,-0.0152712719871584,0.107017613636364));
#4084=CARTESIAN_POINT('',(-0.0366644602989984,-0.0147684626798213,0.10695928030303));
#4085=CARTESIAN_POINT('',(-0.0356898756459447,-0.015450874200513,0.106900946969697));
#4086=CARTESIAN_POINT('',(-0.034715290992891,-0.0161332857212046,0.106842613636364));
#4087=CARTESIAN_POINT('',(-0.0348189843791184,-0.0173185065492334,0.10678428030303));
#4088=CARTESIAN_POINT('',(-0.0349226777653456,-0.0185037273772622,0.106725946969697));
#4089=CARTESIAN_POINT('',(-0.0360009558046266,-0.0190065366845993,0.106667613636364));
#4090=CARTESIAN_POINT('',(-0.0370792338439077,-0.0195093459919363,0.10660928030303));
#4091=CARTESIAN_POINT('',(-0.0380538184969613,-0.0188269344712447,0.106550946969697));
#4092=CARTESIAN_POINT('',(-0.039028403150015,-0.018144522950553,0.106492613636364));
#4093=CARTESIAN_POINT('',(-0.0389247097637876,-0.0169593021225242,0.10643428030303));
#4094=CARTESIAN_POINT('',(-0.0388210163775603,-0.0157740812944955,0.106375946969697));
#4095=CARTESIAN_POINT('',(-0.0377427383382793,-0.0152712719871584,0.106317613636364));
#4096=CARTESIAN_POINT('',(-0.0366644602989984,-0.0147684626798213,0.10625928030303));
#4097=CARTESIAN_POINT('',(-0.0356898756459447,-0.015450874200513,0.106200946969697));
#4098=CARTESIAN_POINT('',(-0.034715290992891,-0.0161332857212046,0.106142613636364));
#4099=CARTESIAN_POINT('',(-0.0348189843791184,-0.0173185065492334,0.10608428030303));
#4100=CARTESIAN_POINT('',(-0.0349226777653456,-0.0185037273772622,0.106025946969697));
#4101=CARTESIAN_POINT('',(-0.0360009558046266,-0.0190065366845993,0.105967613636364));
#4102=CARTESIAN_POINT('',(-0.0370792338439077,-0.0195093459919363,0.10590928030303));
#4103=CARTESIAN_POINT('',(-0.0380538184969613,-0.0188269344712447,0.105850946969697));
#4104=CARTESIAN_POINT('',(-0.039028403150015,-0.018144522950553,0.105792613636364));
#4105=CARTESIAN_POINT('',(-0.0389247097637876,-0.0169593021225242,0.10573428030303));
#4106=CARTESIAN_POINT('',(-0.0388210163775603,-0.0157740812944955,0.105675946969697));
#4107=CARTESIAN_POINT('',(-0.0377427383382793,-0.0152712719871584,0.105617613636364));
#4108=CARTESIAN_POINT('',(-0.0366644602989984,-0.0147684626798213,0.10555928030303));
#4109=CARTESIAN_POINT('',(-0.0356898756459447,-0.015450874200513,0.105500946969697));
#4110=CARTESIAN_POINT('',(-0.034715290992891,-0.0161332857212046,0.105442613636364));
#4111=CARTESIAN_POINT('',(-0.0348189843791184,-0.0173185065492334,0.10538428030303));
#4112=CARTESIAN_POINT('',(-0.0349226777653456,-0.0185037273772622,0.105325946969697));
#4113=CARTESIAN_POINT('',(-0.0360009558046266,-0.0190065366845993,0.105267613636364));
#4114=CARTESIAN_POINT('',(-0.0370792338439077,-0.0195093459919363,0.10520928030303));
#4115=CARTESIAN_POINT('',(-0.0380538184969613,-0.0188269344712447,0.105150946969697));
#4116=CARTESIAN_POINT('',(-0.039028403150015,-0.018144522950553,0.105092613636364));
#4117=CARTESIAN_POINT('',(-0.0389247097637876,-0.0169593021225242,0.10503428030303));
#4118=CARTESIAN_POINT('',(-0.0388210163775603,-0.0157740812944955,0.104975946969697));
#4119=CARTESIAN_POINT('',(-0.0377427383382793,-0.0152712719871584,0.104917613636364));
#4120=CARTESIAN_POINT('',(-0.0366644602989984,-0.0147684626798213,0.10485928030303));
#4121=CARTESIAN_POINT('',(-0.0356898756459447,-0.015450874200513,0.104800946969697));
#4122=CARTESIAN_POINT('',(-0.034715290992891,-0.0161332857212046,0.104742613636364));
#4123=CARTESIAN_POINT('',(-0.0348189843791184,-0.0173185065492334,0.10468428030303));
#4124=CARTESIAN_POINT('',(-0.0349226777653456,-0.0185037273772622,0.104625946969697));
#4125=CARTESIAN_POINT('',(-0.0360009558046266,-0.0190065366845993,0.104567613636364));
#4126=CARTESIAN_POINT('',(-0.0370792338439077,-0.0195093459919363,0.10450928030303));
#4127=CARTESIAN_POINT('',(-0.0380538184969613,-0.0188269344712447,0.104450946969697));
#4128=CARTESIAN_POINT('',(-0.039028403150015,-0.018144522950553,0.104392613636364));
#4129=CARTESIAN_POINT('',(-0.0389247097637876,-0.0169593021225242,0.10433428030303));
#4130=CARTESIAN_POINT('',(-0.0388210163775603,-0.0157740812944955,0.104275946969697));
#4131=CARTESIAN_POINT('',(-0.0377427383382793,-0.0152712719871584,0.104217613636364));
#4132=CARTESIAN_POINT('',(-0.0366644602989984,-0.0147684626798213,0.10415928030303));
#4133=CARTESIAN_POINT('',(-0.0356898756459447,-0.015450874200513,0.104100946969697));
#4134=CARTESIAN_POINT('',(-0.034715290992891,-0.0161332857212046,0.104042613636364));
#4135=CARTESIAN_POINT('',(-0.0348189843791184,-0.0173185065492334,0.10398428030303));
#4136=CARTESIAN_POINT('',(-0.0349226777653456,-0.0185037273772622,0.103925946969697));
#4137=CARTESIAN_POINT('',(-0.0360009558046266,-0.0190065366845993,0.103867613636364));
#4138=CARTESIAN_POINT('',(-0.0370792338439077,-0.0195093459919363,0.10380928030303));
#4139=CARTESIAN_POINT('',(-0.0380538184969613,-0.0188269344712447,0.103750946969697));
#4140=CARTESIAN_POINT('',(-0.039028403150015,-0.018144522950553,0.103692613636364));
#4141=CARTESIAN_POINT('',(-0.0389247097637876,-0.0169593021225242,0.10363428030303));
#4142=CARTESIAN_POINT('',(-0.0388210163775603,-0.0157740812944955,0.103575946969697));
#4143=CARTESIAN_POINT('',(-0.0377427383382793,-0.0152712719871584,0.103517613636364));
#4144=CARTESIAN_POINT('',(-0.0366644602989984,-0.0147684626798213,0.10345928030303));
#4145=CARTESIAN_POINT('',(-0.0356898756459447,-0.015450874200513,0.103400946969697));
#4146=CARTESIAN_POINT('',(-0.034715290992891,-0.0161332857212046,0.103342613636364));
#4147=CARTESIAN_POINT('',(-0.0348189843791184,-0.0173185065492334,0.10328428030303));
#4148=CARTESIAN_POINT('',(-0.0349226777653456,-0.0185037273772622,0.103225946969697));
#4149=CARTESIAN_POINT('',(-0.0360009558046266,-0.0190065366845993,0.103167613636364));
#4150=CARTESIAN_POINT('',(-0.0370792338439077,-0.0195093459919363,0.10310928030303));
#4151=CARTESIAN_POINT('',(-0.0380538184969613,-0.0188269344712447,0.103050946969697));
#4152=CARTESIAN_POINT('',(-0.039028403150015,-0.018144522950553,0.102992613636364));
#4153=CARTESIAN_POINT('',(-0.0389247097637876,-0.0169593021225242,0.10293428030303));
#4154=CARTESIAN_POINT('',(-0.0388210163775603,-0.0157740812944955,0.102875946969697));
#4155=CARTESIAN_POINT('',(-0.0377427383382793,-0.0152712719871584,0.102817613636364));
#4156=CARTESIAN_POINT('',(-0.0366644602989984,-0.0147684626798213,0.10275928030303));
#4157=CARTESIAN_POINT('',(-0.0356898756459447,-0.015450874200513,0.102700946969697));
#4158=CARTESIAN_POINT('',(-0.034715290992891,-0.0161332857212046,0.102642613636364));
#4159=CARTESIAN_POINT('',(-0.0348189843791184,-0.0173185065492334,0.10258428030303));
#4160=CARTESIAN_POINT('',(-0.0349226777653456,-0.0185037273772622,0.102525946969697));
#4161=CARTESIAN_POINT('',(-0.0360009558046266,-0.0190065366845993,0.102467613636364));
#4162=CARTESIAN_POINT('',(-0.0370792338439077,-0.0195093459919363,0.10240928030303));
#4163=CARTESIAN_POINT('',(-0.0380538184969613,-0.0188269344712447,0.102350946969697));
#4164=CARTESIAN_POINT('',(-0.039028403150015,-0.018144522950553,0.102292613636364));
#4165=CARTESIAN_POINT('',(-0.0389247097637876,-0.0169593021225242,0.10223428030303));
#4166=CARTESIAN_POINT('',(-0.0388210163775603,-0.0157740812944955,0.102175946969697));
#4167=CARTESIAN_POINT('',(-0.0377427383382793,-0.0152712719871584,0.102117613636364));
#4168=CARTESIAN_POINT('',(-0.0366644602989984,-0.0147684626798213,0.10205928030303));
#4169=CARTESIAN_POINT('',(-0.0356898756459447,-0.015450874200513,0.102000946969697));
#4170=CARTESIAN_POINT('',(-0.034715290992891,-0.0161332857212046,0.101942613636364));
#4171=CARTESIAN_POINT('',(-0.0348189843791184,-0.0173185065492334,0.10188428030303));
#4172=CARTESIAN_POINT('',(-0.0349226777653456,-0.0185037273772622,0.101825946969697));
#4173=CARTESIAN_POINT('',(-0.0360009558046266,-0.0190065366845993,0.101767613636364));
#4174=CARTESIAN_POINT('',(-0.0370792338439077,-0.0195093459919363,0.10170928030303));
#4175=CARTESIAN_POINT('',(-0.0380538184969613,-0.0188269344712447,0.101650946969697));
#4176=CARTESIAN_POINT('',(-0.039028403150015,-0.018144522950553,0.101592613636364));
#4177=CARTESIAN_POINT('',(-0.0389247097637876,-0.0169593021225242,0.10153428030303));
#4178=CARTESIAN_POINT('',(-0.0388210163775603,-0.0157740812944955,0.101475946969697));
#4179=CARTESIAN_POINT('',(-0.0377427383382793,-0.0152712719871584,0.101417613636364));
#4180=CARTESIAN_POINT('',(-0.0366644602989984,-0.0147684626798213,0.10135928030303));
#4181=CARTESIAN_POINT('',(-0.0356898756459447,-0.015450874200513,0.101300946969697));
#4182=CARTESIAN_POINT('',(-0.034715290992891,-0.0161332857212046,0.101242613636364));
#4183=CARTESIAN_POINT('',(-0.0348189843791184,-0.0173185065492334,0.10118428030303));
#4184=CARTESIAN_POINT('',(-0.0349226777653456,-0.0185037273772622,0.101125946969697));
#4185=CARTESIAN_POINT('',(-0.0360009558046266,-0.0190065366845993,0.101067613636364));
#4186=CARTESIAN_POINT('',(-0.0370792338439077,-0.0195093459919363,0.10100928030303));
#4187=CARTESIAN_POINT('',(-0.0380538184969613,-0.0188269344712447,0.100950946969697));
#4188=CARTESIAN_POINT('',(-0.039028403150015,-0.018144522950553,0.100892613636364));
#4189=CARTESIAN_POINT('',(-0.0389247097637876,-0.0169593021225242,0.10083428030303));
#4190=CARTESIAN_POINT('',(-0.0388210163775603,-0.0157740812944955,0.100775946969697));
#4191=CARTESIAN_POINT('',(-0.0377427383382793,-0.0152712719871584,0.100717613636364));
#4192=CARTESIAN_POINT('',(-0.0366644602989984,-0.0147684626798213,0.10065928030303));
#4193=CARTESIAN_POINT('',(-0.0356898756459447,-0.015450874200513,0.100600946969697));
#4194=CARTESIAN_POINT('',(-0.034715290992891,-0.0161332857212046,0.100542613636364));
#4195=CARTESIAN_POINT('',(-0.0348189843791184,-0.0173185065492334,0.10048428030303));
#4196=CARTESIAN_POINT('',(-0.0349226777653456,-0.0185037273772622,0.100425946969697));
#4197=CARTESIAN_POINT('',(-0.0360009558046266,-0.0190065366845993,0.100367613636364));
#4198=CARTESIAN_POINT('',(-0.0370792338439077,-0.0195093459919363,0.10030928030303));
#4199=CARTESIAN_POINT('',(-0.0380538184969613,-0.0188269344712447,0.100250946969697));
#4200=CARTESIAN_POINT('',(-0.039028403150015,-0.018144522950553,0.100192613636364));
#4201=CARTESIAN_POINT('',(-0.0389247097637876,-0.0169593021225242,0.10013428030303));
#4202=CARTESIAN_POINT('',(-0.0388210163775603,-0.0157740812944955,0.100075946969697));
#4203=CARTESIAN_POINT('',(-0.0377427383382793,-0.0152712719871584,0.100017613636364));
#4204=CARTESIAN_POINT('',(-0.0366644602989984,-0.0147684626798213,0.0999592803030302));
#4205=CARTESIAN_POINT('',(-0.0356898756459447,-0.015450874200513,0.099900946969697));
#4206=CARTESIAN_POINT('',(-0.034715290992891,-0.0161332857212046,0.0998426136363636));
#4207=CARTESIAN_POINT('',(-0.0348189843791184,-0.0173185065492334,0.0997842803030302));
#4208=CARTESIAN_POINT('',(-0.0349226777653456,-0.0185037273772622,0.0997259469696969));
#4209=CARTESIAN_POINT('',(-0.0360009558046266,-0.0190065366845993,0.0996676136363637));
#4210=CARTESIAN_POINT('',(-0.0370792338439077,-0.0195093459919363,0.0996092803030303));
#4211=CARTESIAN_POINT('',(-0.0380538184969613,-0.0188269344712447,0.0995509469696969));
#4212=CARTESIAN_POINT('',(-0.039028403150015,-0.018144522950553,0.0994926136363636));
#4213=CARTESIAN_POINT('',(-0.0389247097637876,-0.0169593021225242,0.0994342803030302));
#4214=CARTESIAN_POINT('',(-0.0388210163775603,-0.0157740812944955,0.099375946969697));
#4215=CARTESIAN_POINT('',(-0.0377427383382793,-0.0152712719871584,0.0993176136363637));
#4216=CARTESIAN_POINT('',(-0.0366644602989984,-0.0147684626798213,0.0992592803030303));
#4217=CARTESIAN_POINT('',(-0.0356898756459447,-0.015450874200513,0.0992009469696969));
#4218=CARTESIAN_POINT('',(-0.034715290992891,-0.0161332857212046,0.0991426136363637));
#4219=CARTESIAN_POINT('',(-0.0348189843791184,-0.0173185065492334,0.0990842803030303));
#4220=CARTESIAN_POINT('',(-0.0349226777653456,-0.0185037273772622,0.099025946969697));
#4221=CARTESIAN_POINT('',(-0.0360009558046266,-0.0190065366845993,0.0989676136363636));
#4222=CARTESIAN_POINT('',(-0.0370792338439077,-0.0195093459919363,0.0989092803030304));
#4223=CARTESIAN_POINT('',(-0.0380538184969613,-0.0188269344712447,0.0988509469696969));
#4224=CARTESIAN_POINT('',(-0.039028403150015,-0.018144522950553,0.0987926136363637));
#4225=CARTESIAN_POINT('',(-0.0389247097637876,-0.0169593021225242,0.0987342803030303));
#4226=CARTESIAN_POINT('',(-0.0388210163775603,-0.0157740812944955,0.0986759469696969));
#4227=CARTESIAN_POINT('',(-0.0377427383382793,-0.0152712719871584,0.0986176136363636));
#4228=CARTESIAN_POINT('',(-0.0366644602989984,-0.0147684626798213,0.0985592803030302));
#4229=CARTESIAN_POINT('',(-0.0356898756459447,-0.015450874200513,0.0985009469696969));
#4230=CARTESIAN_POINT('',(-0.034715290992891,-0.0161332857212046,0.0984426136363636));
#4231=CARTESIAN_POINT('',(-0.0348189843791184,-0.0173185065492334,0.0983842803030303));
#4232=CARTESIAN_POINT('',(-0.0349226777653456,-0.0185037273772622,0.0983259469696969));
#4233=CARTESIAN_POINT('',(-0.0360009558046266,-0.0190065366845993,0.0982676136363636));
#4234=CARTESIAN_POINT('',(-0.0370792338439077,-0.0195093459919363,0.0982092803030303));
#4235=CARTESIAN_POINT('',(-0.0380538184969613,-0.0188269344712447,0.098150946969697));
#4236=CARTESIAN_POINT('',(-0.039028403150015,-0.018144522950553,0.0980926136363636));
#4237=CARTESIAN_POINT('',(-0.0389247097637876,-0.0169593021225242,0.0980342803030303));
#4238=CARTESIAN_POINT('',(-0.0388210163775603,-0.0157740812944955,0.097975946969697));
#4239=CARTESIAN_POINT('',(-0.0377427383382793,-0.0152712719871584,0.0979176136363636));
#4240=CARTESIAN_POINT('',(-0.0374050686861152,-0.0151138140424277,0.0978993461806067));
#4241=CARTESIAN_POINT('',(-0.0370336415953017,-0.0150845614432063,0.0978785422158879));
#4242=CARTESIAN_POINT('',(-0.0357522491868072,-0.0188689340365829,0.10812184410855));
#4243=CARTESIAN_POINT('',(-0.0358718462555919,-0.0189463319131435,0.108114371009605));
#4244=CARTESIAN_POINT('',(-0.0360009558046266,-0.0190065366845993,0.108107386363636));
#4245=CARTESIAN_POINT('',(-0.0370792338439077,-0.0195093459919363,0.108049053030303));
#4246=CARTESIAN_POINT('',(-0.0380538184969613,-0.0188269344712447,0.10799071969697));
#4247=CARTESIAN_POINT('',(-0.039028403150015,-0.018144522950553,0.107932386363636));
#4248=CARTESIAN_POINT('',(-0.0389247097637876,-0.0169593021225242,0.107874053030303));
#4249=CARTESIAN_POINT('',(-0.0388210163775603,-0.0157740812944955,0.10781571969697));
#4250=CARTESIAN_POINT('',(-0.0377427383382793,-0.0152712719871584,0.107757386363636));
#4251=CARTESIAN_POINT('',(-0.0366644602989984,-0.0147684626798213,0.107699053030303));
#4252=CARTESIAN_POINT('',(-0.0356898756459447,-0.015450874200513,0.10764071969697));
#4253=CARTESIAN_POINT('',(-0.034715290992891,-0.0161332857212046,0.107582386363636));
#4254=CARTESIAN_POINT('',(-0.0348189843791184,-0.0173185065492334,0.107524053030303));
#4255=CARTESIAN_POINT('',(-0.0349226777653456,-0.0185037273772622,0.10746571969697));
#4256=CARTESIAN_POINT('',(-0.0360009558046266,-0.0190065366845993,0.107407386363636));
#4257=CARTESIAN_POINT('',(-0.0370792338439077,-0.0195093459919363,0.107349053030303));
#4258=CARTESIAN_POINT('',(-0.0380538184969613,-0.0188269344712447,0.10729071969697));
#4259=CARTESIAN_POINT('',(-0.039028403150015,-0.018144522950553,0.107232386363636));
#4260=CARTESIAN_POINT('',(-0.0389247097637876,-0.0169593021225242,0.107174053030303));
#4261=CARTESIAN_POINT('',(-0.0388210163775603,-0.0157740812944955,0.10711571969697));
#4262=CARTESIAN_POINT('',(-0.0377427383382793,-0.0152712719871584,0.107057386363636));
#4263=CARTESIAN_POINT('',(-0.0366644602989984,-0.0147684626798213,0.106999053030303));
#4264=CARTESIAN_POINT('',(-0.0356898756459447,-0.015450874200513,0.10694071969697));
#4265=CARTESIAN_POINT('',(-0.034715290992891,-0.0161332857212046,0.106882386363636));
#4266=CARTESIAN_POINT('',(-0.0348189843791184,-0.0173185065492334,0.106824053030303));
#4267=CARTESIAN_POINT('',(-0.0349226777653456,-0.0185037273772622,0.10676571969697));
#4268=CARTESIAN_POINT('',(-0.0360009558046266,-0.0190065366845993,0.106707386363636));
#4269=CARTESIAN_POINT('',(-0.0370792338439077,-0.0195093459919363,0.106649053030303));
#4270=CARTESIAN_POINT('',(-0.0380538184969613,-0.0188269344712447,0.10659071969697));
#4271=CARTESIAN_POINT('',(-0.039028403150015,-0.018144522950553,0.106532386363636));
#4272=CARTESIAN_POINT('',(-0.0389247097637876,-0.0169593021225242,0.106474053030303));
#4273=CARTESIAN_POINT('',(-0.0388210163775603,-0.0157740812944955,0.10641571969697));
#4274=CARTESIAN_POINT('',(-0.0377427383382793,-0.0152712719871584,0.106357386363636));
#4275=CARTESIAN_POINT('',(-0.0366644602989984,-0.0147684626798213,0.106299053030303));
#4276=CARTESIAN_POINT('',(-0.0356898756459447,-0.015450874200513,0.10624071969697));
#4277=CARTESIAN_POINT('',(-0.034715290992891,-0.0161332857212046,0.106182386363636));
#4278=CARTESIAN_POINT('',(-0.0348189843791184,-0.0173185065492334,0.106124053030303));
#4279=CARTESIAN_POINT('',(-0.0349226777653456,-0.0185037273772622,0.10606571969697));
#4280=CARTESIAN_POINT('',(-0.0360009558046266,-0.0190065366845993,0.106007386363636));
#4281=CARTESIAN_POINT('',(-0.0370792338439077,-0.0195093459919363,0.105949053030303));
#4282=CARTESIAN_POINT('',(-0.0380538184969613,-0.0188269344712447,0.10589071969697));
#4283=CARTESIAN_POINT('',(-0.039028403150015,-0.018144522950553,0.105832386363636));
#4284=CARTESIAN_POINT('',(-0.0389247097637876,-0.0169593021225242,0.105774053030303));
#4285=CARTESIAN_POINT('',(-0.0388210163775603,-0.0157740812944955,0.10571571969697));
#4286=CARTESIAN_POINT('',(-0.0377427383382793,-0.0152712719871584,0.105657386363636));
#4287=CARTESIAN_POINT('',(-0.0366644602989984,-0.0147684626798213,0.105599053030303));
#4288=CARTESIAN_POINT('',(-0.0356898756459447,-0.015450874200513,0.10554071969697));
#4289=CARTESIAN_POINT('',(-0.034715290992891,-0.0161332857212046,0.105482386363636));
#4290=CARTESIAN_POINT('',(-0.0348189843791184,-0.0173185065492334,0.105424053030303));
#4291=CARTESIAN_POINT('',(-0.0349226777653456,-0.0185037273772622,0.10536571969697));
#4292=CARTESIAN_POINT('',(-0.0360009558046266,-0.0190065366845993,0.105307386363636));
#4293=CARTESIAN_POINT('',(-0.0370792338439077,-0.0195093459919363,0.105249053030303));
#4294=CARTESIAN_POINT('',(-0.0380538184969613,-0.0188269344712447,0.10519071969697));
#4295=CARTESIAN_POINT('',(-0.039028403150015,-0.018144522950553,0.105132386363636));
#4296=CARTESIAN_POINT('',(-0.0389247097637876,-0.0169593021225242,0.105074053030303));
#4297=CARTESIAN_POINT('',(-0.0388210163775603,-0.0157740812944955,0.10501571969697));
#4298=CARTESIAN_POINT('',(-0.0377427383382793,-0.0152712719871584,0.104957386363636));
#4299=CARTESIAN_POINT('',(-0.0366644602989984,-0.0147684626798213,0.104899053030303));
#4300=CARTESIAN_POINT('',(-0.0356898756459447,-0.015450874200513,0.10484071969697));
#4301=CARTESIAN_POINT('',(-0.034715290992891,-0.0161332857212046,0.104782386363636));
#4302=CARTESIAN_POINT('',(-0.0348189843791184,-0.0173185065492334,0.104724053030303));
#4303=CARTESIAN_POINT('',(-0.0349226777653456,-0.0185037273772622,0.10466571969697));
#4304=CARTESIAN_POINT('',(-0.0360009558046266,-0.0190065366845993,0.104607386363636));
#4305=CARTESIAN_POINT('',(-0.0370792338439077,-0.0195093459919363,0.104549053030303));
#4306=CARTESIAN_POINT('',(-0.0380538184969613,-0.0188269344712447,0.10449071969697));
#4307=CARTESIAN_POINT('',(-0.039028403150015,-0.018144522950553,0.104432386363636));
#4308=CARTESIAN_POINT('',(-0.0389247097637876,-0.0169593021225242,0.104374053030303));
#4309=CARTESIAN_POINT('',(-0.0388210163775603,-0.0157740812944955,0.10431571969697));
#4310=CARTESIAN_POINT('',(-0.0377427383382793,-0.0152712719871584,0.104257386363636));
#4311=CARTESIAN_POINT('',(-0.0366644602989984,-0.0147684626798213,0.104199053030303));
#4312=CARTESIAN_POINT('',(-0.0356898756459447,-0.015450874200513,0.10414071969697));
#4313=CARTESIAN_POINT('',(-0.034715290992891,-0.0161332857212046,0.104082386363636));
#4314=CARTESIAN_POINT('',(-0.0348189843791184,-0.0173185065492334,0.104024053030303));
#4315=CARTESIAN_POINT('',(-0.0349226777653456,-0.0185037273772622,0.10396571969697));
#4316=CARTESIAN_POINT('',(-0.0360009558046266,-0.0190065366845993,0.103907386363636));
#4317=CARTESIAN_POINT('',(-0.0370792338439077,-0.0195093459919363,0.103849053030303));
#4318=CARTESIAN_POINT('',(-0.0380538184969613,-0.0188269344712447,0.10379071969697));
#4319=CARTESIAN_POINT('',(-0.039028403150015,-0.018144522950553,0.103732386363636));
#4320=CARTESIAN_POINT('',(-0.0389247097637876,-0.0169593021225242,0.103674053030303));
#4321=CARTESIAN_POINT('',(-0.0388210163775603,-0.0157740812944955,0.10361571969697));
#4322=CARTESIAN_POINT('',(-0.0377427383382793,-0.0152712719871584,0.103557386363636));
#4323=CARTESIAN_POINT('',(-0.0366644602989984,-0.0147684626798213,0.103499053030303));
#4324=CARTESIAN_POINT('',(-0.0356898756459447,-0.015450874200513,0.10344071969697));
#4325=CARTESIAN_POINT('',(-0.034715290992891,-0.0161332857212046,0.103382386363636));
#4326=CARTESIAN_POINT('',(-0.0348189843791184,-0.0173185065492334,0.103324053030303));
#4327=CARTESIAN_POINT('',(-0.0349226777653456,-0.0185037273772622,0.10326571969697));
#4328=CARTESIAN_POINT('',(-0.0360009558046266,-0.0190065366845993,0.103207386363636));
#4329=CARTESIAN_POINT('',(-0.0370792338439077,-0.0195093459919363,0.103149053030303));
#4330=CARTESIAN_POINT('',(-0.0380538184969613,-0.0188269344712447,0.10309071969697));
#4331=CARTESIAN_POINT('',(-0.039028403150015,-0.018144522950553,0.103032386363636));
#4332=CARTESIAN_POINT('',(-0.0389247097637876,-0.0169593021225242,0.102974053030303));
#4333=CARTESIAN_POINT('',(-0.0388210163775603,-0.0157740812944955,0.10291571969697));
#4334=CARTESIAN_POINT('',(-0.0377427383382793,-0.0152712719871584,0.102857386363636));
#4335=CARTESIAN_POINT('',(-0.0366644602989984,-0.0147684626798213,0.102799053030303));
#4336=CARTESIAN_POINT('',(-0.0356898756459447,-0.015450874200513,0.10274071969697));
#4337=CARTESIAN_POINT('',(-0.034715290992891,-0.0161332857212046,0.102682386363636));
#4338=CARTESIAN_POINT('',(-0.0348189843791184,-0.0173185065492334,0.102624053030303));
#4339=CARTESIAN_POINT('',(-0.0349226777653456,-0.0185037273772622,0.10256571969697));
#4340=CARTESIAN_POINT('',(-0.0360009558046266,-0.0190065366845993,0.102507386363636));
#4341=CARTESIAN_POINT('',(-0.0370792338439077,-0.0195093459919363,0.102449053030303));
#4342=CARTESIAN_POINT('',(-0.0380538184969613,-0.0188269344712447,0.10239071969697));
#4343=CARTESIAN_POINT('',(-0.039028403150015,-0.018144522950553,0.102332386363636));
#4344=CARTESIAN_POINT('',(-0.0389247097637876,-0.0169593021225242,0.102274053030303));
#4345=CARTESIAN_POINT('',(-0.0388210163775603,-0.0157740812944955,0.10221571969697));
#4346=CARTESIAN_POINT('',(-0.0377427383382793,-0.0152712719871584,0.102157386363636));
#4347=CARTESIAN_POINT('',(-0.0366644602989984,-0.0147684626798213,0.102099053030303));
#4348=CARTESIAN_POINT('',(-0.0356898756459447,-0.015450874200513,0.10204071969697));
#4349=CARTESIAN_POINT('',(-0.034715290992891,-0.0161332857212046,0.101982386363636));
#4350=CARTESIAN_POINT('',(-0.0348189843791184,-0.0173185065492334,0.101924053030303));
#4351=CARTESIAN_POINT('',(-0.0349226777653456,-0.0185037273772622,0.10186571969697));
#4352=CARTESIAN_POINT('',(-0.0360009558046266,-0.0190065366845993,0.101807386363636));
#4353=CARTESIAN_POINT('',(-0.0370792338439077,-0.0195093459919363,0.101749053030303));
#4354=CARTESIAN_POINT('',(-0.0380538184969613,-0.0188269344712447,0.10169071969697));
#4355=CARTESIAN_POINT('',(-0.039028403150015,-0.018144522950553,0.101632386363636));
#4356=CARTESIAN_POINT('',(-0.0389247097637876,-0.0169593021225242,0.101574053030303));
#4357=CARTESIAN_POINT('',(-0.0388210163775603,-0.0157740812944955,0.10151571969697));
#4358=CARTESIAN_POINT('',(-0.0377427383382793,-0.0152712719871584,0.101457386363636));
#4359=CARTESIAN_POINT('',(-0.0366644602989984,-0.0147684626798213,0.101399053030303));
#4360=CARTESIAN_POINT('',(-0.0356898756459447,-0.015450874200513,0.10134071969697));
#4361=CARTESIAN_POINT('',(-0.034715290992891,-0.0161332857212046,0.101282386363636));
#4362=CARTESIAN_POINT('',(-0.0348189843791184,-0.0173185065492334,0.101224053030303));
#4363=CARTESIAN_POINT('',(-0.0349226777653456,-0.0185037273772622,0.10116571969697));
#4364=CARTESIAN_POINT('',(-0.0360009558046266,-0.0190065366845993,0.101107386363636));
#4365=CARTESIAN_POINT('',(-0.0370792338439077,-0.0195093459919363,0.101049053030303));
#4366=CARTESIAN_POINT('',(-0.0380538184969613,-0.0188269344712447,0.10099071969697));
#4367=CARTESIAN_POINT('',(-0.039028403150015,-0.018144522950553,0.100932386363636));
#4368=CARTESIAN_POINT('',(-0.0389247097637876,-0.0169593021225242,0.100874053030303));
#4369=CARTESIAN_POINT('',(-0.0388210163775603,-0.0157740812944955,0.10081571969697));
#4370=CARTESIAN_POINT('',(-0.0377427383382793,-0.0152712719871584,0.100757386363636));
#4371=CARTESIAN_POINT('',(-0.0366644602989984,-0.0147684626798213,0.100699053030303));
#4372=CARTESIAN_POINT('',(-0.0356898756459447,-0.015450874200513,0.10064071969697));
#4373=CARTESIAN_POINT('',(-0.034715290992891,-0.0161332857212046,0.100582386363636));
#4374=CARTESIAN_POINT('',(-0.0348189843791184,-0.0173185065492334,0.100524053030303));
#4375=CARTESIAN_POINT('',(-0.0349226777653456,-0.0185037273772622,0.10046571969697));
#4376=CARTESIAN_POINT('',(-0.0360009558046266,-0.0190065366845993,0.100407386363636));
#4377=CARTESIAN_POINT('',(-0.0370792338439077,-0.0195093459919363,0.100349053030303));
#4378=CARTESIAN_POINT('',(-0.0380538184969613,-0.0188269344712447,0.10029071969697));
#4379=CARTESIAN_POINT('',(-0.039028403150015,-0.018144522950553,0.100232386363636));
#4380=CARTESIAN_POINT('',(-0.0389247097637876,-0.0169593021225242,0.100174053030303));
#4381=CARTESIAN_POINT('',(-0.0388210163775603,-0.0157740812944955,0.10011571969697));
#4382=CARTESIAN_POINT('',(-0.0377427383382793,-0.0152712719871584,0.100057386363636));
#4383=CARTESIAN_POINT('',(-0.0366644602989984,-0.0147684626798213,0.099999053030303));
#4384=CARTESIAN_POINT('',(-0.0356898756459447,-0.015450874200513,0.0999407196969696));
#4385=CARTESIAN_POINT('',(-0.034715290992891,-0.0161332857212046,0.0998823863636364));
#4386=CARTESIAN_POINT('',(-0.0348189843791184,-0.0173185065492334,0.099824053030303));
#4387=CARTESIAN_POINT('',(-0.0349226777653456,-0.0185037273772622,0.0997657196969697));
#4388=CARTESIAN_POINT('',(-0.0360009558046266,-0.0190065366845993,0.0997073863636363));
#4389=CARTESIAN_POINT('',(-0.0370792338439077,-0.0195093459919363,0.0996490530303029));
#4390=CARTESIAN_POINT('',(-0.0380538184969613,-0.0188269344712447,0.0995907196969697));
#4391=CARTESIAN_POINT('',(-0.039028403150015,-0.018144522950553,0.0995323863636363));
#4392=CARTESIAN_POINT('',(-0.0389247097637876,-0.0169593021225242,0.099474053030303));
#4393=CARTESIAN_POINT('',(-0.0388210163775603,-0.0157740812944955,0.0994157196969696));
#4394=CARTESIAN_POINT('',(-0.0377427383382793,-0.0152712719871584,0.0993573863636363));
#4395=CARTESIAN_POINT('',(-0.0366644602989984,-0.0147684626798213,0.099299053030303));
#4396=CARTESIAN_POINT('',(-0.0356898756459447,-0.015450874200513,0.0992407196969697));
#4397=CARTESIAN_POINT('',(-0.034715290992891,-0.0161332857212046,0.0991823863636363));
#4398=CARTESIAN_POINT('',(-0.0348189843791184,-0.0173185065492334,0.099124053030303));
#4399=CARTESIAN_POINT('',(-0.0349226777653456,-0.0185037273772622,0.0990657196969697));
#4400=CARTESIAN_POINT('',(-0.0360009558046266,-0.0190065366845993,0.0990073863636363));
#4401=CARTESIAN_POINT('',(-0.0370792338439077,-0.0195093459919363,0.098949053030303));
#4402=CARTESIAN_POINT('',(-0.0380538184969613,-0.0188269344712447,0.0988907196969697));
#4403=CARTESIAN_POINT('',(-0.039028403150015,-0.018144522950553,0.0988323863636364));
#4404=CARTESIAN_POINT('',(-0.0389247097637876,-0.0169593021225242,0.098774053030303));
#4405=CARTESIAN_POINT('',(-0.0388210163775603,-0.0157740812944955,0.0987157196969697));
#4406=CARTESIAN_POINT('',(-0.0377427383382793,-0.0152712719871584,0.0986573863636364));
#4407=CARTESIAN_POINT('',(-0.0366644602989984,-0.0147684626798213,0.098599053030303));
#4408=CARTESIAN_POINT('',(-0.0356898756459447,-0.015450874200513,0.0985407196969697));
#4409=CARTESIAN_POINT('',(-0.034715290992891,-0.0161332857212046,0.0984823863636364));
#4410=CARTESIAN_POINT('',(-0.0348189843791184,-0.0173185065492334,0.0984240530303029));
#4411=CARTESIAN_POINT('',(-0.0349226777653456,-0.0185037273772622,0.0983657196969696));
#4412=CARTESIAN_POINT('',(-0.0360009558046266,-0.0190065366845993,0.0983073863636364));
#4413=CARTESIAN_POINT('',(-0.0370792338439077,-0.0195093459919363,0.0982490530303031));
#4414=CARTESIAN_POINT('',(-0.0380538184969613,-0.0188269344712447,0.0981907196969696));
#4415=CARTESIAN_POINT('',(-0.039028403150015,-0.018144522950553,0.0981323863636363));
#4416=CARTESIAN_POINT('',(-0.0389247097637876,-0.0169593021225242,0.0980740530303029));
#4417=CARTESIAN_POINT('',(-0.0388210163775603,-0.0157740812944955,0.0980157196969696));
#4418=CARTESIAN_POINT('',(-0.0377427383382793,-0.0152712719871584,0.0979573863636363));
#4419=CARTESIAN_POINT('',(-0.0374050686861152,-0.0151138140424277,0.0979391189078794));
#4420=CARTESIAN_POINT('',(-0.0370336415953017,-0.0150845614432063,0.0979183149431607));
#4421=CARTESIAN_POINT('',(-0.0357695362712061,-0.0188422216161159,0.108145707744914));
#4422=CARTESIAN_POINT('',(-0.0358872867085794,-0.0189184244353772,0.108138234645969));
#4423=CARTESIAN_POINT('',(-0.0360144027493184,-0.0189776996186481,0.10813125));
#4424=CARTESIAN_POINT('',(-0.0370760317008098,-0.0194727453288476,0.108072916666667));
#4425=CARTESIAN_POINT('',(-0.0380355683376229,-0.0188008705425627,0.108014583333333));
#4426=CARTESIAN_POINT('',(-0.0389951049744359,-0.0181289957562779,0.10795625));
#4427=CARTESIAN_POINT('',(-0.0388930126597574,-0.0169620752597935,0.107897916666667));
#4428=CARTESIAN_POINT('',(-0.0387909203450791,-0.0157951547633091,0.107839583333333));
#4429=CARTESIAN_POINT('',(-0.0377292913935876,-0.0153001090531096,0.10778125));
#4430=CARTESIAN_POINT('',(-0.0366676624420961,-0.01480506334291,0.107722916666667));
#4431=CARTESIAN_POINT('',(-0.0357081258052831,-0.0154769381291949,0.107664583333333));
#4432=CARTESIAN_POINT('',(-0.0347485891684701,-0.0161488129154798,0.10760625));
#4433=CARTESIAN_POINT('',(-0.0348506814831485,-0.0173157334119642,0.107547916666667));
#4434=CARTESIAN_POINT('',(-0.0349527737978269,-0.0184826539084486,0.107489583333333));
#4435=CARTESIAN_POINT('',(-0.0360144027493184,-0.0189776996186481,0.10743125));
#4436=CARTESIAN_POINT('',(-0.0370760317008098,-0.0194727453288476,0.107372916666667));
#4437=CARTESIAN_POINT('',(-0.0380355683376229,-0.0188008705425627,0.107314583333333));
#4438=CARTESIAN_POINT('',(-0.0389951049744359,-0.0181289957562779,0.10725625));
#4439=CARTESIAN_POINT('',(-0.0388930126597574,-0.0169620752597935,0.107197916666667));
#4440=CARTESIAN_POINT('',(-0.0387909203450791,-0.0157951547633091,0.107139583333333));
#4441=CARTESIAN_POINT('',(-0.0377292913935876,-0.0153001090531096,0.10708125));
#4442=CARTESIAN_POINT('',(-0.0366676624420961,-0.01480506334291,0.107022916666667));
#4443=CARTESIAN_POINT('',(-0.0357081258052831,-0.0154769381291949,0.106964583333333));
#4444=CARTESIAN_POINT('',(-0.0347485891684701,-0.0161488129154798,0.10690625));
#4445=CARTESIAN_POINT('',(-0.0348506814831485,-0.0173157334119642,0.106847916666667));
#4446=CARTESIAN_POINT('',(-0.0349527737978269,-0.0184826539084486,0.106789583333333));
#4447=CARTESIAN_POINT('',(-0.0360144027493184,-0.0189776996186481,0.10673125));
#4448=CARTESIAN_POINT('',(-0.0370760317008098,-0.0194727453288476,0.106672916666667));
#4449=CARTESIAN_POINT('',(-0.0380355683376229,-0.0188008705425627,0.106614583333333));
#4450=CARTESIAN_POINT('',(-0.0389951049744359,-0.0181289957562779,0.10655625));
#4451=CARTESIAN_POINT('',(-0.0388930126597574,-0.0169620752597935,0.106497916666667));
#4452=CARTESIAN_POINT('',(-0.0387909203450791,-0.0157951547633091,0.106439583333333));
#4453=CARTESIAN_POINT('',(-0.0377292913935876,-0.0153001090531096,0.10638125));
#4454=CARTESIAN_POINT('',(-0.0366676624420961,-0.01480506334291,0.106322916666667));
#4455=CARTESIAN_POINT('',(-0.0357081258052831,-0.0154769381291949,0.106264583333333));
#4456=CARTESIAN_POINT('',(-0.0347485891684701,-0.0161488129154798,0.10620625));
#4457=CARTESIAN_POINT('',(-0.0348506814831485,-0.0173157334119642,0.106147916666667));
#4458=CARTESIAN_POINT('',(-0.0349527737978269,-0.0184826539084486,0.106089583333333));
#4459=CARTESIAN_POINT('',(-0.0360144027493184,-0.0189776996186481,0.10603125));
#4460=CARTESIAN_POINT('',(-0.0370760317008098,-0.0194727453288476,0.105972916666667));
#4461=CARTESIAN_POINT('',(-0.0380355683376229,-0.0188008705425627,0.105914583333333));
#4462=CARTESIAN_POINT('',(-0.0389951049744359,-0.0181289957562779,0.10585625));
#4463=CARTESIAN_POINT('',(-0.0388930126597574,-0.0169620752597935,0.105797916666667));
#4464=CARTESIAN_POINT('',(-0.0387909203450791,-0.0157951547633091,0.105739583333333));
#4465=CARTESIAN_POINT('',(-0.0377292913935876,-0.0153001090531096,0.10568125));
#4466=CARTESIAN_POINT('',(-0.0366676624420961,-0.01480506334291,0.105622916666667));
#4467=CARTESIAN_POINT('',(-0.0357081258052831,-0.0154769381291949,0.105564583333333));
#4468=CARTESIAN_POINT('',(-0.0347485891684701,-0.0161488129154798,0.10550625));
#4469=CARTESIAN_POINT('',(-0.0348506814831485,-0.0173157334119642,0.105447916666667));
#4470=CARTESIAN_POINT('',(-0.0349527737978269,-0.0184826539084486,0.105389583333333));
#4471=CARTESIAN_POINT('',(-0.0360144027493184,-0.0189776996186481,0.10533125));
#4472=CARTESIAN_POINT('',(-0.0370760317008098,-0.0194727453288476,0.105272916666667));
#4473=CARTESIAN_POINT('',(-0.0380355683376229,-0.0188008705425627,0.105214583333333));
#4474=CARTESIAN_POINT('',(-0.0389951049744359,-0.0181289957562779,0.10515625));
#4475=CARTESIAN_POINT('',(-0.0388930126597574,-0.0169620752597935,0.105097916666667));
#4476=CARTESIAN_POINT('',(-0.0387909203450791,-0.0157951547633091,0.105039583333333));
#4477=CARTESIAN_POINT('',(-0.0377292913935876,-0.0153001090531096,0.10498125));
#4478=CARTESIAN_POINT('',(-0.0366676624420961,-0.01480506334291,0.104922916666667));
#4479=CARTESIAN_POINT('',(-0.0357081258052831,-0.0154769381291949,0.104864583333333));
#4480=CARTESIAN_POINT('',(-0.0347485891684701,-0.0161488129154798,0.10480625));
#4481=CARTESIAN_POINT('',(-0.0348506814831485,-0.0173157334119642,0.104747916666667));
#4482=CARTESIAN_POINT('',(-0.0349527737978269,-0.0184826539084486,0.104689583333333));
#4483=CARTESIAN_POINT('',(-0.0360144027493184,-0.0189776996186481,0.10463125));
#4484=CARTESIAN_POINT('',(-0.0370760317008098,-0.0194727453288476,0.104572916666667));
#4485=CARTESIAN_POINT('',(-0.0380355683376229,-0.0188008705425627,0.104514583333333));
#4486=CARTESIAN_POINT('',(-0.0389951049744359,-0.0181289957562779,0.10445625));
#4487=CARTESIAN_POINT('',(-0.0388930126597574,-0.0169620752597935,0.104397916666667));
#4488=CARTESIAN_POINT('',(-0.0387909203450791,-0.0157951547633091,0.104339583333333));
#4489=CARTESIAN_POINT('',(-0.0377292913935876,-0.0153001090531096,0.10428125));
#4490=CARTESIAN_POINT('',(-0.0366676624420961,-0.01480506334291,0.104222916666667));
#4491=CARTESIAN_POINT('',(-0.0357081258052831,-0.0154769381291949,0.104164583333333));
#4492=CARTESIAN_POINT('',(-0.0347485891684701,-0.0161488129154798,0.10410625));
#4493=CARTESIAN_POINT('',(-0.0348506814831485,-0.0173157334119642,0.104047916666667));
#4494=CARTESIAN_POINT('',(-0.0349527737978269,-0.0184826539084486,0.103989583333333));
#4495=CARTESIAN_POINT('',(-0.0360144027493184,-0.0189776996186481,0.10393125));
#4496=CARTESIAN_POINT('',(-0.0370760317008098,-0.0194727453288476,0.103872916666667));
#4497=CARTESIAN_POINT('',(-0.0380355683376229,-0.0188008705425627,0.103814583333333));
#4498=CARTESIAN_POINT('',(-0.0389951049744359,-0.0181289957562779,0.10375625));
#4499=CARTESIAN_POINT('',(-0.0388930126597574,-0.0169620752597935,0.103697916666667));
#4500=CARTESIAN_POINT('',(-0.0387909203450791,-0.0157951547633091,0.103639583333333));
#4501=CARTESIAN_POINT('',(-0.0377292913935876,-0.0153001090531096,0.10358125));
#4502=CARTESIAN_POINT('',(-0.0366676624420961,-0.01480506334291,0.103522916666667));
#4503=CARTESIAN_POINT('',(-0.0357081258052831,-0.0154769381291949,0.103464583333333));
#4504=CARTESIAN_POINT('',(-0.0347485891684701,-0.0161488129154798,0.10340625));
#4505=CARTESIAN_POINT('',(-0.0348506814831485,-0.0173157334119642,0.103347916666667));
#4506=CARTESIAN_POINT('',(-0.0349527737978269,-0.0184826539084486,0.103289583333333));
#4507=CARTESIAN_POINT('',(-0.0360144027493184,-0.0189776996186481,0.10323125));
#4508=CARTESIAN_POINT('',(-0.0370760317008098,-0.0194727453288476,0.103172916666667));
#4509=CARTESIAN_POINT('',(-0.0380355683376229,-0.0188008705425627,0.103114583333333));
#4510=CARTESIAN_POINT('',(-0.0389951049744359,-0.0181289957562779,0.10305625));
#4511=CARTESIAN_POINT('',(-0.0388930126597574,-0.0169620752597935,0.102997916666667));
#4512=CARTESIAN_POINT('',(-0.0387909203450791,-0.0157951547633091,0.102939583333333));
#4513=CARTESIAN_POINT('',(-0.0377292913935876,-0.0153001090531096,0.10288125));
#4514=CARTESIAN_POINT('',(-0.0366676624420961,-0.01480506334291,0.102822916666667));
#4515=CARTESIAN_POINT('',(-0.0357081258052831,-0.0154769381291949,0.102764583333333));
#4516=CARTESIAN_POINT('',(-0.0347485891684701,-0.0161488129154798,0.10270625));
#4517=CARTESIAN_POINT('',(-0.0348506814831485,-0.0173157334119642,0.102647916666667));
#4518=CARTESIAN_POINT('',(-0.0349527737978269,-0.0184826539084486,0.102589583333333));
#4519=CARTESIAN_POINT('',(-0.0360144027493184,-0.0189776996186481,0.10253125));
#4520=CARTESIAN_POINT('',(-0.0370760317008098,-0.0194727453288476,0.102472916666667));
#4521=CARTESIAN_POINT('',(-0.0380355683376229,-0.0188008705425627,0.102414583333333));
#4522=CARTESIAN_POINT('',(-0.0389951049744359,-0.0181289957562779,0.10235625));
#4523=CARTESIAN_POINT('',(-0.0388930126597574,-0.0169620752597935,0.102297916666667));
#4524=CARTESIAN_POINT('',(-0.0387909203450791,-0.0157951547633091,0.102239583333333));
#4525=CARTESIAN_POINT('',(-0.0377292913935876,-0.0153001090531096,0.10218125));
#4526=CARTESIAN_POINT('',(-0.0366676624420961,-0.01480506334291,0.102122916666667));
#4527=CARTESIAN_POINT('',(-0.0357081258052831,-0.0154769381291949,0.102064583333333));
#4528=CARTESIAN_POINT('',(-0.0347485891684701,-0.0161488129154798,0.10200625));
#4529=CARTESIAN_POINT('',(-0.0348506814831485,-0.0173157334119642,0.101947916666667));
#4530=CARTESIAN_POINT('',(-0.0349527737978269,-0.0184826539084486,0.101889583333333));
#4531=CARTESIAN_POINT('',(-0.0360144027493184,-0.0189776996186481,0.10183125));
#4532=CARTESIAN_POINT('',(-0.0370760317008098,-0.0194727453288476,0.101772916666667));
#4533=CARTESIAN_POINT('',(-0.0380355683376229,-0.0188008705425627,0.101714583333333));
#4534=CARTESIAN_POINT('',(-0.0389951049744359,-0.0181289957562779,0.10165625));
#4535=CARTESIAN_POINT('',(-0.0388930126597574,-0.0169620752597935,0.101597916666667));
#4536=CARTESIAN_POINT('',(-0.0387909203450791,-0.0157951547633091,0.101539583333333));
#4537=CARTESIAN_POINT('',(-0.0377292913935876,-0.0153001090531096,0.10148125));
#4538=CARTESIAN_POINT('',(-0.0366676624420961,-0.01480506334291,0.101422916666667));
#4539=CARTESIAN_POINT('',(-0.0357081258052831,-0.0154769381291949,0.101364583333333));
#4540=CARTESIAN_POINT('',(-0.0347485891684701,-0.0161488129154798,0.10130625));
#4541=CARTESIAN_POINT('',(-0.0348506814831485,-0.0173157334119642,0.101247916666667));
#4542=CARTESIAN_POINT('',(-0.0349527737978269,-0.0184826539084486,0.101189583333333));
#4543=CARTESIAN_POINT('',(-0.0360144027493184,-0.0189776996186481,0.10113125));
#4544=CARTESIAN_POINT('',(-0.0370760317008098,-0.0194727453288476,0.101072916666667));
#4545=CARTESIAN_POINT('',(-0.0380355683376229,-0.0188008705425627,0.101014583333333));
#4546=CARTESIAN_POINT('',(-0.0389951049744359,-0.0181289957562779,0.10095625));
#4547=CARTESIAN_POINT('',(-0.0388930126597574,-0.0169620752597935,0.100897916666667));
#4548=CARTESIAN_POINT('',(-0.0387909203450791,-0.0157951547633091,0.100839583333333));
#4549=CARTESIAN_POINT('',(-0.0377292913935876,-0.0153001090531096,0.10078125));
#4550=CARTESIAN_POINT('',(-0.0366676624420961,-0.01480506334291,0.100722916666667));
#4551=CARTESIAN_POINT('',(-0.0357081258052831,-0.0154769381291949,0.100664583333333));
#4552=CARTESIAN_POINT('',(-0.0347485891684701,-0.0161488129154798,0.10060625));
#4553=CARTESIAN_POINT('',(-0.0348506814831485,-0.0173157334119642,0.100547916666667));
#4554=CARTESIAN_POINT('',(-0.0349527737978269,-0.0184826539084486,0.100489583333333));
#4555=CARTESIAN_POINT('',(-0.0360144027493184,-0.0189776996186481,0.10043125));
#4556=CARTESIAN_POINT('',(-0.0370760317008098,-0.0194727453288476,0.100372916666667));
#4557=CARTESIAN_POINT('',(-0.0380355683376229,-0.0188008705425627,0.100314583333333));
#4558=CARTESIAN_POINT('',(-0.0389951049744359,-0.0181289957562779,0.10025625));
#4559=CARTESIAN_POINT('',(-0.0388930126597574,-0.0169620752597935,0.100197916666667));
#4560=CARTESIAN_POINT('',(-0.0387909203450791,-0.0157951547633091,0.100139583333333));
#4561=CARTESIAN_POINT('',(-0.0377292913935876,-0.0153001090531096,0.10008125));
#4562=CARTESIAN_POINT('',(-0.0366676624420961,-0.01480506334291,0.100022916666667));
#4563=CARTESIAN_POINT('',(-0.0357081258052831,-0.0154769381291949,0.0999645833333333));
#4564=CARTESIAN_POINT('',(-0.0347485891684701,-0.0161488129154798,0.09990625));
#4565=CARTESIAN_POINT('',(-0.0348506814831485,-0.0173157334119642,0.0998479166666667));
#4566=CARTESIAN_POINT('',(-0.0349527737978269,-0.0184826539084486,0.0997895833333333));
#4567=CARTESIAN_POINT('',(-0.0360144027493184,-0.0189776996186481,0.09973125));
#4568=CARTESIAN_POINT('',(-0.0370760317008098,-0.0194727453288476,0.0996729166666666));
#4569=CARTESIAN_POINT('',(-0.0380355683376229,-0.0188008705425627,0.0996145833333333));
#4570=CARTESIAN_POINT('',(-0.0389951049744359,-0.0181289957562779,0.0995562499999999));
#4571=CARTESIAN_POINT('',(-0.0388930126597574,-0.0169620752597935,0.0994979166666667));
#4572=CARTESIAN_POINT('',(-0.0387909203450791,-0.0157951547633091,0.0994395833333334));
#4573=CARTESIAN_POINT('',(-0.0377292913935876,-0.0153001090531096,0.09938125));
#4574=CARTESIAN_POINT('',(-0.0366676624420961,-0.01480506334291,0.0993229166666667));
#4575=CARTESIAN_POINT('',(-0.0357081258052831,-0.0154769381291949,0.0992645833333333));
#4576=CARTESIAN_POINT('',(-0.0347485891684701,-0.0161488129154798,0.09920625));
#4577=CARTESIAN_POINT('',(-0.0348506814831485,-0.0173157334119642,0.0991479166666667));
#4578=CARTESIAN_POINT('',(-0.0349527737978269,-0.0184826539084486,0.0990895833333333));
#4579=CARTESIAN_POINT('',(-0.0360144027493184,-0.0189776996186481,0.09903125));
#4580=CARTESIAN_POINT('',(-0.0370760317008098,-0.0194727453288476,0.0989729166666666));
#4581=CARTESIAN_POINT('',(-0.0380355683376229,-0.0188008705425627,0.0989145833333333));
#4582=CARTESIAN_POINT('',(-0.0389951049744359,-0.0181289957562779,0.09885625));
#4583=CARTESIAN_POINT('',(-0.0388930126597574,-0.0169620752597935,0.0987979166666667));
#4584=CARTESIAN_POINT('',(-0.0387909203450791,-0.0157951547633091,0.0987395833333333));
#4585=CARTESIAN_POINT('',(-0.0377292913935876,-0.0153001090531096,0.09868125));
#4586=CARTESIAN_POINT('',(-0.0366676624420961,-0.01480506334291,0.0986229166666667));
#4587=CARTESIAN_POINT('',(-0.0357081258052831,-0.0154769381291949,0.0985645833333333));
#4588=CARTESIAN_POINT('',(-0.0347485891684701,-0.0161488129154798,0.09850625));
#4589=CARTESIAN_POINT('',(-0.0348506814831485,-0.0173157334119642,0.0984479166666667));
#4590=CARTESIAN_POINT('',(-0.0349527737978269,-0.0184826539084486,0.0983895833333333));
#4591=CARTESIAN_POINT('',(-0.0360144027493184,-0.0189776996186481,0.09833125));
#4592=CARTESIAN_POINT('',(-0.0370760317008098,-0.0194727453288476,0.0982729166666667));
#4593=CARTESIAN_POINT('',(-0.0380355683376229,-0.0188008705425627,0.0982145833333333));
#4594=CARTESIAN_POINT('',(-0.0389951049744359,-0.0181289957562779,0.09815625));
#4595=CARTESIAN_POINT('',(-0.0388930126597574,-0.0169620752597935,0.0980979166666667));
#4596=CARTESIAN_POINT('',(-0.0387909203450791,-0.0157951547633091,0.0980395833333333));
#4597=CARTESIAN_POINT('',(-0.0377292913935876,-0.0153001090531096,0.09798125));
#4598=CARTESIAN_POINT('',(-0.0373968355095593,-0.0151450823283885,0.0979629825442431));
#4599=CARTESIAN_POINT('',(-0.0370311434166008,-0.0151162814021816,0.0979421785795243));
#4600=CARTESIAN_POINT('',(-0.036871847071453,-0.0171389043358788,0.108));
#4601=CARTESIAN_POINT('',(-0.00157419974851353,0.0418768747958209,0.108059026694145));
#4602=CARTESIAN_POINT('',(-0.00132492162317968,0.0422096353175135,0.108035288488922));
#4603=CARTESIAN_POINT('',(-0.000964849600626837,0.0424175229966621,0.108014583333333));
#4604=CARTESIAN_POINT('',(4.95934556231686E-5,0.0430032119682656,0.10795625));
#4605=CARTESIAN_POINT('',(0.00106403651187317,0.0424175229966621,0.107897916666667));
#4606=CARTESIAN_POINT('',(0.00207847956812318,0.0418318340250586,0.107839583333333));
#4607=CARTESIAN_POINT('',(0.00207847956812318,0.0406604560818516,0.10778125));
#4608=CARTESIAN_POINT('',(0.00207847956812318,0.0394890781386446,0.107722916666667));
#4609=CARTESIAN_POINT('',(0.00106403651187317,0.0389033891670411,0.107664583333333));
#4610=CARTESIAN_POINT('',(4.95934556231691E-5,0.0383177001954376,0.10760625));
#4611=CARTESIAN_POINT('',(-0.000964849600626836,0.0389033891670411,0.107547916666667));
#4612=CARTESIAN_POINT('',(-0.00197929265687684,0.0394890781386446,0.107489583333333));
#4613=CARTESIAN_POINT('',(-0.00197929265687684,0.0406604560818516,0.10743125));
#4614=CARTESIAN_POINT('',(-0.00197929265687684,0.0418318340250585,0.107372916666667));
#4615=CARTESIAN_POINT('',(-0.000964849600626837,0.0424175229966621,0.107314583333333));
#4616=CARTESIAN_POINT('',(4.95934556231686E-5,0.0430032119682656,0.10725625));
#4617=CARTESIAN_POINT('',(0.00106403651187317,0.0424175229966621,0.107197916666667));
#4618=CARTESIAN_POINT('',(0.00207847956812318,0.0418318340250586,0.107139583333333));
#4619=CARTESIAN_POINT('',(0.00207847956812318,0.0406604560818516,0.10708125));
#4620=CARTESIAN_POINT('',(0.00207847956812318,0.0394890781386446,0.107022916666667));
#4621=CARTESIAN_POINT('',(0.00106403651187317,0.0389033891670411,0.106964583333333));
#4622=CARTESIAN_POINT('',(4.95934556231691E-5,0.0383177001954376,0.10690625));
#4623=CARTESIAN_POINT('',(-0.000964849600626836,0.0389033891670411,0.106847916666667));
#4624=CARTESIAN_POINT('',(-0.00197929265687684,0.0394890781386446,0.106789583333333));
#4625=CARTESIAN_POINT('',(-0.00197929265687684,0.0406604560818516,0.10673125));
#4626=CARTESIAN_POINT('',(-0.00197929265687684,0.0418318340250585,0.106672916666667));
#4627=CARTESIAN_POINT('',(-0.000964849600626837,0.0424175229966621,0.106614583333333));
#4628=CARTESIAN_POINT('',(4.95934556231686E-5,0.0430032119682656,0.10655625));
#4629=CARTESIAN_POINT('',(0.00106403651187317,0.0424175229966621,0.106497916666667));
#4630=CARTESIAN_POINT('',(0.00207847956812318,0.0418318340250586,0.106439583333333));
#4631=CARTESIAN_POINT('',(0.00207847956812318,0.0406604560818516,0.10638125));
#4632=CARTESIAN_POINT('',(0.00207847956812318,0.0394890781386446,0.106322916666667));
#4633=CARTESIAN_POINT('',(0.00106403651187317,0.0389033891670411,0.106264583333333));
#4634=CARTESIAN_POINT('',(4.95934556231691E-5,0.0383177001954376,0.10620625));
#4635=CARTESIAN_POINT('',(-0.000964849600626836,0.0389033891670411,0.106147916666667));
#4636=CARTESIAN_POINT('',(-0.00197929265687684,0.0394890781386446,0.106089583333333));
#4637=CARTESIAN_POINT('',(-0.00197929265687684,0.0406604560818516,0.10603125));
#4638=CARTESIAN_POINT('',(-0.00197929265687684,0.0418318340250585,0.105972916666667));
#4639=CARTESIAN_POINT('',(-0.000964849600626837,0.0424175229966621,0.105914583333333));
#4640=CARTESIAN_POINT('',(4.95934556231686E-5,0.0430032119682656,0.10585625));
#4641=CARTESIAN_POINT('',(0.00106403651187317,0.0424175229966621,0.105797916666667));
#4642=CARTESIAN_POINT('',(0.00207847956812318,0.0418318340250586,0.105739583333333));
#4643=CARTESIAN_POINT('',(0.00207847956812318,0.0406604560818516,0.10568125));
#4644=CARTESIAN_POINT('',(0.00207847956812318,0.0394890781386446,0.105622916666667));
#4645=CARTESIAN_POINT('',(0.00106403651187317,0.0389033891670411,0.105564583333333));
#4646=CARTESIAN_POINT('',(4.95934556231691E-5,0.0383177001954376,0.10550625));
#4647=CARTESIAN_POINT('',(-0.000964849600626836,0.0389033891670411,0.105447916666667));
#4648=CARTESIAN_POINT('',(-0.00197929265687684,0.0394890781386446,0.105389583333333));
#4649=CARTESIAN_POINT('',(-0.00197929265687684,0.0406604560818516,0.10533125));
#4650=CARTESIAN_POINT('',(-0.00197929265687684,0.0418318340250585,0.105272916666667));
#4651=CARTESIAN_POINT('',(-0.000964849600626837,0.0424175229966621,0.105214583333333));
#4652=CARTESIAN_POINT('',(4.95934556231686E-5,0.0430032119682656,0.10515625));
#4653=CARTESIAN_POINT('',(0.00106403651187317,0.0424175229966621,0.105097916666667));
#4654=CARTESIAN_POINT('',(0.00207847956812318,0.0418318340250586,0.105039583333333));
#4655=CARTESIAN_POINT('',(0.00207847956812318,0.0406604560818516,0.10498125));
#4656=CARTESIAN_POINT('',(0.00207847956812318,0.0394890781386446,0.104922916666667));
#4657=CARTESIAN_POINT('',(0.00106403651187317,0.0389033891670411,0.104864583333333));
#4658=CARTESIAN_POINT('',(4.95934556231691E-5,0.0383177001954376,0.10480625));
#4659=CARTESIAN_POINT('',(-0.000964849600626836,0.0389033891670411,0.104747916666667));
#4660=CARTESIAN_POINT('',(-0.00197929265687684,0.0394890781386446,0.104689583333333));
#4661=CARTESIAN_POINT('',(-0.00197929265687684,0.0406604560818516,0.10463125));
#4662=CARTESIAN_POINT('',(-0.00197929265687684,0.0418318340250585,0.104572916666667));
#4663=CARTESIAN_POINT('',(-0.000964849600626837,0.0424175229966621,0.104514583333333));
#4664=CARTESIAN_POINT('',(4.95934556231686E-5,0.0430032119682656,0.10445625));
#4665=CARTESIAN_POINT('',(0.00106403651187317,0.0424175229966621,0.104397916666667));
#4666=CARTESIAN_POINT('',(0.00207847956812318,0.0418318340250586,0.104339583333333));
#4667=CARTESIAN_POINT('',(0.00207847956812318,0.0406604560818516,0.10428125));
#4668=CARTESIAN_POINT('',(0.00207847956812318,0.0394890781386446,0.104222916666667));
#4669=CARTESIAN_POINT('',(0.00106403651187317,0.0389033891670411,0.104164583333333));
#4670=CARTESIAN_POINT('',(4.95934556231691E-5,0.0383177001954376,0.10410625));
#4671=CARTESIAN_POINT('',(-0.000964849600626836,0.0389033891670411,0.104047916666667));
#4672=CARTESIAN_POINT('',(-0.00197929265687684,0.0394890781386446,0.103989583333333));
#4673=CARTESIAN_POINT('',(-0.00197929265687684,0.0406604560818516,0.10393125));
#4674=CARTESIAN_POINT('',(-0.00197929265687684,0.0418318340250585,0.103872916666667));
#4675=CARTESIAN_POINT('',(-0.000964849600626837,0.0424175229966621,0.103814583333333));
#4676=CARTESIAN_POINT('',(4.95934556231686E-5,0.0430032119682656,0.10375625));
#4677=CARTESIAN_POINT('',(0.00106403651187317,0.0424175229966621,0.103697916666667));
#4678=CARTESIAN_POINT('',(0.00207847956812318,0.0418318340250586,0.103639583333333));
#4679=CARTESIAN_POINT('',(0.00207847956812318,0.0406604560818516,0.10358125));
#4680=CARTESIAN_POINT('',(0.00207847956812318,0.0394890781386446,0.103522916666667));
#4681=CARTESIAN_POINT('',(0.00106403651187317,0.0389033891670411,0.103464583333333));
#4682=CARTESIAN_POINT('',(4.95934556231691E-5,0.0383177001954376,0.10340625));
#4683=CARTESIAN_POINT('',(-0.000964849600626836,0.0389033891670411,0.103347916666667));
#4684=CARTESIAN_POINT('',(-0.00197929265687684,0.0394890781386446,0.103289583333333));
#4685=CARTESIAN_POINT('',(-0.00197929265687684,0.0406604560818516,0.10323125));
#4686=CARTESIAN_POINT('',(-0.00197929265687684,0.0418318340250585,0.103172916666667));
#4687=CARTESIAN_POINT('',(-0.000964849600626837,0.0424175229966621,0.103114583333333));
#4688=CARTESIAN_POINT('',(4.95934556231686E-5,0.0430032119682656,0.10305625));
#4689=CARTESIAN_POINT('',(0.00106403651187317,0.0424175229966621,0.102997916666667));
#4690=CARTESIAN_POINT('',(0.00207847956812318,0.0418318340250586,0.102939583333333));
#4691=CARTESIAN_POINT('',(0.00207847956812318,0.0406604560818516,0.10288125));
#4692=CARTESIAN_POINT('',(0.00207847956812318,0.0394890781386446,0.102822916666667));
#4693=CARTESIAN_POINT('',(0.00106403651187317,0.0389033891670411,0.102764583333333));
#4694=CARTESIAN_POINT('',(4.95934556231691E-5,0.0383177001954376,0.10270625));
#4695=CARTESIAN_POINT('',(-0.000964849600626836,0.0389033891670411,0.102647916666667));
#4696=CARTESIAN_POINT('',(-0.00197929265687684,0.0394890781386446,0.102589583333333));
#4697=CARTESIAN_POINT('',(-0.00197929265687684,0.0406604560818516,0.10253125));
#4698=CARTESIAN_POINT('',(-0.00197929265687684,0.0418318340250585,0.102472916666667));
#4699=CARTESIAN_POINT('',(-0.000964849600626837,0.0424175229966621,0.102414583333333));
#4700=CARTESIAN_POINT('',(4.95934556231686E-5,0.0430032119682656,0.10235625));
#4701=CARTESIAN_POINT('',(0.00106403651187317,0.0424175229966621,0.102297916666667));
#4702=CARTESIAN_POINT('',(0.00207847956812318,0.0418318340250586,0.102239583333333));
#4703=CARTESIAN_POINT('',(0.00207847956812318,0.0406604560818516,0.10218125));
#4704=CARTESIAN_POINT('',(0.00207847956812318,0.0394890781386446,0.102122916666667));
#4705=CARTESIAN_POINT('',(0.00106403651187317,0.0389033891670411,0.102064583333333));
#4706=CARTESIAN_POINT('',(4.95934556231691E-5,0.0383177001954376,0.10200625));
#4707=CARTESIAN_POINT('',(-0.000964849600626836,0.0389033891670411,0.101947916666667));
#4708=CARTESIAN_POINT('',(-0.00197929265687684,0.0394890781386446,0.101889583333333));
#4709=CARTESIAN_POINT('',(-0.00197929265687684,0.0406604560818516,0.10183125));
#4710=CARTESIAN_POINT('',(-0.00197929265687684,0.0418318340250585,0.101772916666667));
#4711=CARTESIAN_POINT('',(-0.000964849600626837,0.0424175229966621,0.101714583333333));
#4712=CARTESIAN_POINT('',(4.95934556231686E-5,0.0430032119682656,0.10165625));
#4713=CARTESIAN_POINT('',(0.00106403651187317,0.0424175229966621,0.101597916666667));
#4714=CARTESIAN_POINT('',(0.00207847956812318,0.0418318340250586,0.101539583333333));
#4715=CARTESIAN_POINT('',(0.00207847956812318,0.0406604560818516,0.10148125));
#4716=CARTESIAN_POINT('',(0.00207847956812318,0.0394890781386446,0.101422916666667));
#4717=CARTESIAN_POINT('',(0.00106403651187317,0.0389033891670411,0.101364583333333));
#4718=CARTESIAN_POINT('',(4.95934556231691E-5,0.0383177001954376,0.10130625));
#4719=CARTESIAN_POINT('',(-0.000964849600626836,0.0389033891670411,0.101247916666667));
#4720=CARTESIAN_POINT('',(-0.00197929265687684,0.0394890781386446,0.101189583333333));
#4721=CARTESIAN_POINT('',(-0.00197929265687684,0.0406604560818516,0.10113125));
#4722=CARTESIAN_POINT('',(-0.00197929265687684,0.0418318340250585,0.101072916666667));
#4723=CARTESIAN_POINT('',(-0.000964849600626837,0.0424175229966621,0.101014583333333));
#4724=CARTESIAN_POINT('',(4.95934556231686E-5,0.0430032119682656,0.10095625));
#4725=CARTESIAN_POINT('',(0.00106403651187317,0.0424175229966621,0.100897916666667));
#4726=CARTESIAN_POINT('',(0.00207847956812318,0.0418318340250586,0.100839583333333));
#4727=CARTESIAN_POINT('',(0.00207847956812318,0.0406604560818516,0.10078125));
#4728=CARTESIAN_POINT('',(0.00207847956812318,0.0394890781386446,0.100722916666667));
#4729=CARTESIAN_POINT('',(0.00106403651187317,0.0389033891670411,0.100664583333333));
#4730=CARTESIAN_POINT('',(4.95934556231691E-5,0.0383177001954376,0.10060625));
#4731=CARTESIAN_POINT('',(-0.000964849600626836,0.0389033891670411,0.100547916666667));
#4732=CARTESIAN_POINT('',(-0.00197929265687684,0.0394890781386446,0.100489583333333));
#4733=CARTESIAN_POINT('',(-0.00197929265687684,0.0406604560818516,0.10043125));
#4734=CARTESIAN_POINT('',(-0.00197929265687684,0.0418318340250585,0.100372916666667));
#4735=CARTESIAN_POINT('',(-0.000964849600626837,0.0424175229966621,0.100314583333333));
#4736=CARTESIAN_POINT('',(4.95934556231686E-5,0.0430032119682656,0.10025625));
#4737=CARTESIAN_POINT('',(0.00106403651187317,0.0424175229966621,0.100197916666667));
#4738=CARTESIAN_POINT('',(0.00207847956812318,0.0418318340250586,0.100139583333333));
#4739=CARTESIAN_POINT('',(0.00207847956812318,0.0406604560818516,0.10008125));
#4740=CARTESIAN_POINT('',(0.00207847956812318,0.0394890781386446,0.100022916666667));
#4741=CARTESIAN_POINT('',(0.00106403651187317,0.0389033891670411,0.0999645833333333));
#4742=CARTESIAN_POINT('',(4.95934556231691E-5,0.0383177001954376,0.09990625));
#4743=CARTESIAN_POINT('',(-0.000964849600626836,0.0389033891670411,0.0998479166666667));
#4744=CARTESIAN_POINT('',(-0.00197929265687684,0.0394890781386446,0.0997895833333333));
#4745=CARTESIAN_POINT('',(-0.00197929265687684,0.0406604560818516,0.09973125));
#4746=CARTESIAN_POINT('',(-0.00197929265687684,0.0418318340250585,0.0996729166666666));
#4747=CARTESIAN_POINT('',(-0.000964849600626837,0.0424175229966621,0.0996145833333333));
#4748=CARTESIAN_POINT('',(4.95934556231686E-5,0.0430032119682656,0.0995562499999999));
#4749=CARTESIAN_POINT('',(0.00106403651187317,0.0424175229966621,0.0994979166666667));
#4750=CARTESIAN_POINT('',(0.00207847956812318,0.0418318340250586,0.0994395833333334));
#4751=CARTESIAN_POINT('',(0.00207847956812318,0.0406604560818516,0.09938125));
#4752=CARTESIAN_POINT('',(0.00207847956812318,0.0394890781386446,0.0993229166666667));
#4753=CARTESIAN_POINT('',(0.00106403651187317,0.0389033891670411,0.0992645833333333));
#4754=CARTESIAN_POINT('',(4.95934556231691E-5,0.0383177001954376,0.09920625));
#4755=CARTESIAN_POINT('',(-0.000964849600626836,0.0389033891670411,0.0991479166666667));
#4756=CARTESIAN_POINT('',(-0.00197929265687684,0.0394890781386446,0.0990895833333333));
#4757=CARTESIAN_POINT('',(-0.00197929265687684,0.0406604560818516,0.09903125));
#4758=CARTESIAN_POINT('',(-0.00197929265687684,0.0418318340250585,0.0989729166666666));
#4759=CARTESIAN_POINT('',(-0.000964849600626837,0.0424175229966621,0.0989145833333333));
#4760=CARTESIAN_POINT('',(4.95934556231686E-5,0.0430032119682656,0.09885625));
#4761=CARTESIAN_POINT('',(0.00106403651187317,0.0424175229966621,0.0987979166666667));
#4762=CARTESIAN_POINT('',(0.00207847956812318,0.0418318340250586,0.0987395833333333));
#4763=CARTESIAN_POINT('',(0.00207847956812318,0.0406604560818516,0.09868125));
#4764=CARTESIAN_POINT('',(0.00207847956812318,0.0394890781386446,0.0986229166666667));
#4765=CARTESIAN_POINT('',(0.00106403651187317,0.0389033891670411,0.0985645833333333));
#4766=CARTESIAN_POINT('',(4.95934556231691E-5,0.0383177001954376,0.09850625));
#4767=CARTESIAN_POINT('',(-0.000964849600626836,0.0389033891670411,0.0984479166666667));
#4768=CARTESIAN_POINT('',(-0.00197929265687684,0.0394890781386446,0.0983895833333333));
#4769=CARTESIAN_POINT('',(-0.00197929265687684,0.0406604560818516,0.09833125));
#4770=CARTESIAN_POINT('',(-0.00197929265687684,0.0418318340250585,0.0982729166666667));
#4771=CARTESIAN_POINT('',(-0.000964849600626837,0.0424175229966621,0.0982145833333333));
#4772=CARTESIAN_POINT('',(4.95934556231686E-5,0.0430032119682656,0.09815625));
#4773=CARTESIAN_POINT('',(0.00106403651187317,0.0424175229966621,0.0980979166666667));
#4774=CARTESIAN_POINT('',(0.00207847956812318,0.0418318340250586,0.0980395833333333));
#4775=CARTESIAN_POINT('',(0.00207847956812318,0.0406604560818516,0.09798125));
#4776=CARTESIAN_POINT('',(0.00207847956812318,0.0394890781386446,0.0979229166666667));
#4777=CARTESIAN_POINT('',(0.00106403651187317,0.0389033891670411,0.0978645833333333));
#4778=CARTESIAN_POINT('',(4.95934556231691E-5,0.0383177001954376,0.09780625));
#4779=CARTESIAN_POINT('',(-0.000964849600626836,0.0389033891670411,0.0977479166666667));
#4780=CARTESIAN_POINT('',(-0.00117116107069789,0.0390225031498236,0.0977360531759759));
#4781=CARTESIAN_POINT('',(-0.00134426920165658,0.039186167863715,0.0977229257506361));
#4782=CARTESIAN_POINT('',(-0.00127096306567124,0.0416497136186269,0.108277776694145));
#4783=CARTESIAN_POINT('',(-0.00106823660198915,0.0419203324855066,0.108254038488922));
#4784=CARTESIAN_POINT('',(-0.000775406544376835,0.0420893979980959,0.108233333333333));
#4785=CARTESIAN_POINT('',(4.95934556231686E-5,0.0425657119701773,0.108175));
#4786=CARTESIAN_POINT('',(0.000874593455623171,0.0420893979980959,0.108116666666667));
#4787=CARTESIAN_POINT('',(0.00169959345562317,0.0416130840260144,0.108058333333333));
#4788=CARTESIAN_POINT('',(0.00169959345562317,0.0406604560818516,0.108));
#4789=CARTESIAN_POINT('',(0.00169959345562317,0.0397078281376887,0.107941666666667));
#4790=CARTESIAN_POINT('',(0.000874593455623172,0.0392315141656073,0.107883333333333));
#4791=CARTESIAN_POINT('',(4.95934556231691E-5,0.0387552001935258,0.107825));
#4792=CARTESIAN_POINT('',(-0.000775406544376834,0.0392315141656073,0.107766666666667));
#4793=CARTESIAN_POINT('',(-0.00160040654437684,0.0397078281376887,0.107708333333333));
#4794=CARTESIAN_POINT('',(-0.00160040654437684,0.0406604560818516,0.10765));
#4795=CARTESIAN_POINT('',(-0.00160040654437684,0.0416130840260144,0.107591666666667));
#4796=CARTESIAN_POINT('',(-0.000775406544376835,0.0420893979980959,0.107533333333333));
#4797=CARTESIAN_POINT('',(4.95934556231686E-5,0.0425657119701773,0.107475));
#4798=CARTESIAN_POINT('',(0.000874593455623171,0.0420893979980959,0.107416666666667));
#4799=CARTESIAN_POINT('',(0.00169959345562317,0.0416130840260144,0.107358333333333));
#4800=CARTESIAN_POINT('',(0.00169959345562317,0.0406604560818516,0.1073));
#4801=CARTESIAN_POINT('',(0.00169959345562317,0.0397078281376887,0.107241666666667));
#4802=CARTESIAN_POINT('',(0.000874593455623172,0.0392315141656073,0.107183333333333));
#4803=CARTESIAN_POINT('',(4.95934556231691E-5,0.0387552001935258,0.107125));
#4804=CARTESIAN_POINT('',(-0.000775406544376834,0.0392315141656073,0.107066666666667));
#4805=CARTESIAN_POINT('',(-0.00160040654437684,0.0397078281376887,0.107008333333333));
#4806=CARTESIAN_POINT('',(-0.00160040654437684,0.0406604560818516,0.10695));
#4807=CARTESIAN_POINT('',(-0.00160040654437684,0.0416130840260144,0.106891666666667));
#4808=CARTESIAN_POINT('',(-0.000775406544376835,0.0420893979980959,0.106833333333333));
#4809=CARTESIAN_POINT('',(4.95934556231686E-5,0.0425657119701773,0.106775));
#4810=CARTESIAN_POINT('',(0.000874593455623171,0.0420893979980959,0.106716666666667));
#4811=CARTESIAN_POINT('',(0.00169959345562317,0.0416130840260144,0.106658333333333));
#4812=CARTESIAN_POINT('',(0.00169959345562317,0.0406604560818516,0.1066));
#4813=CARTESIAN_POINT('',(0.00169959345562317,0.0397078281376887,0.106541666666667));
#4814=CARTESIAN_POINT('',(0.000874593455623172,0.0392315141656073,0.106483333333333));
#4815=CARTESIAN_POINT('',(4.95934556231691E-5,0.0387552001935258,0.106425));
#4816=CARTESIAN_POINT('',(-0.000775406544376834,0.0392315141656073,0.106366666666667));
#4817=CARTESIAN_POINT('',(-0.00160040654437684,0.0397078281376887,0.106308333333333));
#4818=CARTESIAN_POINT('',(-0.00160040654437684,0.0406604560818516,0.10625));
#4819=CARTESIAN_POINT('',(-0.00160040654437684,0.0416130840260144,0.106191666666667));
#4820=CARTESIAN_POINT('',(-0.000775406544376835,0.0420893979980959,0.106133333333333));
#4821=CARTESIAN_POINT('',(4.95934556231686E-5,0.0425657119701773,0.106075));
#4822=CARTESIAN_POINT('',(0.000874593455623171,0.0420893979980959,0.106016666666667));
#4823=CARTESIAN_POINT('',(0.00169959345562317,0.0416130840260144,0.105958333333333));
#4824=CARTESIAN_POINT('',(0.00169959345562317,0.0406604560818516,0.1059));
#4825=CARTESIAN_POINT('',(0.00169959345562317,0.0397078281376887,0.105841666666667));
#4826=CARTESIAN_POINT('',(0.000874593455623172,0.0392315141656073,0.105783333333333));
#4827=CARTESIAN_POINT('',(4.95934556231691E-5,0.0387552001935258,0.105725));
#4828=CARTESIAN_POINT('',(-0.000775406544376834,0.0392315141656073,0.105666666666667));
#4829=CARTESIAN_POINT('',(-0.00160040654437684,0.0397078281376887,0.105608333333333));
#4830=CARTESIAN_POINT('',(-0.00160040654437684,0.0406604560818516,0.10555));
#4831=CARTESIAN_POINT('',(-0.00160040654437684,0.0416130840260144,0.105491666666667));
#4832=CARTESIAN_POINT('',(-0.000775406544376835,0.0420893979980959,0.105433333333333));
#4833=CARTESIAN_POINT('',(4.95934556231686E-5,0.0425657119701773,0.105375));
#4834=CARTESIAN_POINT('',(0.000874593455623171,0.0420893979980959,0.105316666666667));
#4835=CARTESIAN_POINT('',(0.00169959345562317,0.0416130840260144,0.105258333333333));
#4836=CARTESIAN_POINT('',(0.00169959345562317,0.0406604560818516,0.1052));
#4837=CARTESIAN_POINT('',(0.00169959345562317,0.0397078281376887,0.105141666666667));
#4838=CARTESIAN_POINT('',(0.000874593455623172,0.0392315141656073,0.105083333333333));
#4839=CARTESIAN_POINT('',(4.95934556231691E-5,0.0387552001935258,0.105025));
#4840=CARTESIAN_POINT('',(-0.000775406544376834,0.0392315141656073,0.104966666666667));
#4841=CARTESIAN_POINT('',(-0.00160040654437684,0.0397078281376887,0.104908333333333));
#4842=CARTESIAN_POINT('',(-0.00160040654437684,0.0406604560818516,0.10485));
#4843=CARTESIAN_POINT('',(-0.00160040654437684,0.0416130840260144,0.104791666666667));
#4844=CARTESIAN_POINT('',(-0.000775406544376835,0.0420893979980959,0.104733333333333));
#4845=CARTESIAN_POINT('',(4.95934556231686E-5,0.0425657119701773,0.104675));
#4846=CARTESIAN_POINT('',(0.000874593455623171,0.0420893979980959,0.104616666666667));
#4847=CARTESIAN_POINT('',(0.00169959345562317,0.0416130840260144,0.104558333333333));
#4848=CARTESIAN_POINT('',(0.00169959345562317,0.0406604560818516,0.1045));
#4849=CARTESIAN_POINT('',(0.00169959345562317,0.0397078281376887,0.104441666666667));
#4850=CARTESIAN_POINT('',(0.000874593455623172,0.0392315141656073,0.104383333333333));
#4851=CARTESIAN_POINT('',(4.95934556231691E-5,0.0387552001935258,0.104325));
#4852=CARTESIAN_POINT('',(-0.000775406544376834,0.0392315141656073,0.104266666666667));
#4853=CARTESIAN_POINT('',(-0.00160040654437684,0.0397078281376887,0.104208333333333));
#4854=CARTESIAN_POINT('',(-0.00160040654437684,0.0406604560818516,0.10415));
#4855=CARTESIAN_POINT('',(-0.00160040654437684,0.0416130840260144,0.104091666666667));
#4856=CARTESIAN_POINT('',(-0.000775406544376835,0.0420893979980959,0.104033333333333));
#4857=CARTESIAN_POINT('',(4.95934556231686E-5,0.0425657119701773,0.103975));
#4858=CARTESIAN_POINT('',(0.000874593455623171,0.0420893979980959,0.103916666666667));
#4859=CARTESIAN_POINT('',(0.00169959345562317,0.0416130840260144,0.103858333333333));
#4860=CARTESIAN_POINT('',(0.00169959345562317,0.0406604560818516,0.1038));
#4861=CARTESIAN_POINT('',(0.00169959345562317,0.0397078281376887,0.103741666666667));
#4862=CARTESIAN_POINT('',(0.000874593455623172,0.0392315141656073,0.103683333333333));
#4863=CARTESIAN_POINT('',(4.95934556231691E-5,0.0387552001935258,0.103625));
#4864=CARTESIAN_POINT('',(-0.000775406544376834,0.0392315141656073,0.103566666666667));
#4865=CARTESIAN_POINT('',(-0.00160040654437684,0.0397078281376887,0.103508333333333));
#4866=CARTESIAN_POINT('',(-0.00160040654437684,0.0406604560818516,0.10345));
#4867=CARTESIAN_POINT('',(-0.00160040654437684,0.0416130840260144,0.103391666666667));
#4868=CARTESIAN_POINT('',(-0.000775406544376835,0.0420893979980959,0.103333333333333));
#4869=CARTESIAN_POINT('',(4.95934556231686E-5,0.0425657119701773,0.103275));
#4870=CARTESIAN_POINT('',(0.000874593455623171,0.0420893979980959,0.103216666666667));
#4871=CARTESIAN_POINT('',(0.00169959345562317,0.0416130840260144,0.103158333333333));
#4872=CARTESIAN_POINT('',(0.00169959345562317,0.0406604560818516,0.1031));
#4873=CARTESIAN_POINT('',(0.00169959345562317,0.0397078281376887,0.103041666666667));
#4874=CARTESIAN_POINT('',(0.000874593455623172,0.0392315141656073,0.102983333333333));
#4875=CARTESIAN_POINT('',(4.95934556231691E-5,0.0387552001935258,0.102925));
#4876=CARTESIAN_POINT('',(-0.000775406544376834,0.0392315141656073,0.102866666666667));
#4877=CARTESIAN_POINT('',(-0.00160040654437684,0.0397078281376887,0.102808333333333));
#4878=CARTESIAN_POINT('',(-0.00160040654437684,0.0406604560818516,0.10275));
#4879=CARTESIAN_POINT('',(-0.00160040654437684,0.0416130840260144,0.102691666666667));
#4880=CARTESIAN_POINT('',(-0.000775406544376835,0.0420893979980959,0.102633333333333));
#4881=CARTESIAN_POINT('',(4.95934556231686E-5,0.0425657119701773,0.102575));
#4882=CARTESIAN_POINT('',(0.000874593455623171,0.0420893979980959,0.102516666666667));
#4883=CARTESIAN_POINT('',(0.00169959345562317,0.0416130840260144,0.102458333333333));
#4884=CARTESIAN_POINT('',(0.00169959345562317,0.0406604560818516,0.1024));
#4885=CARTESIAN_POINT('',(0.00169959345562317,0.0397078281376887,0.102341666666667));
#4886=CARTESIAN_POINT('',(0.000874593455623172,0.0392315141656073,0.102283333333333));
#4887=CARTESIAN_POINT('',(4.95934556231691E-5,0.0387552001935258,0.102225));
#4888=CARTESIAN_POINT('',(-0.000775406544376834,0.0392315141656073,0.102166666666667));
#4889=CARTESIAN_POINT('',(-0.00160040654437684,0.0397078281376887,0.102108333333333));
#4890=CARTESIAN_POINT('',(-0.00160040654437684,0.0406604560818516,0.10205));
#4891=CARTESIAN_POINT('',(-0.00160040654437684,0.0416130840260144,0.101991666666667));
#4892=CARTESIAN_POINT('',(-0.000775406544376835,0.0420893979980959,0.101933333333333));
#4893=CARTESIAN_POINT('',(4.95934556231686E-5,0.0425657119701773,0.101875));
#4894=CARTESIAN_POINT('',(0.000874593455623171,0.0420893979980959,0.101816666666667));
#4895=CARTESIAN_POINT('',(0.00169959345562317,0.0416130840260144,0.101758333333333));
#4896=CARTESIAN_POINT('',(0.00169959345562317,0.0406604560818516,0.1017));
#4897=CARTESIAN_POINT('',(0.00169959345562317,0.0397078281376887,0.101641666666667));
#4898=CARTESIAN_POINT('',(0.000874593455623172,0.0392315141656073,0.101583333333333));
#4899=CARTESIAN_POINT('',(4.95934556231691E-5,0.0387552001935258,0.101525));
#4900=CARTESIAN_POINT('',(-0.000775406544376834,0.0392315141656073,0.101466666666667));
#4901=CARTESIAN_POINT('',(-0.00160040654437684,0.0397078281376887,0.101408333333333));
#4902=CARTESIAN_POINT('',(-0.00160040654437684,0.0406604560818516,0.10135));
#4903=CARTESIAN_POINT('',(-0.00160040654437684,0.0416130840260144,0.101291666666667));
#4904=CARTESIAN_POINT('',(-0.000775406544376835,0.0420893979980959,0.101233333333333));
#4905=CARTESIAN_POINT('',(4.95934556231686E-5,0.0425657119701773,0.101175));
#4906=CARTESIAN_POINT('',(0.000874593455623171,0.0420893979980959,0.101116666666667));
#4907=CARTESIAN_POINT('',(0.00169959345562317,0.0416130840260144,0.101058333333333));
#4908=CARTESIAN_POINT('',(0.00169959345562317,0.0406604560818516,0.101));
#4909=CARTESIAN_POINT('',(0.00169959345562317,0.0397078281376887,0.100941666666667));
#4910=CARTESIAN_POINT('',(0.000874593455623172,0.0392315141656073,0.100883333333333));
#4911=CARTESIAN_POINT('',(4.95934556231691E-5,0.0387552001935258,0.100825));
#4912=CARTESIAN_POINT('',(-0.000775406544376834,0.0392315141656073,0.100766666666667));
#4913=CARTESIAN_POINT('',(-0.00160040654437684,0.0397078281376887,0.100708333333333));
#4914=CARTESIAN_POINT('',(-0.00160040654437684,0.0406604560818516,0.10065));
#4915=CARTESIAN_POINT('',(-0.00160040654437684,0.0416130840260144,0.100591666666667));
#4916=CARTESIAN_POINT('',(-0.000775406544376835,0.0420893979980959,0.100533333333333));
#4917=CARTESIAN_POINT('',(4.95934556231686E-5,0.0425657119701773,0.100475));
#4918=CARTESIAN_POINT('',(0.000874593455623171,0.0420893979980959,0.100416666666667));
#4919=CARTESIAN_POINT('',(0.00169959345562317,0.0416130840260144,0.100358333333333));
#4920=CARTESIAN_POINT('',(0.00169959345562317,0.0406604560818516,0.1003));
#4921=CARTESIAN_POINT('',(0.00169959345562317,0.0397078281376887,0.100241666666667));
#4922=CARTESIAN_POINT('',(0.000874593455623172,0.0392315141656073,0.100183333333333));
#4923=CARTESIAN_POINT('',(4.95934556231691E-5,0.0387552001935258,0.100125));
#4924=CARTESIAN_POINT('',(-0.000775406544376834,0.0392315141656073,0.100066666666667));
#4925=CARTESIAN_POINT('',(-0.00160040654437684,0.0397078281376887,0.100008333333333));
#4926=CARTESIAN_POINT('',(-0.00160040654437684,0.0406604560818516,0.09995));
#4927=CARTESIAN_POINT('',(-0.00160040654437684,0.0416130840260144,0.0998916666666667));
#4928=CARTESIAN_POINT('',(-0.000775406544376835,0.0420893979980959,0.0998333333333333));
#4929=CARTESIAN_POINT('',(4.95934556231686E-5,0.0425657119701773,0.099775));
#4930=CARTESIAN_POINT('',(0.000874593455623171,0.0420893979980959,0.0997166666666667));
#4931=CARTESIAN_POINT('',(0.00169959345562317,0.0416130840260144,0.0996583333333333));
#4932=CARTESIAN_POINT('',(0.00169959345562317,0.0406604560818516,0.0996));
#4933=CARTESIAN_POINT('',(0.00169959345562317,0.0397078281376887,0.0995416666666666));
#4934=CARTESIAN_POINT('',(0.000874593455623172,0.0392315141656073,0.0994833333333333));
#4935=CARTESIAN_POINT('',(4.95934556231691E-5,0.0387552001935258,0.099425));
#4936=CARTESIAN_POINT('',(-0.000775406544376834,0.0392315141656073,0.0993666666666667));
#4937=CARTESIAN_POINT('',(-0.00160040654437684,0.0397078281376887,0.0993083333333334));
#4938=CARTESIAN_POINT('',(-0.00160040654437684,0.0406604560818516,0.09925));
#4939=CARTESIAN_POINT('',(-0.00160040654437684,0.0416130840260144,0.0991916666666667));
#4940=CARTESIAN_POINT('',(-0.000775406544376835,0.0420893979980959,0.0991333333333334));
#4941=CARTESIAN_POINT('',(4.95934556231686E-5,0.0425657119701773,0.099075));
#4942=CARTESIAN_POINT('',(0.000874593455623171,0.0420893979980959,0.0990166666666667));
#4943=CARTESIAN_POINT('',(0.00169959345562317,0.0416130840260144,0.0989583333333333));
#4944=CARTESIAN_POINT('',(0.00169959345562317,0.0406604560818516,0.0989));
#4945=CARTESIAN_POINT('',(0.00169959345562317,0.0397078281376887,0.0988416666666666));
#4946=CARTESIAN_POINT('',(0.000874593455623172,0.0392315141656073,0.0987833333333333));
#4947=CARTESIAN_POINT('',(4.95934556231691E-5,0.0387552001935258,0.098725));
#4948=CARTESIAN_POINT('',(-0.000775406544376834,0.0392315141656073,0.0986666666666667));
#4949=CARTESIAN_POINT('',(-0.00160040654437684,0.0397078281376887,0.0986083333333333));
#4950=CARTESIAN_POINT('',(-0.00160040654437684,0.0406604560818516,0.09855));
#4951=CARTESIAN_POINT('',(-0.00160040654437684,0.0416130840260144,0.0984916666666666));
#4952=CARTESIAN_POINT('',(-0.000775406544376835,0.0420893979980959,0.0984333333333333));
#4953=CARTESIAN_POINT('',(4.95934556231686E-5,0.0425657119701773,0.098375));
#4954=CARTESIAN_POINT('',(0.000874593455623171,0.0420893979980959,0.0983166666666667));
#4955=CARTESIAN_POINT('',(0.00169959345562317,0.0416130840260144,0.0982583333333333));
#4956=CARTESIAN_POINT('',(0.00169959345562317,0.0406604560818516,0.0982));
#4957=CARTESIAN_POINT('',(0.00169959345562317,0.0397078281376887,0.0981416666666667));
#4958=CARTESIAN_POINT('',(0.000874593455623172,0.0392315141656073,0.0980833333333333));
#4959=CARTESIAN_POINT('',(4.95934556231691E-5,0.0387552001935258,0.098025));
#4960=CARTESIAN_POINT('',(-0.000775406544376834,0.0392315141656073,0.0979666666666667));
#4961=CARTESIAN_POINT('',(-0.000943190198432102,0.0393283841034417,0.0979548031759759));
#4962=CARTESIAN_POINT('',(-0.00108397109999286,0.0394614851071191,0.0979416757506361));
#4963=CARTESIAN_POINT('',(0.00169959345562317,0.0406604560818516,0.1094));
#4964=CARTESIAN_POINT('',(0.00169959345562317,0.0397078281376887,0.109341666666667));
#4965=CARTESIAN_POINT('',(0.000874593455623172,0.0392315141656073,0.109283333333333));
#4966=CARTESIAN_POINT('',(4.95934556231691E-5,0.0387552001935258,0.109225));
#4967=CARTESIAN_POINT('',(-0.000775406544376834,0.0392315141656073,0.109166666666667));
#4968=CARTESIAN_POINT('',(-0.00160040654437684,0.0397078281376887,0.109108333333333));
#4969=CARTESIAN_POINT('',(-0.00160040654437684,0.0406604560818516,0.10905));
#4970=CARTESIAN_POINT('',(-0.00160040654437684,0.0416130840260144,0.108991666666667));
#4971=CARTESIAN_POINT('',(-0.000775406544376835,0.0420893979980959,0.108933333333333));
#4972=CARTESIAN_POINT('',(4.95934556231686E-5,0.0425657119701773,0.108875));
#4973=CARTESIAN_POINT('',(0.000874593455623171,0.0420893979980959,0.108816666666667));
#4974=CARTESIAN_POINT('',(0.00169959345562317,0.0416130840260144,0.108758333333333));
#4975=CARTESIAN_POINT('',(0.00169959345562317,0.0406604560818516,0.1087));
#4976=CARTESIAN_POINT('',(0.00169959345562317,0.0397078281376887,0.108641666666667));
#4977=CARTESIAN_POINT('',(0.000874593455623173,0.0392315141656073,0.108583333333333));
#4978=CARTESIAN_POINT('',(4.95934556231713E-5,0.0387552001935258,0.108525));
#4979=CARTESIAN_POINT('',(-0.000775406544376833,0.0392315141656073,0.108466666666667));
#4980=CARTESIAN_POINT('',(-0.00160040654437683,0.0397078281376887,0.108408333333333));
#4981=CARTESIAN_POINT('',(-0.00160040654437684,0.0406604560818516,0.10835));
#4982=CARTESIAN_POINT('',(-0.00160040654437684,0.0416130840260144,0.108291666666667));
#4983=CARTESIAN_POINT('',(-0.000775406544376836,0.0420893979980959,0.108233333333333));
#4984=CARTESIAN_POINT('',(4.95934556231682E-5,0.0425657119701773,0.108175));
#4985=CARTESIAN_POINT('',(0.00087459345562317,0.0420893979980959,0.108116666666667));
#4986=CARTESIAN_POINT('',(0.00169959345562317,0.0416130840260144,0.108058333333333));
#4987=CARTESIAN_POINT('',(0.00169959345562317,0.0406604560818516,0.108));
#4988=CARTESIAN_POINT('',(0.00169959345562317,0.0397078281376887,0.107941666666667));
#4989=CARTESIAN_POINT('',(0.000874593455623174,0.0392315141656073,0.107883333333333));
#4990=CARTESIAN_POINT('',(4.95934556231734E-5,0.0387552001935258,0.107825));
#4991=CARTESIAN_POINT('',(-0.000775406544376832,0.0392315141656073,0.107766666666667));
#4992=CARTESIAN_POINT('',(-0.00160040654437683,0.0397078281376887,0.107708333333333));
#4993=CARTESIAN_POINT('',(-0.00160040654437684,0.0406604560818516,0.10765));
#4994=CARTESIAN_POINT('',(-0.00160040654437684,0.0416130840260144,0.107591666666667));
#4995=CARTESIAN_POINT('',(-0.000775406544376836,0.0420893979980959,0.107533333333333));
#4996=CARTESIAN_POINT('',(4.95934556231643E-5,0.0425657119701773,0.107475));
#4997=CARTESIAN_POINT('',(0.000874593455623167,0.0420893979980959,0.107416666666667));
#4998=CARTESIAN_POINT('',(0.00169959345562317,0.0416130840260144,0.107358333333333));
#4999=CARTESIAN_POINT('',(0.00169959345562317,0.0406604560818516,0.1073));
#5000=CARTESIAN_POINT('',(0.00169959345562317,0.0397078281376887,0.107241666666667));
#5001=CARTESIAN_POINT('',(0.000874593455623175,0.0392315141656073,0.107183333333333));
#5002=CARTESIAN_POINT('',(4.95934556231739E-5,0.0387552001935258,0.107125));
#5003=CARTESIAN_POINT('',(-0.000775406544376829,0.0392315141656073,0.107066666666667));
#5004=CARTESIAN_POINT('',(-0.00160040654437683,0.0397078281376887,0.107008333333333));
#5005=CARTESIAN_POINT('',(-0.00160040654437684,0.0406604560818516,0.10695));
#5006=CARTESIAN_POINT('',(-0.00160040654437684,0.0416130840260144,0.106891666666667));
#5007=CARTESIAN_POINT('',(-0.000775406544376837,0.0420893979980959,0.106833333333333));
#5008=CARTESIAN_POINT('',(4.95934556231638E-5,0.0425657119701773,0.106775));
#5009=CARTESIAN_POINT('',(0.000874593455623167,0.0420893979980959,0.106716666666667));
#5010=CARTESIAN_POINT('',(0.00169959345562317,0.0416130840260144,0.106658333333333));
#5011=CARTESIAN_POINT('',(0.00169959345562317,0.0406604560818516,0.1066));
#5012=CARTESIAN_POINT('',(0.00169959345562317,0.0397078281376887,0.106541666666667));
#5013=CARTESIAN_POINT('',(0.000874593455623175,0.0392315141656073,0.106483333333333));
#5014=CARTESIAN_POINT('',(4.95934556231743E-5,0.0387552001935258,0.106425));
#5015=CARTESIAN_POINT('',(-0.000775406544376829,0.0392315141656073,0.106366666666667));
#5016=CARTESIAN_POINT('',(-0.00160040654437683,0.0397078281376887,0.106308333333333));
#5017=CARTESIAN_POINT('',(-0.00160040654437684,0.0406604560818516,0.10625));
#5018=CARTESIAN_POINT('',(-0.00160040654437684,0.0416130840260144,0.106191666666667));
#5019=CARTESIAN_POINT('',(-0.000775406544376837,0.0420893979980959,0.106133333333333));
#5020=CARTESIAN_POINT('',(4.95934556231634E-5,0.0425657119701773,0.106075));
#5021=CARTESIAN_POINT('',(0.000874593455623167,0.0420893979980959,0.106016666666667));
#5022=CARTESIAN_POINT('',(0.00169959345562317,0.0416130840260144,0.105958333333333));
#5023=CARTESIAN_POINT('',(0.00169959345562317,0.0406604560818516,0.1059));
#5024=CARTESIAN_POINT('',(0.00169959345562317,0.0397078281376887,0.105841666666667));
#5025=CARTESIAN_POINT('',(0.000874593455623175,0.0392315141656073,0.105783333333333));
#5026=CARTESIAN_POINT('',(4.95934556231816E-5,0.0387552001935258,0.105725));
#5027=CARTESIAN_POINT('',(-0.000775406544376829,0.0392315141656073,0.105666666666667));
#5028=CARTESIAN_POINT('',(-0.00160040654437683,0.0397078281376887,0.105608333333333));
#5029=CARTESIAN_POINT('',(-0.00160040654437684,0.0406604560818516,0.10555));
#5030=CARTESIAN_POINT('',(-0.00160040654437684,0.0416130840260144,0.105491666666667));
#5031=CARTESIAN_POINT('',(-0.000775406544376843,0.0420893979980959,0.105433333333333));
#5032=CARTESIAN_POINT('',(4.95934556231629E-5,0.0425657119701773,0.105375));
#5033=CARTESIAN_POINT('',(0.000874593455623161,0.0420893979980959,0.105316666666667));
#5034=CARTESIAN_POINT('',(0.00169959345562317,0.0416130840260144,0.105258333333333));
#5035=CARTESIAN_POINT('',(0.00169959345562317,0.0406604560818516,0.1052));
#5036=CARTESIAN_POINT('',(0.00169959345562318,0.0397078281376887,0.105141666666667));
#5037=CARTESIAN_POINT('',(0.000874593455623176,0.0392315141656073,0.105083333333333));
#5038=CARTESIAN_POINT('',(4.95934556231821E-5,0.0387552001935258,0.105025));
#5039=CARTESIAN_POINT('',(-0.000775406544376828,0.0392315141656073,0.104966666666667));
#5040=CARTESIAN_POINT('',(-0.00160040654437683,0.0397078281376887,0.104908333333333));
#5041=CARTESIAN_POINT('',(-0.00160040654437684,0.0406604560818516,0.10485));
#5042=CARTESIAN_POINT('',(-0.00160040654437684,0.0416130840260144,0.104791666666667));
#5043=CARTESIAN_POINT('',(-0.000775406544376843,0.0420893979980959,0.104733333333333));
#5044=CARTESIAN_POINT('',(4.95934556231624E-5,0.0425657119701773,0.104675));
#5045=CARTESIAN_POINT('',(0.000874593455623161,0.0420893979980959,0.104616666666667));
#5046=CARTESIAN_POINT('',(0.00169959345562317,0.0416130840260144,0.104558333333333));
#5047=CARTESIAN_POINT('',(0.00169959345562317,0.0406604560818516,0.1045));
#5048=CARTESIAN_POINT('',(0.00169959345562318,0.0397078281376887,0.104441666666667));
#5049=CARTESIAN_POINT('',(0.000874593455623176,0.0392315141656073,0.104383333333333));
#5050=CARTESIAN_POINT('',(4.95934556231825E-5,0.0387552001935258,0.104325));
#5051=CARTESIAN_POINT('',(-0.000775406544376828,0.0392315141656073,0.104266666666667));
#5052=CARTESIAN_POINT('',(-0.00160040654437683,0.0397078281376887,0.104208333333333));
#5053=CARTESIAN_POINT('',(-0.00160040654437684,0.0406604560818516,0.10415));
#5054=CARTESIAN_POINT('',(-0.00160040654437684,0.0416130840260144,0.104091666666667));
#5055=CARTESIAN_POINT('',(-0.000775406544376843,0.0420893979980959,0.104033333333333));
#5056=CARTESIAN_POINT('',(4.9593455623162E-5,0.0425657119701773,0.103975));
#5057=CARTESIAN_POINT('',(0.000874593455623161,0.0420893979980959,0.103916666666667));
#5058=CARTESIAN_POINT('',(0.00169959345562317,0.0416130840260144,0.103858333333333));
#5059=CARTESIAN_POINT('',(0.00169959345562317,0.0406604560818516,0.1038));
#5060=CARTESIAN_POINT('',(0.00169959345562318,0.0397078281376887,0.103741666666667));
#5061=CARTESIAN_POINT('',(0.000874593455623176,0.0392315141656073,0.103683333333333));
#5062=CARTESIAN_POINT('',(4.9593455623183E-5,0.0387552001935258,0.103625));
#5063=CARTESIAN_POINT('',(-0.000775406544376828,0.0392315141656073,0.103566666666667));
#5064=CARTESIAN_POINT('',(-0.00160040654437683,0.0397078281376887,0.103508333333333));
#5065=CARTESIAN_POINT('',(-0.00160040654437684,0.0406604560818516,0.10345));
#5066=CARTESIAN_POINT('',(-0.00160040654437684,0.0416130840260144,0.103391666666667));
#5067=CARTESIAN_POINT('',(-0.000775406544376844,0.0420893979980959,0.103333333333333));
#5068=CARTESIAN_POINT('',(4.95934556231615E-5,0.0425657119701773,0.103275));
#5069=CARTESIAN_POINT('',(0.00087459345562316,0.0420893979980959,0.103216666666667));
#5070=CARTESIAN_POINT('',(0.00169959345562317,0.0416130840260144,0.103158333333333));
#5071=CARTESIAN_POINT('',(0.00169959345562317,0.0406604560818516,0.1031));
#5072=CARTESIAN_POINT('',(0.00169959345562318,0.0397078281376887,0.103041666666667));
#5073=CARTESIAN_POINT('',(0.000874593455623177,0.0392315141656073,0.102983333333333));
#5074=CARTESIAN_POINT('',(4.95934556231835E-5,0.0387552001935258,0.102925));
#5075=CARTESIAN_POINT('',(-0.000775406544376827,0.0392315141656073,0.102866666666667));
#5076=CARTESIAN_POINT('',(-0.00160040654437683,0.0397078281376887,0.102808333333333));
#5077=CARTESIAN_POINT('',(-0.00160040654437684,0.0406604560818516,0.10275));
#5078=CARTESIAN_POINT('',(-0.00160040654437685,0.0416130840260144,0.102691666666667));
#5079=CARTESIAN_POINT('',(-0.000775406544376844,0.0420893979980959,0.102633333333333));
#5080=CARTESIAN_POINT('',(4.95934556231611E-5,0.0425657119701773,0.102575));
#5081=CARTESIAN_POINT('',(0.00087459345562316,0.0420893979980959,0.102516666666667));
#5082=CARTESIAN_POINT('',(0.00169959345562317,0.0416130840260144,0.102458333333333));
#5083=CARTESIAN_POINT('',(0.00169959345562317,0.0406604560818516,0.1024));
#5084=CARTESIAN_POINT('',(0.00169959345562318,0.0397078281376887,0.102341666666667));
#5085=CARTESIAN_POINT('',(0.000874593455623177,0.0392315141656073,0.102283333333333));
#5086=CARTESIAN_POINT('',(4.95934556231839E-5,0.0387552001935258,0.102225));
#5087=CARTESIAN_POINT('',(-0.000775406544376827,0.0392315141656073,0.102166666666667));
#5088=CARTESIAN_POINT('',(-0.00160040654437683,0.0397078281376887,0.102108333333333));
#5089=CARTESIAN_POINT('',(-0.00160040654437684,0.0406604560818516,0.10205));
#5090=CARTESIAN_POINT('',(-0.00160040654437685,0.0416130840260144,0.101991666666667));
#5091=CARTESIAN_POINT('',(-0.000775406544376844,0.0420893979980959,0.101933333333333));
#5092=CARTESIAN_POINT('',(4.95934556231606E-5,0.0425657119701773,0.101875));
#5093=CARTESIAN_POINT('',(0.00087459345562317,0.0420893979980959,0.101816666666667));
#5094=CARTESIAN_POINT('',(0.00169959345562316,0.0416130840260145,0.101758333333333));
#5095=CARTESIAN_POINT('',(0.00169959345562317,0.0406604560818516,0.1017));
#5096=CARTESIAN_POINT('',(0.00169959345562318,0.0397078281376887,0.101641666666667));
#5097=CARTESIAN_POINT('',(0.000874593455623177,0.0392315141656073,0.101583333333333));
#5098=CARTESIAN_POINT('',(4.95934556231708E-5,0.0387552001935258,0.101525));
#5099=CARTESIAN_POINT('',(-0.000775406544376816,0.0392315141656073,0.101466666666667));
#5100=CARTESIAN_POINT('',(-0.00160040654437683,0.0397078281376887,0.101408333333333));
#5101=CARTESIAN_POINT('',(-0.00160040654437684,0.0406604560818516,0.10135));
#5102=CARTESIAN_POINT('',(-0.00160040654437684,0.0416130840260144,0.101291666666667));
#5103=CARTESIAN_POINT('',(-0.000775406544376855,0.0420893979980959,0.101233333333333));
#5104=CARTESIAN_POINT('',(4.95934556231466E-5,0.0425657119701773,0.101175));
#5105=CARTESIAN_POINT('',(0.000874593455623159,0.0420893979980959,0.101116666666667));
#5106=CARTESIAN_POINT('',(0.00169959345562317,0.0416130840260145,0.101058333333333));
#5107=CARTESIAN_POINT('',(0.00169959345562317,0.0406604560818516,0.101));
#5108=CARTESIAN_POINT('',(0.00169959345562319,0.0397078281376887,0.100941666666667));
#5109=CARTESIAN_POINT('',(0.000874593455623188,0.0392315141656073,0.100883333333333));
#5110=CARTESIAN_POINT('',(4.95934556231848E-5,0.0387552001935258,0.100825));
#5111=CARTESIAN_POINT('',(-0.000775406544376826,0.0392315141656073,0.100766666666667));
#5112=CARTESIAN_POINT('',(-0.00160040654437683,0.0397078281376887,0.100708333333333));
#5113=CARTESIAN_POINT('',(-0.00160040654437684,0.0406604560818516,0.10065));
#5114=CARTESIAN_POINT('',(-0.00160040654437685,0.0416130840260144,0.100591666666667));
#5115=CARTESIAN_POINT('',(-0.000775406544376845,0.0420893979980959,0.100533333333333));
#5116=CARTESIAN_POINT('',(4.95934556231597E-5,0.0425657119701773,0.100475));
#5117=CARTESIAN_POINT('',(0.000874593455623169,0.0420893979980959,0.100416666666667));
#5118=CARTESIAN_POINT('',(0.00169959345562316,0.0416130840260145,0.100358333333333));
#5119=CARTESIAN_POINT('',(0.00169959345562317,0.0406604560818516,0.1003));
#5120=CARTESIAN_POINT('',(0.00169959345562318,0.0397078281376887,0.100241666666667));
#5121=CARTESIAN_POINT('',(0.000874593455623178,0.0392315141656073,0.100183333333333));
#5122=CARTESIAN_POINT('',(4.95934556231989E-5,0.0387552001935258,0.100125));
#5123=CARTESIAN_POINT('',(-0.000775406544376816,0.0392315141656073,0.100066666666667));
#5124=CARTESIAN_POINT('',(-0.00160040654437683,0.0397078281376887,0.100008333333333));
#5125=CARTESIAN_POINT('',(-0.00160040654437684,0.0406604560818516,0.09995));
#5126=CARTESIAN_POINT('',(-0.00160040654437684,0.0416130840260144,0.0998916666666667));
#5127=CARTESIAN_POINT('',(-0.000775406544376855,0.0420893979980959,0.0998333333333333));
#5128=CARTESIAN_POINT('',(4.95934556231456E-5,0.0425657119701773,0.099775));
#5129=CARTESIAN_POINT('',(0.000874593455623159,0.0420893979980959,0.0997166666666667));
#5130=CARTESIAN_POINT('',(0.00169959345562317,0.0416130840260145,0.0996583333333333));
#5131=CARTESIAN_POINT('',(0.00169959345562317,0.0406604560818516,0.0996));
#5132=CARTESIAN_POINT('',(0.00169959345562319,0.0397078281376887,0.0995416666666666));
#5133=CARTESIAN_POINT('',(0.000874593455623189,0.0392315141656073,0.0994833333333333));
#5134=CARTESIAN_POINT('',(4.95934556231858E-5,0.0387552001935258,0.099425));
#5135=CARTESIAN_POINT('',(-0.000775406544376825,0.0392315141656073,0.0993666666666667));
#5136=CARTESIAN_POINT('',(-0.00160040654437683,0.0397078281376887,0.0993083333333334));
#5137=CARTESIAN_POINT('',(-0.00160040654437684,0.0406604560818516,0.09925));
#5138=CARTESIAN_POINT('',(-0.00160040654437685,0.0416130840260144,0.0991916666666667));
#5139=CARTESIAN_POINT('',(-0.000775406544376846,0.0420893979980959,0.0991333333333334));
#5140=CARTESIAN_POINT('',(4.95934556231587E-5,0.0425657119701773,0.099075));
#5141=CARTESIAN_POINT('',(0.000874593455623148,0.0420893979980959,0.0990166666666667));
#5142=CARTESIAN_POINT('',(0.00169959345562316,0.0416130840260145,0.0989583333333333));
#5143=CARTESIAN_POINT('',(0.00169959345562317,0.0406604560818516,0.0989));
#5144=CARTESIAN_POINT('',(0.00169959345562318,0.0397078281376887,0.0988416666666666));
#5145=CARTESIAN_POINT('',(0.000874593455623179,0.0392315141656073,0.0987833333333333));
#5146=CARTESIAN_POINT('',(4.95934556231998E-5,0.0387552001935258,0.098725));
#5147=CARTESIAN_POINT('',(-0.000775406544376815,0.0392315141656073,0.0986666666666667));
#5148=CARTESIAN_POINT('',(-0.00160040654437683,0.0397078281376887,0.0986083333333333));
#5149=CARTESIAN_POINT('',(-0.00160040654437684,0.0406604560818516,0.09855));
#5150=CARTESIAN_POINT('',(-0.00160040654437684,0.0416130840260144,0.0984916666666666));
#5151=CARTESIAN_POINT('',(-0.000775406544376856,0.0420893979980959,0.0984333333333333));
#5152=CARTESIAN_POINT('',(4.95934556231447E-5,0.0425657119701773,0.098375));
#5153=CARTESIAN_POINT('',(0.000874593455623158,0.0420893979980959,0.0983166666666667));
#5154=CARTESIAN_POINT('',(0.00169959345562317,0.0416130840260145,0.0982583333333333));
#5155=CARTESIAN_POINT('',(0.00169959345562317,0.0406604560818516,0.0982));
#5156=CARTESIAN_POINT('',(0.00169959345562319,0.0397078281376887,0.0981416666666667));
#5157=CARTESIAN_POINT('',(0.000874593455623189,0.0392315141656073,0.0980833333333333));
#5158=CARTESIAN_POINT('',(4.95934556231867E-5,0.0387552001935258,0.098025));
#5159=CARTESIAN_POINT('',(-0.000775406544376825,0.0392315141656073,0.0979666666666667));
#5160=CARTESIAN_POINT('',(-0.00160040654437682,0.0397078281376887,0.0979083333333333));
#5161=CARTESIAN_POINT('',(-0.00160040654437684,0.0406604560818516,0.09785));
#5162=CARTESIAN_POINT('',(-0.00160040654437685,0.0416130840260144,0.0977916666666667));
#5163=CARTESIAN_POINT('',(-0.000775406544376847,0.0420893979980959,0.0977333333333333));
#5164=CARTESIAN_POINT('',(4.95934556231578E-5,0.0425657119701773,0.097675));
#5165=CARTESIAN_POINT('',(0.000874593455623147,0.0420893979980959,0.0976166666666667));
#5166=CARTESIAN_POINT('',(0.00169959345562316,0.0416130840260145,0.0975583333333333));
#5167=CARTESIAN_POINT('',(0.00169959345562317,0.0406604560818516,0.0975));
#5168=CARTESIAN_POINT('',(0.00169959345562318,0.0397078281376887,0.0974416666666667));
#5169=CARTESIAN_POINT('',(0.00087459345562318,0.0392315141656073,0.0973833333333333));
#5170=CARTESIAN_POINT('',(4.95934556232007E-5,0.0387552001935258,0.097325));
#5171=CARTESIAN_POINT('',(-0.000775406544376814,0.0392315141656073,0.0972666666666667));
#5172=CARTESIAN_POINT('',(-0.00160040654437683,0.0397078281376887,0.0972083333333333));
#5173=CARTESIAN_POINT('',(-0.00160040654437684,0.0406604560818516,0.09715));
#5174=CARTESIAN_POINT('',(-0.00160040654437685,0.0416130840260144,0.0970916666666666));
#5175=CARTESIAN_POINT('',(-0.000775406544376857,0.0420893979980959,0.0970333333333333));
#5176=CARTESIAN_POINT('',(4.95934556231438E-5,0.0425657119701773,0.096975));
#5177=CARTESIAN_POINT('',(0.000874593455623157,0.0420893979980959,0.0969166666666667));
#5178=CARTESIAN_POINT('',(0.00169959345562317,0.0416130840260145,0.0968583333333334));
#5179=CARTESIAN_POINT('',(0.00169959345562317,0.0406604560818516,0.0968));
#5180=CARTESIAN_POINT('',(0.00207847956812318,0.0406604560818516,0.10918125));
#5181=CARTESIAN_POINT('',(0.00207847956812318,0.0394890781386446,0.109122916666667));
#5182=CARTESIAN_POINT('',(0.00106403651187317,0.0389033891670411,0.109064583333333));
#5183=CARTESIAN_POINT('',(4.95934556231691E-5,0.0383177001954376,0.10900625));
#5184=CARTESIAN_POINT('',(-0.000964849600626835,0.0389033891670411,0.108947916666667));
#5185=CARTESIAN_POINT('',(-0.00197929265687684,0.0394890781386446,0.108889583333333));
#5186=CARTESIAN_POINT('',(-0.00197929265687684,0.0406604560818516,0.10883125));
#5187=CARTESIAN_POINT('',(-0.00197929265687684,0.0418318340250585,0.108772916666667));
#5188=CARTESIAN_POINT('',(-0.000964849600626837,0.0424175229966621,0.108714583333333));
#5189=CARTESIAN_POINT('',(4.95934556231686E-5,0.0430032119682655,0.10865625));
#5190=CARTESIAN_POINT('',(0.00106403651187317,0.0424175229966621,0.108597916666667));
#5191=CARTESIAN_POINT('',(0.00207847956812318,0.0418318340250585,0.108539583333333));
#5192=CARTESIAN_POINT('',(0.00207847956812318,0.0406604560818516,0.10848125));
#5193=CARTESIAN_POINT('',(0.00207847956812318,0.0394890781386446,0.108422916666667));
#5194=CARTESIAN_POINT('',(0.00106403651187317,0.0389033891670411,0.108364583333333));
#5195=CARTESIAN_POINT('',(4.95934556231718E-5,0.0383177001954376,0.10830625));
#5196=CARTESIAN_POINT('',(-0.000964849600626834,0.0389033891670411,0.108247916666667));
#5197=CARTESIAN_POINT('',(-0.00197929265687684,0.0394890781386446,0.108189583333333));
#5198=CARTESIAN_POINT('',(-0.00197929265687684,0.0406604560818516,0.10813125));
#5199=CARTESIAN_POINT('',(-0.00197929265687684,0.0418318340250585,0.108072916666667));
#5200=CARTESIAN_POINT('',(-0.000964849600626838,0.0424175229966621,0.108014583333333));
#5201=CARTESIAN_POINT('',(4.9593455623168E-5,0.0430032119682655,0.10795625));
#5202=CARTESIAN_POINT('',(0.00106403651187317,0.0424175229966621,0.107897916666667));
#5203=CARTESIAN_POINT('',(0.00207847956812318,0.0418318340250586,0.107839583333333));
#5204=CARTESIAN_POINT('',(0.00207847956812318,0.0406604560818516,0.10778125));
#5205=CARTESIAN_POINT('',(0.00207847956812318,0.0394890781386446,0.107722916666667));
#5206=CARTESIAN_POINT('',(0.00106403651187318,0.0389033891670411,0.107664583333333));
#5207=CARTESIAN_POINT('',(4.95934556231744E-5,0.0383177001954376,0.10760625));
#5208=CARTESIAN_POINT('',(-0.000964849600626834,0.0389033891670411,0.107547916666667));
#5209=CARTESIAN_POINT('',(-0.00197929265687684,0.0394890781386446,0.107489583333333));
#5210=CARTESIAN_POINT('',(-0.00197929265687684,0.0406604560818516,0.10743125));
#5211=CARTESIAN_POINT('',(-0.00197929265687684,0.0418318340250585,0.107372916666667));
#5212=CARTESIAN_POINT('',(-0.000964849600626839,0.0424175229966621,0.107314583333333));
#5213=CARTESIAN_POINT('',(4.95934556231632E-5,0.0430032119682655,0.10725625));
#5214=CARTESIAN_POINT('',(0.00106403651187317,0.0424175229966621,0.107197916666667));
#5215=CARTESIAN_POINT('',(0.00207847956812318,0.0418318340250586,0.107139583333333));
#5216=CARTESIAN_POINT('',(0.00207847956812318,0.0406604560818516,0.10708125));
#5217=CARTESIAN_POINT('',(0.00207847956812318,0.0394890781386446,0.107022916666667));
#5218=CARTESIAN_POINT('',(0.00106403651187318,0.0389033891670411,0.106964583333333));
#5219=CARTESIAN_POINT('',(4.9593455623175E-5,0.0383177001954376,0.10690625));
#5220=CARTESIAN_POINT('',(-0.00096484960062683,0.0389033891670411,0.106847916666667));
#5221=CARTESIAN_POINT('',(-0.00197929265687683,0.0394890781386446,0.106789583333333));
#5222=CARTESIAN_POINT('',(-0.00197929265687684,0.0406604560818516,0.10673125));
#5223=CARTESIAN_POINT('',(-0.00197929265687684,0.0418318340250585,0.106672916666667));
#5224=CARTESIAN_POINT('',(-0.000964849600626839,0.0424175229966621,0.106614583333333));
#5225=CARTESIAN_POINT('',(4.95934556231627E-5,0.0430032119682655,0.10655625));
#5226=CARTESIAN_POINT('',(0.00106403651187317,0.0424175229966621,0.106497916666667));
#5227=CARTESIAN_POINT('',(0.00207847956812317,0.0418318340250586,0.106439583333333));
#5228=CARTESIAN_POINT('',(0.00207847956812318,0.0406604560818516,0.10638125));
#5229=CARTESIAN_POINT('',(0.00207847956812318,0.0394890781386446,0.106322916666667));
#5230=CARTESIAN_POINT('',(0.00106403651187318,0.0389033891670411,0.106264583333333));
#5231=CARTESIAN_POINT('',(4.95934556231756E-5,0.0383177001954376,0.10620625));
#5232=CARTESIAN_POINT('',(-0.00096484960062683,0.0389033891670411,0.106147916666667));
#5233=CARTESIAN_POINT('',(-0.00197929265687683,0.0394890781386446,0.106089583333333));
#5234=CARTESIAN_POINT('',(-0.00197929265687684,0.0406604560818516,0.10603125));
#5235=CARTESIAN_POINT('',(-0.00197929265687684,0.0418318340250585,0.105972916666667));
#5236=CARTESIAN_POINT('',(-0.00096484960062684,0.0424175229966621,0.105914583333333));
#5237=CARTESIAN_POINT('',(4.95934556231621E-5,0.0430032119682655,0.10585625));
#5238=CARTESIAN_POINT('',(0.00106403651187317,0.0424175229966621,0.105797916666667));
#5239=CARTESIAN_POINT('',(0.00207847956812317,0.0418318340250586,0.105739583333333));
#5240=CARTESIAN_POINT('',(0.00207847956812318,0.0406604560818516,0.10568125));
#5241=CARTESIAN_POINT('',(0.00207847956812318,0.0394890781386446,0.105622916666667));
#5242=CARTESIAN_POINT('',(0.00106403651187318,0.0389033891670411,0.105564583333333));
#5243=CARTESIAN_POINT('',(4.95934556231845E-5,0.0383177001954376,0.10550625));
#5244=CARTESIAN_POINT('',(-0.000964849600626829,0.0389033891670411,0.105447916666667));
#5245=CARTESIAN_POINT('',(-0.00197929265687684,0.0394890781386446,0.105389583333333));
#5246=CARTESIAN_POINT('',(-0.00197929265687684,0.0406604560818516,0.10533125));
#5247=CARTESIAN_POINT('',(-0.00197929265687684,0.0418318340250585,0.105272916666667));
#5248=CARTESIAN_POINT('',(-0.000964849600626847,0.0424175229966621,0.105214583333333));
#5249=CARTESIAN_POINT('',(4.95934556231615E-5,0.0430032119682655,0.10515625));
#5250=CARTESIAN_POINT('',(0.00106403651187316,0.0424175229966621,0.105097916666667));
#5251=CARTESIAN_POINT('',(0.00207847956812317,0.0418318340250586,0.105039583333333));
#5252=CARTESIAN_POINT('',(0.00207847956812318,0.0406604560818516,0.10498125));
#5253=CARTESIAN_POINT('',(0.00207847956812318,0.0394890781386446,0.104922916666667));
#5254=CARTESIAN_POINT('',(0.00106403651187318,0.0389033891670411,0.104864583333333));
#5255=CARTESIAN_POINT('',(4.95934556231851E-5,0.0383177001954376,0.10480625));
#5256=CARTESIAN_POINT('',(-0.000964849600626829,0.0389033891670411,0.104747916666667));
#5257=CARTESIAN_POINT('',(-0.00197929265687684,0.0394890781386446,0.104689583333333));
#5258=CARTESIAN_POINT('',(-0.00197929265687684,0.0406604560818516,0.10463125));
#5259=CARTESIAN_POINT('',(-0.00197929265687684,0.0418318340250585,0.104572916666667));
#5260=CARTESIAN_POINT('',(-0.000964849600626847,0.0424175229966621,0.104514583333333));
#5261=CARTESIAN_POINT('',(4.95934556231609E-5,0.0430032119682655,0.10445625));
#5262=CARTESIAN_POINT('',(0.00106403651187316,0.0424175229966621,0.104397916666667));
#5263=CARTESIAN_POINT('',(0.00207847956812317,0.0418318340250586,0.104339583333333));
#5264=CARTESIAN_POINT('',(0.00207847956812318,0.0406604560818516,0.10428125));
#5265=CARTESIAN_POINT('',(0.00207847956812319,0.0394890781386446,0.104222916666667));
#5266=CARTESIAN_POINT('',(0.00106403651187318,0.0389033891670411,0.104164583333333));
#5267=CARTESIAN_POINT('',(4.95934556231856E-5,0.0383177001954376,0.10410625));
#5268=CARTESIAN_POINT('',(-0.000964849600626828,0.0389033891670411,0.104047916666667));
#5269=CARTESIAN_POINT('',(-0.00197929265687683,0.0394890781386446,0.103989583333333));
#5270=CARTESIAN_POINT('',(-0.00197929265687684,0.0406604560818516,0.10393125));
#5271=CARTESIAN_POINT('',(-0.00197929265687684,0.0418318340250585,0.103872916666667));
#5272=CARTESIAN_POINT('',(-0.000964849600626847,0.0424175229966621,0.103814583333333));
#5273=CARTESIAN_POINT('',(4.95934556231604E-5,0.0430032119682655,0.10375625));
#5274=CARTESIAN_POINT('',(0.00106403651187316,0.0424175229966621,0.103697916666667));
#5275=CARTESIAN_POINT('',(0.00207847956812317,0.0418318340250586,0.103639583333333));
#5276=CARTESIAN_POINT('',(0.00207847956812318,0.0406604560818516,0.10358125));
#5277=CARTESIAN_POINT('',(0.00207847956812319,0.0394890781386446,0.103522916666667));
#5278=CARTESIAN_POINT('',(0.00106403651187318,0.0389033891670411,0.103464583333333));
#5279=CARTESIAN_POINT('',(4.95934556231862E-5,0.0383177001954376,0.10340625));
#5280=CARTESIAN_POINT('',(-0.000964849600626828,0.0389033891670411,0.103347916666667));
#5281=CARTESIAN_POINT('',(-0.00197929265687683,0.0394890781386446,0.103289583333333));
#5282=CARTESIAN_POINT('',(-0.00197929265687684,0.0406604560818516,0.10323125));
#5283=CARTESIAN_POINT('',(-0.00197929265687685,0.0418318340250585,0.103172916666667));
#5284=CARTESIAN_POINT('',(-0.000964849600626848,0.0424175229966621,0.103114583333333));
#5285=CARTESIAN_POINT('',(4.95934556231598E-5,0.0430032119682655,0.10305625));
#5286=CARTESIAN_POINT('',(0.00106403651187316,0.0424175229966621,0.102997916666667));
#5287=CARTESIAN_POINT('',(0.00207847956812317,0.0418318340250586,0.102939583333333));
#5288=CARTESIAN_POINT('',(0.00207847956812318,0.0406604560818516,0.10288125));
#5289=CARTESIAN_POINT('',(0.00207847956812319,0.0394890781386446,0.102822916666667));
#5290=CARTESIAN_POINT('',(0.00106403651187318,0.0389033891670411,0.102764583333333));
#5291=CARTESIAN_POINT('',(4.95934556231867E-5,0.0383177001954376,0.10270625));
#5292=CARTESIAN_POINT('',(-0.000964849600626828,0.0389033891670411,0.102647916666667));
#5293=CARTESIAN_POINT('',(-0.00197929265687683,0.0394890781386446,0.102589583333333));
#5294=CARTESIAN_POINT('',(-0.00197929265687684,0.0406604560818516,0.10253125));
#5295=CARTESIAN_POINT('',(-0.00197929265687685,0.0418318340250585,0.102472916666667));
#5296=CARTESIAN_POINT('',(-0.000964849600626848,0.0424175229966621,0.102414583333333));
#5297=CARTESIAN_POINT('',(4.95934556231592E-5,0.0430032119682655,0.10235625));
#5298=CARTESIAN_POINT('',(0.00106403651187316,0.0424175229966621,0.102297916666667));
#5299=CARTESIAN_POINT('',(0.00207847956812317,0.0418318340250586,0.102239583333333));
#5300=CARTESIAN_POINT('',(0.00207847956812318,0.0406604560818516,0.10218125));
#5301=CARTESIAN_POINT('',(0.00207847956812319,0.0394890781386446,0.102122916666667));
#5302=CARTESIAN_POINT('',(0.00106403651187318,0.0389033891670411,0.102064583333333));
#5303=CARTESIAN_POINT('',(4.95934556231873E-5,0.0383177001954376,0.10200625));
#5304=CARTESIAN_POINT('',(-0.000964849600626827,0.0389033891670411,0.101947916666667));
#5305=CARTESIAN_POINT('',(-0.00197929265687684,0.0394890781386446,0.101889583333333));
#5306=CARTESIAN_POINT('',(-0.00197929265687684,0.0406604560818516,0.10183125));
#5307=CARTESIAN_POINT('',(-0.00197929265687685,0.0418318340250585,0.101772916666667));
#5308=CARTESIAN_POINT('',(-0.000964849600626849,0.0424175229966621,0.101714583333333));
#5309=CARTESIAN_POINT('',(4.95934556231586E-5,0.0430032119682655,0.10165625));
#5310=CARTESIAN_POINT('',(0.00106403651187317,0.0424175229966621,0.101597916666667));
#5311=CARTESIAN_POINT('',(0.00207847956812316,0.0418318340250586,0.101539583333333));
#5312=CARTESIAN_POINT('',(0.00207847956812318,0.0406604560818516,0.10148125));
#5313=CARTESIAN_POINT('',(0.00207847956812319,0.0394890781386446,0.101422916666667));
#5314=CARTESIAN_POINT('',(0.00106403651187318,0.0389033891670411,0.101364583333333));
#5315=CARTESIAN_POINT('',(4.95934556231713E-5,0.0383177001954376,0.10130625));
#5316=CARTESIAN_POINT('',(-0.000964849600626814,0.0389033891670411,0.101247916666667));
#5317=CARTESIAN_POINT('',(-0.00197929265687683,0.0394890781386446,0.101189583333333));
#5318=CARTESIAN_POINT('',(-0.00197929265687684,0.0406604560818516,0.10113125));
#5319=CARTESIAN_POINT('',(-0.00197929265687685,0.0418318340250585,0.101072916666667));
#5320=CARTESIAN_POINT('',(-0.000964849600626862,0.0424175229966621,0.101014583333333));
#5321=CARTESIAN_POINT('',(4.95934556231414E-5,0.0430032119682655,0.10095625));
#5322=CARTESIAN_POINT('',(0.00106403651187316,0.0424175229966621,0.100897916666667));
#5323=CARTESIAN_POINT('',(0.00207847956812317,0.0418318340250586,0.100839583333333));
#5324=CARTESIAN_POINT('',(0.00207847956812318,0.0406604560818516,0.10078125));
#5325=CARTESIAN_POINT('',(0.00207847956812319,0.0394890781386447,0.100722916666667));
#5326=CARTESIAN_POINT('',(0.00106403651187319,0.0389033891670411,0.100664583333333));
#5327=CARTESIAN_POINT('',(4.95934556231885E-5,0.0383177001954376,0.10060625));
#5328=CARTESIAN_POINT('',(-0.000964849600626826,0.0389033891670411,0.100547916666667));
#5329=CARTESIAN_POINT('',(-0.00197929265687684,0.0394890781386446,0.100489583333333));
#5330=CARTESIAN_POINT('',(-0.00197929265687684,0.0406604560818516,0.10043125));
#5331=CARTESIAN_POINT('',(-0.00197929265687685,0.0418318340250585,0.100372916666667));
#5332=CARTESIAN_POINT('',(-0.000964849600626849,0.0424175229966621,0.100314583333333));
#5333=CARTESIAN_POINT('',(4.95934556231575E-5,0.0430032119682655,0.10025625));
#5334=CARTESIAN_POINT('',(0.00106403651187317,0.0424175229966621,0.100197916666667));
#5335=CARTESIAN_POINT('',(0.00207847956812316,0.0418318340250586,0.100139583333333));
#5336=CARTESIAN_POINT('',(0.00207847956812318,0.0406604560818516,0.10008125));
#5337=CARTESIAN_POINT('',(0.00207847956812319,0.0394890781386446,0.100022916666667));
#5338=CARTESIAN_POINT('',(0.00106403651187318,0.0389033891670411,0.0999645833333333));
#5339=CARTESIAN_POINT('',(4.95934556232057E-5,0.0383177001954376,0.09990625));
#5340=CARTESIAN_POINT('',(-0.000964849600626813,0.0389033891670411,0.0998479166666667));
#5341=CARTESIAN_POINT('',(-0.00197929265687683,0.0394890781386446,0.0997895833333333));
#5342=CARTESIAN_POINT('',(-0.00197929265687684,0.0406604560818516,0.09973125));
#5343=CARTESIAN_POINT('',(-0.00197929265687685,0.0418318340250585,0.0996729166666666));
#5344=CARTESIAN_POINT('',(-0.000964849600626862,0.0424175229966621,0.0996145833333333));
#5345=CARTESIAN_POINT('',(4.95934556231403E-5,0.0430032119682655,0.0995562499999999));
#5346=CARTESIAN_POINT('',(0.00106403651187316,0.0424175229966621,0.0994979166666667));
#5347=CARTESIAN_POINT('',(0.00207847956812317,0.0418318340250586,0.0994395833333334));
#5348=CARTESIAN_POINT('',(0.00207847956812318,0.0406604560818516,0.09938125));
#5349=CARTESIAN_POINT('',(0.00207847956812319,0.0394890781386447,0.0993229166666667));
#5350=CARTESIAN_POINT('',(0.00106403651187319,0.0389033891670411,0.0992645833333333));
#5351=CARTESIAN_POINT('',(4.95934556231896E-5,0.0383177001954376,0.09920625));
#5352=CARTESIAN_POINT('',(-0.000964849600626825,0.0389033891670411,0.0991479166666667));
#5353=CARTESIAN_POINT('',(-0.00197929265687683,0.0394890781386446,0.0990895833333333));
#5354=CARTESIAN_POINT('',(-0.00197929265687684,0.0406604560818516,0.09903125));
#5355=CARTESIAN_POINT('',(-0.00197929265687685,0.0418318340250585,0.0989729166666666));
#5356=CARTESIAN_POINT('',(-0.00096484960062685,0.0424175229966621,0.0989145833333333));
#5357=CARTESIAN_POINT('',(4.95934556231564E-5,0.0430032119682655,0.09885625));
#5358=CARTESIAN_POINT('',(0.00106403651187314,0.0424175229966621,0.0987979166666667));
#5359=CARTESIAN_POINT('',(0.00207847956812316,0.0418318340250586,0.0987395833333333));
#5360=CARTESIAN_POINT('',(0.00207847956812318,0.0406604560818516,0.09868125));
#5361=CARTESIAN_POINT('',(0.00207847956812319,0.0394890781386446,0.0986229166666667));
#5362=CARTESIAN_POINT('',(0.00106403651187318,0.0389033891670411,0.0985645833333333));
#5363=CARTESIAN_POINT('',(4.95934556232068E-5,0.0383177001954376,0.09850625));
#5364=CARTESIAN_POINT('',(-0.000964849600626813,0.0389033891670411,0.0984479166666667));
#5365=CARTESIAN_POINT('',(-0.00197929265687683,0.0394890781386446,0.0983895833333333));
#5366=CARTESIAN_POINT('',(-0.00197929265687684,0.0406604560818516,0.09833125));
#5367=CARTESIAN_POINT('',(-0.00197929265687685,0.0418318340250585,0.0982729166666667));
#5368=CARTESIAN_POINT('',(-0.000964849600626863,0.0424175229966621,0.0982145833333333));
#5369=CARTESIAN_POINT('',(4.95934556231391E-5,0.0430032119682655,0.09815625));
#5370=CARTESIAN_POINT('',(0.00106403651187316,0.0424175229966621,0.0980979166666667));
#5371=CARTESIAN_POINT('',(0.00207847956812317,0.0418318340250586,0.0980395833333333));
#5372=CARTESIAN_POINT('',(0.00207847956812318,0.0406604560818516,0.09798125));
#5373=CARTESIAN_POINT('',(0.00207847956812319,0.0394890781386447,0.0979229166666667));
#5374=CARTESIAN_POINT('',(0.00106403651187319,0.0389033891670411,0.0978645833333333));
#5375=CARTESIAN_POINT('',(4.95934556231908E-5,0.0383177001954376,0.09780625));
#5376=CARTESIAN_POINT('',(-0.000964849600626825,0.0389033891670411,0.0977479166666667));
#5377=CARTESIAN_POINT('',(-0.00197929265687682,0.0394890781386446,0.0976895833333334));
#5378=CARTESIAN_POINT('',(-0.00197929265687684,0.0406604560818516,0.09763125));
#5379=CARTESIAN_POINT('',(-0.00197929265687685,0.0418318340250585,0.0975729166666666));
#5380=CARTESIAN_POINT('',(-0.000964849600626851,0.0424175229966621,0.0975145833333333));
#5381=CARTESIAN_POINT('',(4.95934556231552E-5,0.0430032119682655,0.09745625));
#5382=CARTESIAN_POINT('',(0.00106403651187314,0.0424175229966621,0.0973979166666667));
#5383=CARTESIAN_POINT('',(0.00207847956812316,0.0418318340250586,0.0973395833333333));
#5384=CARTESIAN_POINT('',(0.00207847956812318,0.0406604560818516,0.09728125));
#5385=CARTESIAN_POINT('',(0.00207847956812319,0.0394890781386446,0.0972229166666667));
#5386=CARTESIAN_POINT('',(0.00106403651187318,0.0389033891670411,0.0971645833333333));
#5387=CARTESIAN_POINT('',(4.9593455623208E-5,0.0383177001954376,0.09710625));
#5388=CARTESIAN_POINT('',(-0.000964849600626812,0.0389033891670411,0.0970479166666667));
#5389=CARTESIAN_POINT('',(-0.00197929265687683,0.0394890781386446,0.0969895833333334));
#5390=CARTESIAN_POINT('',(-0.00197929265687684,0.0406604560818516,0.09693125));
#5391=CARTESIAN_POINT('',(-0.00197929265687686,0.0418318340250585,0.0968729166666667));
#5392=CARTESIAN_POINT('',(-0.000964849600626864,0.0424175229966621,0.0968145833333333));
#5393=CARTESIAN_POINT('',(4.9593455623138E-5,0.0430032119682655,0.09675625));
#5394=CARTESIAN_POINT('',(0.00106403651187315,0.0424175229966621,0.0966979166666667));
#5395=CARTESIAN_POINT('',(0.00207847956812317,0.0418318340250586,0.0966395833333333));
#5396=CARTESIAN_POINT('',(0.00207847956812318,0.0406604560818516,0.09658125));
#5397=CARTESIAN_POINT('',(0.000911014505801783,0.0392531701214622,0.108060947029606));
#5398=CARTESIAN_POINT('',(0.000892943026778091,0.0392421082954531,0.108059630777759));
#5399=CARTESIAN_POINT('',(0.000874593455623172,0.0392315141656073,0.108058333333333));
#5400=CARTESIAN_POINT('',(4.95934556231691E-5,0.0387552001935258,0.108));
#5401=CARTESIAN_POINT('',(-0.000775406544376834,0.0392315141656073,0.107941666666667));
#5402=CARTESIAN_POINT('',(-0.00160040654437684,0.0397078281376887,0.107883333333333));
#5403=CARTESIAN_POINT('',(-0.00160040654437684,0.0406604560818516,0.107825));
#5404=CARTESIAN_POINT('',(-0.00160040654437684,0.0416130840260144,0.107766666666667));
#5405=CARTESIAN_POINT('',(-0.000775406544376835,0.0420893979980959,0.107708333333333));
#5406=CARTESIAN_POINT('',(4.95934556231686E-5,0.0425657119701773,0.10765));
#5407=CARTESIAN_POINT('',(0.000874593455623171,0.0420893979980959,0.107591666666667));
#5408=CARTESIAN_POINT('',(0.00169959345562317,0.0416130840260144,0.107533333333333));
#5409=CARTESIAN_POINT('',(0.00169959345562317,0.0406604560818516,0.107475));
#5410=CARTESIAN_POINT('',(0.00169959345562317,0.0397078281376887,0.107416666666667));
#5411=CARTESIAN_POINT('',(0.000874593455623172,0.0392315141656073,0.107358333333333));
#5412=CARTESIAN_POINT('',(4.95934556231691E-5,0.0387552001935258,0.1073));
#5413=CARTESIAN_POINT('',(-0.000775406544376834,0.0392315141656073,0.107241666666667));
#5414=CARTESIAN_POINT('',(-0.00160040654437684,0.0397078281376887,0.107183333333333));
#5415=CARTESIAN_POINT('',(-0.00160040654437684,0.0406604560818516,0.107125));
#5416=CARTESIAN_POINT('',(-0.00160040654437684,0.0416130840260144,0.107066666666667));
#5417=CARTESIAN_POINT('',(-0.000775406544376835,0.0420893979980959,0.107008333333333));
#5418=CARTESIAN_POINT('',(4.95934556231686E-5,0.0425657119701773,0.10695));
#5419=CARTESIAN_POINT('',(0.000874593455623171,0.0420893979980959,0.106891666666667));
#5420=CARTESIAN_POINT('',(0.00169959345562317,0.0416130840260144,0.106833333333333));
#5421=CARTESIAN_POINT('',(0.00169959345562317,0.0406604560818516,0.106775));
#5422=CARTESIAN_POINT('',(0.00169959345562317,0.0397078281376887,0.106716666666667));
#5423=CARTESIAN_POINT('',(0.000874593455623172,0.0392315141656073,0.106658333333333));
#5424=CARTESIAN_POINT('',(4.95934556231691E-5,0.0387552001935258,0.1066));
#5425=CARTESIAN_POINT('',(-0.000775406544376834,0.0392315141656073,0.106541666666667));
#5426=CARTESIAN_POINT('',(-0.00160040654437684,0.0397078281376887,0.106483333333333));
#5427=CARTESIAN_POINT('',(-0.00160040654437684,0.0406604560818516,0.106425));
#5428=CARTESIAN_POINT('',(-0.00160040654437684,0.0416130840260144,0.106366666666667));
#5429=CARTESIAN_POINT('',(-0.000775406544376835,0.0420893979980959,0.106308333333333));
#5430=CARTESIAN_POINT('',(4.95934556231686E-5,0.0425657119701773,0.10625));
#5431=CARTESIAN_POINT('',(0.000874593455623171,0.0420893979980959,0.106191666666667));
#5432=CARTESIAN_POINT('',(0.00169959345562317,0.0416130840260144,0.106133333333333));
#5433=CARTESIAN_POINT('',(0.00169959345562317,0.0406604560818516,0.106075));
#5434=CARTESIAN_POINT('',(0.00169959345562317,0.0397078281376887,0.106016666666667));
#5435=CARTESIAN_POINT('',(0.000874593455623172,0.0392315141656073,0.105958333333333));
#5436=CARTESIAN_POINT('',(4.95934556231691E-5,0.0387552001935258,0.1059));
#5437=CARTESIAN_POINT('',(-0.000775406544376834,0.0392315141656073,0.105841666666667));
#5438=CARTESIAN_POINT('',(-0.00160040654437684,0.0397078281376887,0.105783333333333));
#5439=CARTESIAN_POINT('',(-0.00160040654437684,0.0406604560818516,0.105725));
#5440=CARTESIAN_POINT('',(-0.00160040654437684,0.0416130840260144,0.105666666666667));
#5441=CARTESIAN_POINT('',(-0.000775406544376835,0.0420893979980959,0.105608333333333));
#5442=CARTESIAN_POINT('',(4.95934556231686E-5,0.0425657119701773,0.10555));
#5443=CARTESIAN_POINT('',(0.000874593455623171,0.0420893979980959,0.105491666666667));
#5444=CARTESIAN_POINT('',(0.00169959345562317,0.0416130840260144,0.105433333333333));
#5445=CARTESIAN_POINT('',(0.00169959345562317,0.0406604560818516,0.105375));
#5446=CARTESIAN_POINT('',(0.00169959345562317,0.0397078281376887,0.105316666666667));
#5447=CARTESIAN_POINT('',(0.000874593455623172,0.0392315141656073,0.105258333333333));
#5448=CARTESIAN_POINT('',(4.95934556231691E-5,0.0387552001935258,0.1052));
#5449=CARTESIAN_POINT('',(-0.000775406544376834,0.0392315141656073,0.105141666666667));
#5450=CARTESIAN_POINT('',(-0.00160040654437684,0.0397078281376887,0.105083333333333));
#5451=CARTESIAN_POINT('',(-0.00160040654437684,0.0406604560818516,0.105025));
#5452=CARTESIAN_POINT('',(-0.00160040654437684,0.0416130840260144,0.104966666666667));
#5453=CARTESIAN_POINT('',(-0.000775406544376835,0.0420893979980959,0.104908333333333));
#5454=CARTESIAN_POINT('',(4.95934556231686E-5,0.0425657119701773,0.10485));
#5455=CARTESIAN_POINT('',(0.000874593455623171,0.0420893979980959,0.104791666666667));
#5456=CARTESIAN_POINT('',(0.00169959345562317,0.0416130840260144,0.104733333333333));
#5457=CARTESIAN_POINT('',(0.00169959345562317,0.0406604560818516,0.104675));
#5458=CARTESIAN_POINT('',(0.00169959345562317,0.0397078281376887,0.104616666666667));
#5459=CARTESIAN_POINT('',(0.000874593455623172,0.0392315141656073,0.104558333333333));
#5460=CARTESIAN_POINT('',(4.95934556231691E-5,0.0387552001935258,0.1045));
#5461=CARTESIAN_POINT('',(-0.000775406544376834,0.0392315141656073,0.104441666666667));
#5462=CARTESIAN_POINT('',(-0.00160040654437684,0.0397078281376887,0.104383333333333));
#5463=CARTESIAN_POINT('',(-0.00160040654437684,0.0406604560818516,0.104325));
#5464=CARTESIAN_POINT('',(-0.00160040654437684,0.0416130840260144,0.104266666666667));
#5465=CARTESIAN_POINT('',(-0.000775406544376835,0.0420893979980959,0.104208333333333));
#5466=CARTESIAN_POINT('',(4.95934556231686E-5,0.0425657119701773,0.10415));
#5467=CARTESIAN_POINT('',(0.000874593455623171,0.0420893979980959,0.104091666666667));
#5468=CARTESIAN_POINT('',(0.00169959345562317,0.0416130840260144,0.104033333333333));
#5469=CARTESIAN_POINT('',(0.00169959345562317,0.0406604560818516,0.103975));
#5470=CARTESIAN_POINT('',(0.00169959345562317,0.0397078281376887,0.103916666666667));
#5471=CARTESIAN_POINT('',(0.000874593455623172,0.0392315141656073,0.103858333333333));
#5472=CARTESIAN_POINT('',(4.95934556231691E-5,0.0387552001935258,0.1038));
#5473=CARTESIAN_POINT('',(-0.000775406544376834,0.0392315141656073,0.103741666666667));
#5474=CARTESIAN_POINT('',(-0.00160040654437684,0.0397078281376887,0.103683333333333));
#5475=CARTESIAN_POINT('',(-0.00160040654437684,0.0406604560818516,0.103625));
#5476=CARTESIAN_POINT('',(-0.00160040654437684,0.0416130840260144,0.103566666666667));
#5477=CARTESIAN_POINT('',(-0.000775406544376835,0.0420893979980959,0.103508333333333));
#5478=CARTESIAN_POINT('',(4.95934556231686E-5,0.0425657119701773,0.10345));
#5479=CARTESIAN_POINT('',(0.000874593455623171,0.0420893979980959,0.103391666666667));
#5480=CARTESIAN_POINT('',(0.00169959345562317,0.0416130840260144,0.103333333333333));
#5481=CARTESIAN_POINT('',(0.00169959345562317,0.0406604560818516,0.103275));
#5482=CARTESIAN_POINT('',(0.00169959345562317,0.0397078281376887,0.103216666666667));
#5483=CARTESIAN_POINT('',(0.000874593455623172,0.0392315141656073,0.103158333333333));
#5484=CARTESIAN_POINT('',(4.95934556231691E-5,0.0387552001935258,0.1031));
#5485=CARTESIAN_POINT('',(-0.000775406544376834,0.0392315141656073,0.103041666666667));
#5486=CARTESIAN_POINT('',(-0.00160040654437684,0.0397078281376887,0.102983333333333));
#5487=CARTESIAN_POINT('',(-0.00160040654437684,0.0406604560818516,0.102925));
#5488=CARTESIAN_POINT('',(-0.00160040654437684,0.0416130840260144,0.102866666666667));
#5489=CARTESIAN_POINT('',(-0.000775406544376835,0.0420893979980959,0.102808333333333));
#5490=CARTESIAN_POINT('',(4.95934556231686E-5,0.0425657119701773,0.10275));
#5491=CARTESIAN_POINT('',(0.000874593455623171,0.0420893979980959,0.102691666666667));
#5492=CARTESIAN_POINT('',(0.00169959345562317,0.0416130840260144,0.102633333333333));
#5493=CARTESIAN_POINT('',(0.00169959345562317,0.0406604560818516,0.102575));
#5494=CARTESIAN_POINT('',(0.00169959345562317,0.0397078281376887,0.102516666666667));
#5495=CARTESIAN_POINT('',(0.000874593455623172,0.0392315141656073,0.102458333333333));
#5496=CARTESIAN_POINT('',(4.95934556231691E-5,0.0387552001935258,0.1024));
#5497=CARTESIAN_POINT('',(-0.000775406544376834,0.0392315141656073,0.102341666666667));
#5498=CARTESIAN_POINT('',(-0.00160040654437684,0.0397078281376887,0.102283333333333));
#5499=CARTESIAN_POINT('',(-0.00160040654437684,0.0406604560818516,0.102225));
#5500=CARTESIAN_POINT('',(-0.00160040654437684,0.0416130840260144,0.102166666666667));
#5501=CARTESIAN_POINT('',(-0.000775406544376835,0.0420893979980959,0.102108333333333));
#5502=CARTESIAN_POINT('',(4.95934556231686E-5,0.0425657119701773,0.10205));
#5503=CARTESIAN_POINT('',(0.000874593455623171,0.0420893979980959,0.101991666666667));
#5504=CARTESIAN_POINT('',(0.00169959345562317,0.0416130840260144,0.101933333333333));
#5505=CARTESIAN_POINT('',(0.00169959345562317,0.0406604560818516,0.101875));
#5506=CARTESIAN_POINT('',(0.00169959345562317,0.0397078281376887,0.101816666666667));
#5507=CARTESIAN_POINT('',(0.000874593455623172,0.0392315141656073,0.101758333333333));
#5508=CARTESIAN_POINT('',(4.95934556231691E-5,0.0387552001935258,0.1017));
#5509=CARTESIAN_POINT('',(-0.000775406544376834,0.0392315141656073,0.101641666666667));
#5510=CARTESIAN_POINT('',(-0.00160040654437684,0.0397078281376887,0.101583333333333));
#5511=CARTESIAN_POINT('',(-0.00160040654437684,0.0406604560818516,0.101525));
#5512=CARTESIAN_POINT('',(-0.00160040654437684,0.0416130840260144,0.101466666666667));
#5513=CARTESIAN_POINT('',(-0.000775406544376835,0.0420893979980959,0.101408333333333));
#5514=CARTESIAN_POINT('',(4.95934556231686E-5,0.0425657119701773,0.10135));
#5515=CARTESIAN_POINT('',(0.000874593455623171,0.0420893979980959,0.101291666666667));
#5516=CARTESIAN_POINT('',(0.00169959345562317,0.0416130840260144,0.101233333333333));
#5517=CARTESIAN_POINT('',(0.00169959345562317,0.0406604560818516,0.101175));
#5518=CARTESIAN_POINT('',(0.00169959345562317,0.0397078281376887,0.101116666666667));
#5519=CARTESIAN_POINT('',(0.000874593455623172,0.0392315141656073,0.101058333333333));
#5520=CARTESIAN_POINT('',(4.95934556231691E-5,0.0387552001935258,0.101));
#5521=CARTESIAN_POINT('',(-0.000775406544376834,0.0392315141656073,0.100941666666667));
#5522=CARTESIAN_POINT('',(-0.00160040654437684,0.0397078281376887,0.100883333333333));
#5523=CARTESIAN_POINT('',(-0.00160040654437684,0.0406604560818516,0.100825));
#5524=CARTESIAN_POINT('',(-0.00160040654437684,0.0416130840260144,0.100766666666667));
#5525=CARTESIAN_POINT('',(-0.000775406544376835,0.0420893979980959,0.100708333333333));
#5526=CARTESIAN_POINT('',(4.95934556231686E-5,0.0425657119701773,0.10065));
#5527=CARTESIAN_POINT('',(0.000874593455623171,0.0420893979980959,0.100591666666667));
#5528=CARTESIAN_POINT('',(0.00169959345562317,0.0416130840260144,0.100533333333333));
#5529=CARTESIAN_POINT('',(0.00169959345562317,0.0406604560818516,0.100475));
#5530=CARTESIAN_POINT('',(0.00169959345562317,0.0397078281376887,0.100416666666667));
#5531=CARTESIAN_POINT('',(0.000874593455623172,0.0392315141656073,0.100358333333333));
#5532=CARTESIAN_POINT('',(4.95934556231691E-5,0.0387552001935258,0.1003));
#5533=CARTESIAN_POINT('',(-0.000775406544376834,0.0392315141656073,0.100241666666667));
#5534=CARTESIAN_POINT('',(-0.00160040654437684,0.0397078281376887,0.100183333333333));
#5535=CARTESIAN_POINT('',(-0.00160040654437684,0.0406604560818516,0.100125));
#5536=CARTESIAN_POINT('',(-0.00160040654437684,0.0416130840260144,0.100066666666667));
#5537=CARTESIAN_POINT('',(-0.000775406544376835,0.0420893979980959,0.100008333333333));
#5538=CARTESIAN_POINT('',(4.95934556231686E-5,0.0425657119701773,0.09995));
#5539=CARTESIAN_POINT('',(0.000874593455623171,0.0420893979980959,0.0998916666666667));
#5540=CARTESIAN_POINT('',(0.00169959345562317,0.0416130840260144,0.0998333333333333));
#5541=CARTESIAN_POINT('',(0.00169959345562317,0.0406604560818516,0.099775));
#5542=CARTESIAN_POINT('',(0.00169959345562317,0.0397078281376887,0.0997166666666667));
#5543=CARTESIAN_POINT('',(0.000874593455623172,0.0392315141656073,0.0996583333333333));
#5544=CARTESIAN_POINT('',(4.95934556231691E-5,0.0387552001935258,0.0996));
#5545=CARTESIAN_POINT('',(-0.000775406544376834,0.0392315141656073,0.0995416666666667));
#5546=CARTESIAN_POINT('',(-0.00160040654437684,0.0397078281376887,0.0994833333333333));
#5547=CARTESIAN_POINT('',(-0.00160040654437684,0.0406604560818516,0.099425));
#5548=CARTESIAN_POINT('',(-0.00160040654437684,0.0416130840260144,0.0993666666666666));
#5549=CARTESIAN_POINT('',(-0.000775406544376835,0.0420893979980959,0.0993083333333333));
#5550=CARTESIAN_POINT('',(4.95934556231686E-5,0.0425657119701773,0.09925));
#5551=CARTESIAN_POINT('',(0.000874593455623171,0.0420893979980959,0.0991916666666667));
#5552=CARTESIAN_POINT('',(0.00169959345562317,0.0416130840260144,0.0991333333333334));
#5553=CARTESIAN_POINT('',(0.00169959345562317,0.0406604560818516,0.099075));
#5554=CARTESIAN_POINT('',(0.00169959345562317,0.0397078281376887,0.0990166666666667));
#5555=CARTESIAN_POINT('',(0.000874593455623172,0.0392315141656073,0.0989583333333333));
#5556=CARTESIAN_POINT('',(4.95934556231691E-5,0.0387552001935258,0.0989));
#5557=CARTESIAN_POINT('',(-0.000775406544376834,0.0392315141656073,0.0988416666666667));
#5558=CARTESIAN_POINT('',(-0.00160040654437684,0.0397078281376887,0.0987833333333333));
#5559=CARTESIAN_POINT('',(-0.00160040654437684,0.0406604560818516,0.098725));
#5560=CARTESIAN_POINT('',(-0.00160040654437684,0.0416130840260144,0.0986666666666666));
#5561=CARTESIAN_POINT('',(-0.000775406544376835,0.0420893979980959,0.0986083333333334));
#5562=CARTESIAN_POINT('',(4.95934556231686E-5,0.0425657119701773,0.0985499999999999));
#5563=CARTESIAN_POINT('',(0.000874593455623171,0.0420893979980959,0.0984916666666667));
#5564=CARTESIAN_POINT('',(0.00169959345562317,0.0416130840260144,0.0984333333333334));
#5565=CARTESIAN_POINT('',(0.00169959345562317,0.0406604560818516,0.098375));
#5566=CARTESIAN_POINT('',(0.00169959345562317,0.0397078281376887,0.0983166666666667));
#5567=CARTESIAN_POINT('',(0.000874593455623172,0.0392315141656073,0.0982583333333334));
#5568=CARTESIAN_POINT('',(4.95934556231691E-5,0.0387552001935258,0.0982));
#5569=CARTESIAN_POINT('',(-0.000775406544376834,0.0392315141656073,0.0981416666666667));
#5570=CARTESIAN_POINT('',(-0.00160040654437684,0.0397078281376887,0.0980833333333333));
#5571=CARTESIAN_POINT('',(-0.00160040654437684,0.0406604560818516,0.098025));
#5572=CARTESIAN_POINT('',(-0.00160040654437684,0.0416130840260144,0.0979666666666666));
#5573=CARTESIAN_POINT('',(-0.000775406544376835,0.0420893979980959,0.0979083333333333));
#5574=CARTESIAN_POINT('',(4.95934556231686E-5,0.0425657119701773,0.09785));
#5575=CARTESIAN_POINT('',(0.000874593455623171,0.0420893979980959,0.0977916666666667));
#5576=CARTESIAN_POINT('',(0.0013616962076373,0.0418081690930976,0.0977572250579384));
#5577=CARTESIAN_POINT('',(0.0015756074326027,0.0412879760752089,0.0977178089784847));
#5578=CARTESIAN_POINT('',(0.00110882085303078,0.0389300179355787,0.108279697029606));
#5579=CARTESIAN_POINT('',(0.00108659965738017,0.0389164160051734,0.108278380777758));
#5580=CARTESIAN_POINT('',(0.00106403651187317,0.0389033891670411,0.108277083333333));
#5581=CARTESIAN_POINT('',(4.95934556231691E-5,0.0383177001954376,0.10821875));
#5582=CARTESIAN_POINT('',(-0.000964849600626834,0.0389033891670411,0.108160416666667));
#5583=CARTESIAN_POINT('',(-0.00197929265687684,0.0394890781386446,0.108102083333333));
#5584=CARTESIAN_POINT('',(-0.00197929265687684,0.0406604560818516,0.10804375));
#5585=CARTESIAN_POINT('',(-0.00197929265687684,0.0418318340250585,0.107985416666667));
#5586=CARTESIAN_POINT('',(-0.000964849600626836,0.0424175229966621,0.107927083333333));
#5587=CARTESIAN_POINT('',(4.95934556231686E-5,0.0430032119682655,0.10786875));
#5588=CARTESIAN_POINT('',(0.00106403651187317,0.0424175229966621,0.107810416666667));
#5589=CARTESIAN_POINT('',(0.00207847956812318,0.0418318340250585,0.107752083333333));
#5590=CARTESIAN_POINT('',(0.00207847956812318,0.0406604560818516,0.10769375));
#5591=CARTESIAN_POINT('',(0.00207847956812318,0.0394890781386446,0.107635416666667));
#5592=CARTESIAN_POINT('',(0.00106403651187317,0.0389033891670411,0.107577083333333));
#5593=CARTESIAN_POINT('',(4.95934556231691E-5,0.0383177001954376,0.10751875));
#5594=CARTESIAN_POINT('',(-0.000964849600626834,0.0389033891670411,0.107460416666667));
#5595=CARTESIAN_POINT('',(-0.00197929265687684,0.0394890781386446,0.107402083333333));
#5596=CARTESIAN_POINT('',(-0.00197929265687684,0.0406604560818516,0.10734375));
#5597=CARTESIAN_POINT('',(-0.00197929265687684,0.0418318340250585,0.107285416666667));
#5598=CARTESIAN_POINT('',(-0.000964849600626836,0.0424175229966621,0.107227083333333));
#5599=CARTESIAN_POINT('',(4.95934556231686E-5,0.0430032119682655,0.10716875));
#5600=CARTESIAN_POINT('',(0.00106403651187317,0.0424175229966621,0.107110416666667));
#5601=CARTESIAN_POINT('',(0.00207847956812318,0.0418318340250585,0.107052083333333));
#5602=CARTESIAN_POINT('',(0.00207847956812318,0.0406604560818516,0.10699375));
#5603=CARTESIAN_POINT('',(0.00207847956812318,0.0394890781386446,0.106935416666667));
#5604=CARTESIAN_POINT('',(0.00106403651187317,0.0389033891670411,0.106877083333333));
#5605=CARTESIAN_POINT('',(4.95934556231691E-5,0.0383177001954376,0.10681875));
#5606=CARTESIAN_POINT('',(-0.000964849600626834,0.0389033891670411,0.106760416666667));
#5607=CARTESIAN_POINT('',(-0.00197929265687684,0.0394890781386446,0.106702083333333));
#5608=CARTESIAN_POINT('',(-0.00197929265687684,0.0406604560818516,0.10664375));
#5609=CARTESIAN_POINT('',(-0.00197929265687684,0.0418318340250585,0.106585416666667));
#5610=CARTESIAN_POINT('',(-0.000964849600626836,0.0424175229966621,0.106527083333333));
#5611=CARTESIAN_POINT('',(4.95934556231686E-5,0.0430032119682655,0.10646875));
#5612=CARTESIAN_POINT('',(0.00106403651187317,0.0424175229966621,0.106410416666667));
#5613=CARTESIAN_POINT('',(0.00207847956812318,0.0418318340250585,0.106352083333333));
#5614=CARTESIAN_POINT('',(0.00207847956812318,0.0406604560818516,0.10629375));
#5615=CARTESIAN_POINT('',(0.00207847956812318,0.0394890781386446,0.106235416666667));
#5616=CARTESIAN_POINT('',(0.00106403651187317,0.0389033891670411,0.106177083333333));
#5617=CARTESIAN_POINT('',(4.95934556231691E-5,0.0383177001954376,0.10611875));
#5618=CARTESIAN_POINT('',(-0.000964849600626834,0.0389033891670411,0.106060416666667));
#5619=CARTESIAN_POINT('',(-0.00197929265687684,0.0394890781386446,0.106002083333333));
#5620=CARTESIAN_POINT('',(-0.00197929265687684,0.0406604560818516,0.10594375));
#5621=CARTESIAN_POINT('',(-0.00197929265687684,0.0418318340250585,0.105885416666667));
#5622=CARTESIAN_POINT('',(-0.000964849600626836,0.0424175229966621,0.105827083333333));
#5623=CARTESIAN_POINT('',(4.95934556231686E-5,0.0430032119682655,0.10576875));
#5624=CARTESIAN_POINT('',(0.00106403651187317,0.0424175229966621,0.105710416666667));
#5625=CARTESIAN_POINT('',(0.00207847956812318,0.0418318340250585,0.105652083333333));
#5626=CARTESIAN_POINT('',(0.00207847956812318,0.0406604560818516,0.10559375));
#5627=CARTESIAN_POINT('',(0.00207847956812318,0.0394890781386446,0.105535416666667));
#5628=CARTESIAN_POINT('',(0.00106403651187317,0.0389033891670411,0.105477083333333));
#5629=CARTESIAN_POINT('',(4.95934556231691E-5,0.0383177001954376,0.10541875));
#5630=CARTESIAN_POINT('',(-0.000964849600626834,0.0389033891670411,0.105360416666667));
#5631=CARTESIAN_POINT('',(-0.00197929265687684,0.0394890781386446,0.105302083333333));
#5632=CARTESIAN_POINT('',(-0.00197929265687684,0.0406604560818516,0.10524375));
#5633=CARTESIAN_POINT('',(-0.00197929265687684,0.0418318340250585,0.105185416666667));
#5634=CARTESIAN_POINT('',(-0.000964849600626836,0.0424175229966621,0.105127083333333));
#5635=CARTESIAN_POINT('',(4.95934556231686E-5,0.0430032119682655,0.10506875));
#5636=CARTESIAN_POINT('',(0.00106403651187317,0.0424175229966621,0.105010416666667));
#5637=CARTESIAN_POINT('',(0.00207847956812318,0.0418318340250585,0.104952083333333));
#5638=CARTESIAN_POINT('',(0.00207847956812318,0.0406604560818516,0.10489375));
#5639=CARTESIAN_POINT('',(0.00207847956812318,0.0394890781386446,0.104835416666667));
#5640=CARTESIAN_POINT('',(0.00106403651187317,0.0389033891670411,0.104777083333333));
#5641=CARTESIAN_POINT('',(4.95934556231691E-5,0.0383177001954376,0.10471875));
#5642=CARTESIAN_POINT('',(-0.000964849600626834,0.0389033891670411,0.104660416666667));
#5643=CARTESIAN_POINT('',(-0.00197929265687684,0.0394890781386446,0.104602083333333));
#5644=CARTESIAN_POINT('',(-0.00197929265687684,0.0406604560818516,0.10454375));
#5645=CARTESIAN_POINT('',(-0.00197929265687684,0.0418318340250585,0.104485416666667));
#5646=CARTESIAN_POINT('',(-0.000964849600626836,0.0424175229966621,0.104427083333333));
#5647=CARTESIAN_POINT('',(4.95934556231686E-5,0.0430032119682655,0.10436875));
#5648=CARTESIAN_POINT('',(0.00106403651187317,0.0424175229966621,0.104310416666667));
#5649=CARTESIAN_POINT('',(0.00207847956812318,0.0418318340250585,0.104252083333333));
#5650=CARTESIAN_POINT('',(0.00207847956812318,0.0406604560818516,0.10419375));
#5651=CARTESIAN_POINT('',(0.00207847956812318,0.0394890781386446,0.104135416666667));
#5652=CARTESIAN_POINT('',(0.00106403651187317,0.0389033891670411,0.104077083333333));
#5653=CARTESIAN_POINT('',(4.95934556231691E-5,0.0383177001954376,0.10401875));
#5654=CARTESIAN_POINT('',(-0.000964849600626834,0.0389033891670411,0.103960416666667));
#5655=CARTESIAN_POINT('',(-0.00197929265687684,0.0394890781386446,0.103902083333333));
#5656=CARTESIAN_POINT('',(-0.00197929265687684,0.0406604560818516,0.10384375));
#5657=CARTESIAN_POINT('',(-0.00197929265687684,0.0418318340250585,0.103785416666667));
#5658=CARTESIAN_POINT('',(-0.000964849600626836,0.0424175229966621,0.103727083333333));
#5659=CARTESIAN_POINT('',(4.95934556231686E-5,0.0430032119682655,0.10366875));
#5660=CARTESIAN_POINT('',(0.00106403651187317,0.0424175229966621,0.103610416666667));
#5661=CARTESIAN_POINT('',(0.00207847956812318,0.0418318340250585,0.103552083333333));
#5662=CARTESIAN_POINT('',(0.00207847956812318,0.0406604560818516,0.10349375));
#5663=CARTESIAN_POINT('',(0.00207847956812318,0.0394890781386446,0.103435416666667));
#5664=CARTESIAN_POINT('',(0.00106403651187317,0.0389033891670411,0.103377083333333));
#5665=CARTESIAN_POINT('',(4.95934556231691E-5,0.0383177001954376,0.10331875));
#5666=CARTESIAN_POINT('',(-0.000964849600626834,0.0389033891670411,0.103260416666667));
#5667=CARTESIAN_POINT('',(-0.00197929265687684,0.0394890781386446,0.103202083333333));
#5668=CARTESIAN_POINT('',(-0.00197929265687684,0.0406604560818516,0.10314375));
#5669=CARTESIAN_POINT('',(-0.00197929265687684,0.0418318340250585,0.103085416666667));
#5670=CARTESIAN_POINT('',(-0.000964849600626836,0.0424175229966621,0.103027083333333));
#5671=CARTESIAN_POINT('',(4.95934556231686E-5,0.0430032119682655,0.10296875));
#5672=CARTESIAN_POINT('',(0.00106403651187317,0.0424175229966621,0.102910416666667));
#5673=CARTESIAN_POINT('',(0.00207847956812318,0.0418318340250585,0.102852083333333));
#5674=CARTESIAN_POINT('',(0.00207847956812318,0.0406604560818516,0.10279375));
#5675=CARTESIAN_POINT('',(0.00207847956812318,0.0394890781386446,0.102735416666667));
#5676=CARTESIAN_POINT('',(0.00106403651187317,0.0389033891670411,0.102677083333333));
#5677=CARTESIAN_POINT('',(4.95934556231691E-5,0.0383177001954376,0.10261875));
#5678=CARTESIAN_POINT('',(-0.000964849600626834,0.0389033891670411,0.102560416666667));
#5679=CARTESIAN_POINT('',(-0.00197929265687684,0.0394890781386446,0.102502083333333));
#5680=CARTESIAN_POINT('',(-0.00197929265687684,0.0406604560818516,0.10244375));
#5681=CARTESIAN_POINT('',(-0.00197929265687684,0.0418318340250585,0.102385416666667));
#5682=CARTESIAN_POINT('',(-0.000964849600626836,0.0424175229966621,0.102327083333333));
#5683=CARTESIAN_POINT('',(4.95934556231686E-5,0.0430032119682655,0.10226875));
#5684=CARTESIAN_POINT('',(0.00106403651187317,0.0424175229966621,0.102210416666667));
#5685=CARTESIAN_POINT('',(0.00207847956812318,0.0418318340250585,0.102152083333333));
#5686=CARTESIAN_POINT('',(0.00207847956812318,0.0406604560818516,0.10209375));
#5687=CARTESIAN_POINT('',(0.00207847956812318,0.0394890781386446,0.102035416666667));
#5688=CARTESIAN_POINT('',(0.00106403651187317,0.0389033891670411,0.101977083333333));
#5689=CARTESIAN_POINT('',(4.95934556231691E-5,0.0383177001954376,0.10191875));
#5690=CARTESIAN_POINT('',(-0.000964849600626834,0.0389033891670411,0.101860416666667));
#5691=CARTESIAN_POINT('',(-0.00197929265687684,0.0394890781386446,0.101802083333333));
#5692=CARTESIAN_POINT('',(-0.00197929265687684,0.0406604560818516,0.10174375));
#5693=CARTESIAN_POINT('',(-0.00197929265687684,0.0418318340250585,0.101685416666667));
#5694=CARTESIAN_POINT('',(-0.000964849600626836,0.0424175229966621,0.101627083333333));
#5695=CARTESIAN_POINT('',(4.95934556231686E-5,0.0430032119682655,0.10156875));
#5696=CARTESIAN_POINT('',(0.00106403651187317,0.0424175229966621,0.101510416666667));
#5697=CARTESIAN_POINT('',(0.00207847956812318,0.0418318340250585,0.101452083333333));
#5698=CARTESIAN_POINT('',(0.00207847956812318,0.0406604560818516,0.10139375));
#5699=CARTESIAN_POINT('',(0.00207847956812318,0.0394890781386446,0.101335416666667));
#5700=CARTESIAN_POINT('',(0.00106403651187317,0.0389033891670411,0.101277083333333));
#5701=CARTESIAN_POINT('',(4.95934556231691E-5,0.0383177001954376,0.10121875));
#5702=CARTESIAN_POINT('',(-0.000964849600626834,0.0389033891670411,0.101160416666667));
#5703=CARTESIAN_POINT('',(-0.00197929265687684,0.0394890781386446,0.101102083333333));
#5704=CARTESIAN_POINT('',(-0.00197929265687684,0.0406604560818516,0.10104375));
#5705=CARTESIAN_POINT('',(-0.00197929265687684,0.0418318340250585,0.100985416666667));
#5706=CARTESIAN_POINT('',(-0.000964849600626836,0.0424175229966621,0.100927083333333));
#5707=CARTESIAN_POINT('',(4.95934556231686E-5,0.0430032119682655,0.10086875));
#5708=CARTESIAN_POINT('',(0.00106403651187317,0.0424175229966621,0.100810416666667));
#5709=CARTESIAN_POINT('',(0.00207847956812318,0.0418318340250585,0.100752083333333));
#5710=CARTESIAN_POINT('',(0.00207847956812318,0.0406604560818516,0.10069375));
#5711=CARTESIAN_POINT('',(0.00207847956812318,0.0394890781386446,0.100635416666667));
#5712=CARTESIAN_POINT('',(0.00106403651187317,0.0389033891670411,0.100577083333333));
#5713=CARTESIAN_POINT('',(4.95934556231691E-5,0.0383177001954376,0.10051875));
#5714=CARTESIAN_POINT('',(-0.000964849600626834,0.0389033891670411,0.100460416666667));
#5715=CARTESIAN_POINT('',(-0.00197929265687684,0.0394890781386446,0.100402083333333));
#5716=CARTESIAN_POINT('',(-0.00197929265687684,0.0406604560818516,0.10034375));
#5717=CARTESIAN_POINT('',(-0.00197929265687684,0.0418318340250585,0.100285416666667));
#5718=CARTESIAN_POINT('',(-0.000964849600626836,0.0424175229966621,0.100227083333333));
#5719=CARTESIAN_POINT('',(4.95934556231686E-5,0.0430032119682655,0.10016875));
#5720=CARTESIAN_POINT('',(0.00106403651187317,0.0424175229966621,0.100110416666667));
#5721=CARTESIAN_POINT('',(0.00207847956812318,0.0418318340250585,0.100052083333333));
#5722=CARTESIAN_POINT('',(0.00207847956812318,0.0406604560818516,0.09999375));
#5723=CARTESIAN_POINT('',(0.00207847956812318,0.0394890781386446,0.0999354166666666));
#5724=CARTESIAN_POINT('',(0.00106403651187317,0.0389033891670411,0.0998770833333334));
#5725=CARTESIAN_POINT('',(4.95934556231691E-5,0.0383177001954376,0.09981875));
#5726=CARTESIAN_POINT('',(-0.000964849600626834,0.0389033891670411,0.0997604166666667));
#5727=CARTESIAN_POINT('',(-0.00197929265687684,0.0394890781386446,0.0997020833333334));
#5728=CARTESIAN_POINT('',(-0.00197929265687684,0.0406604560818516,0.09964375));
#5729=CARTESIAN_POINT('',(-0.00197929265687684,0.0418318340250585,0.0995854166666667));
#5730=CARTESIAN_POINT('',(-0.000964849600626836,0.0424175229966621,0.0995270833333333));
#5731=CARTESIAN_POINT('',(4.95934556231686E-5,0.0430032119682655,0.09946875));
#5732=CARTESIAN_POINT('',(0.00106403651187317,0.0424175229966621,0.0994104166666667));
#5733=CARTESIAN_POINT('',(0.00207847956812318,0.0418318340250585,0.0993520833333333));
#5734=CARTESIAN_POINT('',(0.00207847956812318,0.0406604560818516,0.09929375));
#5735=CARTESIAN_POINT('',(0.00207847956812318,0.0394890781386446,0.0992354166666666));
#5736=CARTESIAN_POINT('',(0.00106403651187317,0.0389033891670411,0.0991770833333333));
#5737=CARTESIAN_POINT('',(4.95934556231691E-5,0.0383177001954376,0.0991187500000001));
#5738=CARTESIAN_POINT('',(-0.000964849600626834,0.0389033891670411,0.0990604166666667));
#5739=CARTESIAN_POINT('',(-0.00197929265687684,0.0394890781386446,0.0990020833333334));
#5740=CARTESIAN_POINT('',(-0.00197929265687684,0.0406604560818516,0.09894375));
#5741=CARTESIAN_POINT('',(-0.00197929265687684,0.0418318340250585,0.0988854166666667));
#5742=CARTESIAN_POINT('',(-0.000964849600626836,0.0424175229966621,0.0988270833333333));
#5743=CARTESIAN_POINT('',(4.95934556231686E-5,0.0430032119682655,0.09876875));
#5744=CARTESIAN_POINT('',(0.00106403651187317,0.0424175229966621,0.0987104166666667));
#5745=CARTESIAN_POINT('',(0.00207847956812318,0.0418318340250585,0.0986520833333333));
#5746=CARTESIAN_POINT('',(0.00207847956812318,0.0406604560818516,0.09859375));
#5747=CARTESIAN_POINT('',(0.00207847956812318,0.0394890781386446,0.0985354166666666));
#5748=CARTESIAN_POINT('',(0.00106403651187317,0.0389033891670411,0.0984770833333334));
#5749=CARTESIAN_POINT('',(4.95934556231691E-5,0.0383177001954376,0.0984187499999999));
#5750=CARTESIAN_POINT('',(-0.000964849600626834,0.0389033891670411,0.0983604166666667));
#5751=CARTESIAN_POINT('',(-0.00197929265687684,0.0394890781386446,0.0983020833333334));
#5752=CARTESIAN_POINT('',(-0.00197929265687684,0.0406604560818516,0.09824375));
#5753=CARTESIAN_POINT('',(-0.00197929265687684,0.0418318340250585,0.0981854166666667));
#5754=CARTESIAN_POINT('',(-0.000964849600626836,0.0424175229966621,0.0981270833333334));
#5755=CARTESIAN_POINT('',(4.95934556231686E-5,0.0430032119682655,0.09806875));
#5756=CARTESIAN_POINT('',(0.00106403651187317,0.0424175229966621,0.0980104166666667));
#5757=CARTESIAN_POINT('',(0.00166299166879559,0.0420717160755804,0.0979759750579384));
#5758=CARTESIAN_POINT('',(0.00192602288918357,0.041432072202966,0.0979365589784847));
#5759=CARTESIAN_POINT('',(0.00169959345562317,0.0406604560818516,0.108875));
#5760=CARTESIAN_POINT('',(0.00169959345562317,0.0397078281376887,0.108816666666667));
#5761=CARTESIAN_POINT('',(0.000874593455623172,0.0392315141656073,0.108758333333333));
#5762=CARTESIAN_POINT('',(4.95934556231691E-5,0.0387552001935258,0.1087));
#5763=CARTESIAN_POINT('',(-0.000775406544376834,0.0392315141656073,0.108641666666667));
#5764=CARTESIAN_POINT('',(-0.00160040654437684,0.0397078281376887,0.108583333333333));
#5765=CARTESIAN_POINT('',(-0.00160040654437684,0.0406604560818516,0.108525));
#5766=CARTESIAN_POINT('',(-0.00160040654437684,0.0416130840260144,0.108466666666667));
#5767=CARTESIAN_POINT('',(-0.000775406544376835,0.0420893979980959,0.108408333333333));
#5768=CARTESIAN_POINT('',(4.95934556231686E-5,0.0425657119701773,0.10835));
#5769=CARTESIAN_POINT('',(0.000874593455623171,0.0420893979980959,0.108291666666667));
#5770=CARTESIAN_POINT('',(0.00169959345562317,0.0416130840260144,0.108233333333333));
#5771=CARTESIAN_POINT('',(0.00169959345562317,0.0406604560818516,0.108175));
#5772=CARTESIAN_POINT('',(0.00169959345562317,0.0397078281376887,0.108116666666667));
#5773=CARTESIAN_POINT('',(0.000874593455623173,0.0392315141656073,0.108058333333333));
#5774=CARTESIAN_POINT('',(4.95934556231713E-5,0.0387552001935258,0.108));
#5775=CARTESIAN_POINT('',(-0.000775406544376833,0.0392315141656073,0.107941666666667));
#5776=CARTESIAN_POINT('',(-0.00160040654437683,0.0397078281376887,0.107883333333333));
#5777=CARTESIAN_POINT('',(-0.00160040654437684,0.0406604560818516,0.107825));
#5778=CARTESIAN_POINT('',(-0.00160040654437684,0.0416130840260144,0.107766666666667));
#5779=CARTESIAN_POINT('',(-0.000775406544376836,0.0420893979980959,0.107708333333333));
#5780=CARTESIAN_POINT('',(4.95934556231682E-5,0.0425657119701773,0.10765));
#5781=CARTESIAN_POINT('',(0.00087459345562317,0.0420893979980959,0.107591666666667));
#5782=CARTESIAN_POINT('',(0.00169959345562317,0.0416130840260144,0.107533333333333));
#5783=CARTESIAN_POINT('',(0.00169959345562317,0.0406604560818516,0.107475));
#5784=CARTESIAN_POINT('',(0.00169959345562317,0.0397078281376887,0.107416666666667));
#5785=CARTESIAN_POINT('',(0.000874593455623174,0.0392315141656073,0.107358333333333));
#5786=CARTESIAN_POINT('',(4.95934556231734E-5,0.0387552001935258,0.1073));
#5787=CARTESIAN_POINT('',(-0.000775406544376832,0.0392315141656073,0.107241666666667));
#5788=CARTESIAN_POINT('',(-0.00160040654437683,0.0397078281376887,0.107183333333333));
#5789=CARTESIAN_POINT('',(-0.00160040654437684,0.0406604560818516,0.107125));
#5790=CARTESIAN_POINT('',(-0.00160040654437684,0.0416130840260144,0.107066666666667));
#5791=CARTESIAN_POINT('',(-0.000775406544376836,0.0420893979980959,0.107008333333333));
#5792=CARTESIAN_POINT('',(4.95934556231643E-5,0.0425657119701773,0.10695));
#5793=CARTESIAN_POINT('',(0.000874593455623167,0.0420893979980959,0.106891666666667));
#5794=CARTESIAN_POINT('',(0.00169959345562317,0.0416130840260144,0.106833333333333));
#5795=CARTESIAN_POINT('',(0.00169959345562317,0.0406604560818516,0.106775));
#5796=CARTESIAN_POINT('',(0.00169959345562317,0.0397078281376887,0.106716666666667));
#5797=CARTESIAN_POINT('',(0.000874593455623175,0.0392315141656073,0.106658333333333));
#5798=CARTESIAN_POINT('',(4.95934556231739E-5,0.0387552001935258,0.1066));
#5799=CARTESIAN_POINT('',(-0.000775406544376829,0.0392315141656073,0.106541666666667));
#5800=CARTESIAN_POINT('',(-0.00160040654437683,0.0397078281376887,0.106483333333333));
#5801=CARTESIAN_POINT('',(-0.00160040654437684,0.0406604560818516,0.106425));
#5802=CARTESIAN_POINT('',(-0.00160040654437684,0.0416130840260144,0.106366666666667));
#5803=CARTESIAN_POINT('',(-0.000775406544376837,0.0420893979980959,0.106308333333333));
#5804=CARTESIAN_POINT('',(4.95934556231638E-5,0.0425657119701773,0.10625));
#5805=CARTESIAN_POINT('',(0.000874593455623167,0.0420893979980959,0.106191666666667));
#5806=CARTESIAN_POINT('',(0.00169959345562317,0.0416130840260144,0.106133333333333));
#5807=CARTESIAN_POINT('',(0.00169959345562317,0.0406604560818516,0.106075));
#5808=CARTESIAN_POINT('',(0.00169959345562317,0.0397078281376887,0.106016666666667));
#5809=CARTESIAN_POINT('',(0.000874593455623175,0.0392315141656073,0.105958333333333));
#5810=CARTESIAN_POINT('',(4.95934556231743E-5,0.0387552001935258,0.1059));
#5811=CARTESIAN_POINT('',(-0.000775406544376829,0.0392315141656073,0.105841666666667));
#5812=CARTESIAN_POINT('',(-0.00160040654437683,0.0397078281376887,0.105783333333333));
#5813=CARTESIAN_POINT('',(-0.00160040654437684,0.0406604560818516,0.105725));
#5814=CARTESIAN_POINT('',(-0.00160040654437684,0.0416130840260144,0.105666666666667));
#5815=CARTESIAN_POINT('',(-0.000775406544376837,0.0420893979980959,0.105608333333333));
#5816=CARTESIAN_POINT('',(4.95934556231634E-5,0.0425657119701773,0.10555));
#5817=CARTESIAN_POINT('',(0.000874593455623167,0.0420893979980959,0.105491666666667));
#5818=CARTESIAN_POINT('',(0.00169959345562317,0.0416130840260144,0.105433333333333));
#5819=CARTESIAN_POINT('',(0.00169959345562317,0.0406604560818516,0.105375));
#5820=CARTESIAN_POINT('',(0.00169959345562317,0.0397078281376887,0.105316666666667));
#5821=CARTESIAN_POINT('',(0.000874593455623175,0.0392315141656073,0.105258333333333));
#5822=CARTESIAN_POINT('',(4.95934556231816E-5,0.0387552001935258,0.1052));
#5823=CARTESIAN_POINT('',(-0.000775406544376829,0.0392315141656073,0.105141666666667));
#5824=CARTESIAN_POINT('',(-0.00160040654437683,0.0397078281376887,0.105083333333333));
#5825=CARTESIAN_POINT('',(-0.00160040654437684,0.0406604560818516,0.105025));
#5826=CARTESIAN_POINT('',(-0.00160040654437684,0.0416130840260144,0.104966666666667));
#5827=CARTESIAN_POINT('',(-0.000775406544376843,0.0420893979980959,0.104908333333333));
#5828=CARTESIAN_POINT('',(4.95934556231629E-5,0.0425657119701773,0.10485));
#5829=CARTESIAN_POINT('',(0.000874593455623161,0.0420893979980959,0.104791666666667));
#5830=CARTESIAN_POINT('',(0.00169959345562317,0.0416130840260144,0.104733333333333));
#5831=CARTESIAN_POINT('',(0.00169959345562317,0.0406604560818516,0.104675));
#5832=CARTESIAN_POINT('',(0.00169959345562318,0.0397078281376887,0.104616666666667));
#5833=CARTESIAN_POINT('',(0.000874593455623176,0.0392315141656073,0.104558333333333));
#5834=CARTESIAN_POINT('',(4.95934556231821E-5,0.0387552001935258,0.1045));
#5835=CARTESIAN_POINT('',(-0.000775406544376828,0.0392315141656073,0.104441666666667));
#5836=CARTESIAN_POINT('',(-0.00160040654437683,0.0397078281376887,0.104383333333333));
#5837=CARTESIAN_POINT('',(-0.00160040654437684,0.0406604560818516,0.104325));
#5838=CARTESIAN_POINT('',(-0.00160040654437684,0.0416130840260144,0.104266666666667));
#5839=CARTESIAN_POINT('',(-0.000775406544376843,0.0420893979980959,0.104208333333333));
#5840=CARTESIAN_POINT('',(4.95934556231624E-5,0.0425657119701773,0.10415));
#5841=CARTESIAN_POINT('',(0.000874593455623161,0.0420893979980959,0.104091666666667));
#5842=CARTESIAN_POINT('',(0.00169959345562317,0.0416130840260144,0.104033333333333));
#5843=CARTESIAN_POINT('',(0.00169959345562317,0.0406604560818516,0.103975));
#5844=CARTESIAN_POINT('',(0.00169959345562318,0.0397078281376887,0.103916666666667));
#5845=CARTESIAN_POINT('',(0.000874593455623176,0.0392315141656073,0.103858333333333));
#5846=CARTESIAN_POINT('',(4.95934556231825E-5,0.0387552001935258,0.1038));
#5847=CARTESIAN_POINT('',(-0.000775406544376828,0.0392315141656073,0.103741666666667));
#5848=CARTESIAN_POINT('',(-0.00160040654437683,0.0397078281376887,0.103683333333333));
#5849=CARTESIAN_POINT('',(-0.00160040654437684,0.0406604560818516,0.103625));
#5850=CARTESIAN_POINT('',(-0.00160040654437684,0.0416130840260144,0.103566666666667));
#5851=CARTESIAN_POINT('',(-0.000775406544376843,0.0420893979980959,0.103508333333333));
#5852=CARTESIAN_POINT('',(4.9593455623162E-5,0.0425657119701773,0.10345));
#5853=CARTESIAN_POINT('',(0.000874593455623161,0.0420893979980959,0.103391666666667));
#5854=CARTESIAN_POINT('',(0.00169959345562317,0.0416130840260144,0.103333333333333));
#5855=CARTESIAN_POINT('',(0.00169959345562317,0.0406604560818516,0.103275));
#5856=CARTESIAN_POINT('',(0.00169959345562318,0.0397078281376887,0.103216666666667));
#5857=CARTESIAN_POINT('',(0.000874593455623176,0.0392315141656073,0.103158333333333));
#5858=CARTESIAN_POINT('',(4.9593455623183E-5,0.0387552001935258,0.1031));
#5859=CARTESIAN_POINT('',(-0.000775406544376828,0.0392315141656073,0.103041666666667));
#5860=CARTESIAN_POINT('',(-0.00160040654437683,0.0397078281376887,0.102983333333333));
#5861=CARTESIAN_POINT('',(-0.00160040654437684,0.0406604560818516,0.102925));
#5862=CARTESIAN_POINT('',(-0.00160040654437684,0.0416130840260144,0.102866666666667));
#5863=CARTESIAN_POINT('',(-0.000775406544376844,0.0420893979980959,0.102808333333333));
#5864=CARTESIAN_POINT('',(4.95934556231615E-5,0.0425657119701773,0.10275));
#5865=CARTESIAN_POINT('',(0.00087459345562316,0.0420893979980959,0.102691666666667));
#5866=CARTESIAN_POINT('',(0.00169959345562317,0.0416130840260144,0.102633333333333));
#5867=CARTESIAN_POINT('',(0.00169959345562317,0.0406604560818516,0.102575));
#5868=CARTESIAN_POINT('',(0.00169959345562318,0.0397078281376887,0.102516666666667));
#5869=CARTESIAN_POINT('',(0.000874593455623177,0.0392315141656073,0.102458333333333));
#5870=CARTESIAN_POINT('',(4.95934556231835E-5,0.0387552001935258,0.1024));
#5871=CARTESIAN_POINT('',(-0.000775406544376827,0.0392315141656073,0.102341666666667));
#5872=CARTESIAN_POINT('',(-0.00160040654437683,0.0397078281376887,0.102283333333333));
#5873=CARTESIAN_POINT('',(-0.00160040654437684,0.0406604560818516,0.102225));
#5874=CARTESIAN_POINT('',(-0.00160040654437685,0.0416130840260144,0.102166666666667));
#5875=CARTESIAN_POINT('',(-0.000775406544376844,0.0420893979980959,0.102108333333333));
#5876=CARTESIAN_POINT('',(4.95934556231611E-5,0.0425657119701773,0.10205));
#5877=CARTESIAN_POINT('',(0.00087459345562316,0.0420893979980959,0.101991666666667));
#5878=CARTESIAN_POINT('',(0.00169959345562317,0.0416130840260144,0.101933333333333));
#5879=CARTESIAN_POINT('',(0.00169959345562317,0.0406604560818516,0.101875));
#5880=CARTESIAN_POINT('',(0.00169959345562318,0.0397078281376887,0.101816666666667));
#5881=CARTESIAN_POINT('',(0.000874593455623177,0.0392315141656073,0.101758333333333));
#5882=CARTESIAN_POINT('',(4.95934556231839E-5,0.0387552001935258,0.1017));
#5883=CARTESIAN_POINT('',(-0.000775406544376827,0.0392315141656073,0.101641666666667));
#5884=CARTESIAN_POINT('',(-0.00160040654437683,0.0397078281376887,0.101583333333333));
#5885=CARTESIAN_POINT('',(-0.00160040654437684,0.0406604560818516,0.101525));
#5886=CARTESIAN_POINT('',(-0.00160040654437685,0.0416130840260144,0.101466666666667));
#5887=CARTESIAN_POINT('',(-0.000775406544376844,0.0420893979980959,0.101408333333333));
#5888=CARTESIAN_POINT('',(4.95934556231606E-5,0.0425657119701773,0.10135));
#5889=CARTESIAN_POINT('',(0.00087459345562317,0.0420893979980959,0.101291666666667));
#5890=CARTESIAN_POINT('',(0.00169959345562316,0.0416130840260145,0.101233333333333));
#5891=CARTESIAN_POINT('',(0.00169959345562317,0.0406604560818516,0.101175));
#5892=CARTESIAN_POINT('',(0.00169959345562318,0.0397078281376887,0.101116666666667));
#5893=CARTESIAN_POINT('',(0.000874593455623177,0.0392315141656073,0.101058333333333));
#5894=CARTESIAN_POINT('',(4.95934556231708E-5,0.0387552001935258,0.101));
#5895=CARTESIAN_POINT('',(-0.000775406544376816,0.0392315141656073,0.100941666666667));
#5896=CARTESIAN_POINT('',(-0.00160040654437683,0.0397078281376887,0.100883333333333));
#5897=CARTESIAN_POINT('',(-0.00160040654437684,0.0406604560818516,0.100825));
#5898=CARTESIAN_POINT('',(-0.00160040654437684,0.0416130840260144,0.100766666666667));
#5899=CARTESIAN_POINT('',(-0.000775406544376855,0.0420893979980959,0.100708333333333));
#5900=CARTESIAN_POINT('',(4.95934556231466E-5,0.0425657119701773,0.10065));
#5901=CARTESIAN_POINT('',(0.000874593455623159,0.0420893979980959,0.100591666666667));
#5902=CARTESIAN_POINT('',(0.00169959345562317,0.0416130840260145,0.100533333333333));
#5903=CARTESIAN_POINT('',(0.00169959345562317,0.0406604560818516,0.100475));
#5904=CARTESIAN_POINT('',(0.00169959345562319,0.0397078281376887,0.100416666666667));
#5905=CARTESIAN_POINT('',(0.000874593455623188,0.0392315141656073,0.100358333333333));
#5906=CARTESIAN_POINT('',(4.95934556231848E-5,0.0387552001935258,0.1003));
#5907=CARTESIAN_POINT('',(-0.000775406544376826,0.0392315141656073,0.100241666666667));
#5908=CARTESIAN_POINT('',(-0.00160040654437683,0.0397078281376887,0.100183333333333));
#5909=CARTESIAN_POINT('',(-0.00160040654437684,0.0406604560818516,0.100125));
#5910=CARTESIAN_POINT('',(-0.00160040654437685,0.0416130840260144,0.100066666666667));
#5911=CARTESIAN_POINT('',(-0.000775406544376845,0.0420893979980959,0.100008333333333));
#5912=CARTESIAN_POINT('',(4.95934556231597E-5,0.0425657119701773,0.09995));
#5913=CARTESIAN_POINT('',(0.000874593455623169,0.0420893979980959,0.0998916666666667));
#5914=CARTESIAN_POINT('',(0.00169959345562316,0.0416130840260145,0.0998333333333333));
#5915=CARTESIAN_POINT('',(0.00169959345562317,0.0406604560818516,0.099775));
#5916=CARTESIAN_POINT('',(0.00169959345562318,0.0397078281376887,0.0997166666666667));
#5917=CARTESIAN_POINT('',(0.000874593455623178,0.0392315141656073,0.0996583333333333));
#5918=CARTESIAN_POINT('',(4.95934556231989E-5,0.0387552001935258,0.0996));
#5919=CARTESIAN_POINT('',(-0.000775406544376816,0.0392315141656073,0.0995416666666667));
#5920=CARTESIAN_POINT('',(-0.00160040654437683,0.0397078281376887,0.0994833333333333));
#5921=CARTESIAN_POINT('',(-0.00160040654437684,0.0406604560818516,0.099425));
#5922=CARTESIAN_POINT('',(-0.00160040654437684,0.0416130840260144,0.0993666666666666));
#5923=CARTESIAN_POINT('',(-0.000775406544376855,0.0420893979980959,0.0993083333333333));
#5924=CARTESIAN_POINT('',(4.95934556231456E-5,0.0425657119701773,0.09925));
#5925=CARTESIAN_POINT('',(0.000874593455623159,0.0420893979980959,0.0991916666666667));
#5926=CARTESIAN_POINT('',(0.00169959345562317,0.0416130840260145,0.0991333333333334));
#5927=CARTESIAN_POINT('',(0.00169959345562317,0.0406604560818516,0.099075));
#5928=CARTESIAN_POINT('',(0.00169959345562319,0.0397078281376887,0.0990166666666667));
#5929=CARTESIAN_POINT('',(0.000874593455623189,0.0392315141656073,0.0989583333333333));
#5930=CARTESIAN_POINT('',(4.95934556231858E-5,0.0387552001935258,0.0989));
#5931=CARTESIAN_POINT('',(-0.000775406544376825,0.0392315141656073,0.0988416666666667));
#5932=CARTESIAN_POINT('',(-0.00160040654437683,0.0397078281376887,0.0987833333333333));
#5933=CARTESIAN_POINT('',(-0.00160040654437684,0.0406604560818516,0.098725));
#5934=CARTESIAN_POINT('',(-0.00160040654437685,0.0416130840260144,0.0986666666666666));
#5935=CARTESIAN_POINT('',(-0.000775406544376846,0.0420893979980959,0.0986083333333334));
#5936=CARTESIAN_POINT('',(4.95934556231587E-5,0.0425657119701773,0.0985499999999999));
#5937=CARTESIAN_POINT('',(0.000874593455623148,0.0420893979980959,0.0984916666666667));
#5938=CARTESIAN_POINT('',(0.00169959345562316,0.0416130840260145,0.0984333333333334));
#5939=CARTESIAN_POINT('',(0.00169959345562317,0.0406604560818516,0.098375));
#5940=CARTESIAN_POINT('',(0.00169959345562318,0.0397078281376887,0.0983166666666667));
#5941=CARTESIAN_POINT('',(0.000874593455623179,0.0392315141656073,0.0982583333333334));
#5942=CARTESIAN_POINT('',(4.95934556231998E-5,0.0387552001935258,0.0982));
#5943=CARTESIAN_POINT('',(-0.000775406544376815,0.0392315141656073,0.0981416666666667));
#5944=CARTESIAN_POINT('',(-0.00160040654437683,0.0397078281376887,0.0980833333333333));
#5945=CARTESIAN_POINT('',(-0.00160040654437684,0.0406604560818516,0.098025));
#5946=CARTESIAN_POINT('',(-0.00160040654437684,0.0416130840260144,0.0979666666666666));
#5947=CARTESIAN_POINT('',(-0.000775406544376856,0.0420893979980959,0.0979083333333333));
#5948=CARTESIAN_POINT('',(4.95934556231447E-5,0.0425657119701773,0.09785));
#5949=CARTESIAN_POINT('',(0.000874593455623158,0.0420893979980959,0.0977916666666667));
#5950=CARTESIAN_POINT('',(0.00169959345562317,0.0416130840260145,0.0977333333333334));
#5951=CARTESIAN_POINT('',(0.00169959345562317,0.0406604560818516,0.097675));
#5952=CARTESIAN_POINT('',(0.00169959345562319,0.0397078281376887,0.0976166666666667));
#5953=CARTESIAN_POINT('',(0.000874593455623189,0.0392315141656073,0.0975583333333333));
#5954=CARTESIAN_POINT('',(4.95934556231867E-5,0.0387552001935258,0.0975));
#5955=CARTESIAN_POINT('',(-0.000775406544376825,0.0392315141656073,0.0974416666666667));
#5956=CARTESIAN_POINT('',(-0.00160040654437682,0.0397078281376887,0.0973833333333333));
#5957=CARTESIAN_POINT('',(-0.00160040654437684,0.0406604560818516,0.097325));
#5958=CARTESIAN_POINT('',(-0.00160040654437685,0.0416130840260144,0.0972666666666666));
#5959=CARTESIAN_POINT('',(-0.000775406544376847,0.0420893979980959,0.0972083333333333));
#5960=CARTESIAN_POINT('',(4.95934556231578E-5,0.0425657119701773,0.09715));
#5961=CARTESIAN_POINT('',(0.000874593455623147,0.0420893979980959,0.0970916666666667));
#5962=CARTESIAN_POINT('',(0.00169959345562316,0.0416130840260145,0.0970333333333334));
#5963=CARTESIAN_POINT('',(0.00169959345562317,0.0406604560818516,0.096975));
#5964=CARTESIAN_POINT('',(0.00169959345562318,0.0397078281376887,0.0969166666666667));
#5965=CARTESIAN_POINT('',(0.00087459345562318,0.0392315141656073,0.0968583333333334));
#5966=CARTESIAN_POINT('',(4.95934556232007E-5,0.0387552001935258,0.0968));
#5967=CARTESIAN_POINT('',(-0.000775406544376814,0.0392315141656073,0.0967416666666667));
#5968=CARTESIAN_POINT('',(-0.00160040654437683,0.0397078281376887,0.0966833333333333));
#5969=CARTESIAN_POINT('',(-0.00160040654437684,0.0406604560818516,0.096625));
#5970=CARTESIAN_POINT('',(-0.00160040654437685,0.0416130840260144,0.0965666666666666));
#5971=CARTESIAN_POINT('',(-0.000775406544376857,0.0420893979980959,0.0965083333333333));
#5972=CARTESIAN_POINT('',(4.95934556231438E-5,0.0425657119701773,0.09645));
#5973=CARTESIAN_POINT('',(0.000874593455623157,0.0420893979980959,0.0963916666666667));
#5974=CARTESIAN_POINT('',(0.00169959345562317,0.0416130840260145,0.0963333333333334));
#5975=CARTESIAN_POINT('',(0.00169959345562317,0.0406604560818516,0.096275));
#5976=CARTESIAN_POINT('',(0.00207847956812318,0.0406604560818516,0.10909375));
#5977=CARTESIAN_POINT('',(0.00207847956812318,0.0394890781386446,0.109035416666667));
#5978=CARTESIAN_POINT('',(0.00106403651187317,0.0389033891670411,0.108977083333333));
#5979=CARTESIAN_POINT('',(4.95934556231691E-5,0.0383177001954376,0.10891875));
#5980=CARTESIAN_POINT('',(-0.000964849600626833,0.0389033891670411,0.108860416666667));
#5981=CARTESIAN_POINT('',(-0.00197929265687683,0.0394890781386446,0.108802083333333));
#5982=CARTESIAN_POINT('',(-0.00197929265687684,0.0406604560818516,0.10874375));
#5983=CARTESIAN_POINT('',(-0.00197929265687683,0.0418318340250585,0.108685416666667));
#5984=CARTESIAN_POINT('',(-0.000964849600626834,0.0424175229966621,0.108627083333333));
#5985=CARTESIAN_POINT('',(4.95934556231686E-5,0.0430032119682655,0.10856875));
#5986=CARTESIAN_POINT('',(0.00106403651187317,0.0424175229966621,0.108510416666667));
#5987=CARTESIAN_POINT('',(0.00207847956812317,0.0418318340250585,0.108452083333333));
#5988=CARTESIAN_POINT('',(0.00207847956812318,0.0406604560818516,0.10839375));
#5989=CARTESIAN_POINT('',(0.00207847956812318,0.0394890781386446,0.108335416666667));
#5990=CARTESIAN_POINT('',(0.00106403651187317,0.0389033891670411,0.108277083333333));
#5991=CARTESIAN_POINT('',(4.95934556231718E-5,0.0383177001954376,0.10821875));
#5992=CARTESIAN_POINT('',(-0.000964849600626832,0.0389033891670411,0.108160416666667));
#5993=CARTESIAN_POINT('',(-0.00197929265687683,0.0394890781386446,0.108102083333333));
#5994=CARTESIAN_POINT('',(-0.00197929265687684,0.0406604560818516,0.10804375));
#5995=CARTESIAN_POINT('',(-0.00197929265687683,0.0418318340250585,0.107985416666667));
#5996=CARTESIAN_POINT('',(-0.000964849600626836,0.0424175229966621,0.107927083333333));
#5997=CARTESIAN_POINT('',(4.9593455623168E-5,0.0430032119682655,0.10786875));
#5998=CARTESIAN_POINT('',(0.00106403651187317,0.0424175229966621,0.107810416666667));
#5999=CARTESIAN_POINT('',(0.00207847956812317,0.0418318340250585,0.107752083333333));
#6000=CARTESIAN_POINT('',(0.00207847956812318,0.0406604560818516,0.10769375));
#6001=CARTESIAN_POINT('',(0.00207847956812318,0.0394890781386446,0.107635416666667));
#6002=CARTESIAN_POINT('',(0.00106403651187317,0.0389033891670411,0.107577083333333));
#6003=CARTESIAN_POINT('',(4.95934556231744E-5,0.0383177001954376,0.10751875));
#6004=CARTESIAN_POINT('',(-0.000964849600626832,0.0389033891670411,0.107460416666667));
#6005=CARTESIAN_POINT('',(-0.00197929265687683,0.0394890781386446,0.107402083333333));
#6006=CARTESIAN_POINT('',(-0.00197929265687684,0.0406604560818516,0.10734375));
#6007=CARTESIAN_POINT('',(-0.00197929265687684,0.0418318340250585,0.107285416666667));
#6008=CARTESIAN_POINT('',(-0.000964849600626837,0.0424175229966621,0.107227083333333));
#6009=CARTESIAN_POINT('',(4.95934556231632E-5,0.0430032119682655,0.10716875));
#6010=CARTESIAN_POINT('',(0.00106403651187317,0.0424175229966621,0.107110416666667));
#6011=CARTESIAN_POINT('',(0.00207847956812317,0.0418318340250586,0.107052083333333));
#6012=CARTESIAN_POINT('',(0.00207847956812318,0.0406604560818516,0.10699375));
#6013=CARTESIAN_POINT('',(0.00207847956812318,0.0394890781386446,0.106935416666667));
#6014=CARTESIAN_POINT('',(0.00106403651187317,0.0389033891670411,0.106877083333333));
#6015=CARTESIAN_POINT('',(4.9593455623175E-5,0.0383177001954376,0.10681875));
#6016=CARTESIAN_POINT('',(-0.000964849600626828,0.0389033891670411,0.106760416666667));
#6017=CARTESIAN_POINT('',(-0.00197929265687683,0.0394890781386446,0.106702083333333));
#6018=CARTESIAN_POINT('',(-0.00197929265687684,0.0406604560818516,0.10664375));
#6019=CARTESIAN_POINT('',(-0.00197929265687684,0.0418318340250585,0.106585416666667));
#6020=CARTESIAN_POINT('',(-0.000964849600626837,0.0424175229966621,0.106527083333333));
#6021=CARTESIAN_POINT('',(4.95934556231627E-5,0.0430032119682655,0.10646875));
#6022=CARTESIAN_POINT('',(0.00106403651187317,0.0424175229966621,0.106410416666667));
#6023=CARTESIAN_POINT('',(0.00207847956812317,0.0418318340250586,0.106352083333333));
#6024=CARTESIAN_POINT('',(0.00207847956812318,0.0406604560818516,0.10629375));
#6025=CARTESIAN_POINT('',(0.00207847956812318,0.0394890781386446,0.106235416666667));
#6026=CARTESIAN_POINT('',(0.00106403651187317,0.0389033891670411,0.106177083333333));
#6027=CARTESIAN_POINT('',(4.95934556231756E-5,0.0383177001954376,0.10611875));
#6028=CARTESIAN_POINT('',(-0.000964849600626828,0.0389033891670411,0.106060416666667));
#6029=CARTESIAN_POINT('',(-0.00197929265687683,0.0394890781386446,0.106002083333333));
#6030=CARTESIAN_POINT('',(-0.00197929265687684,0.0406604560818516,0.10594375));
#6031=CARTESIAN_POINT('',(-0.00197929265687684,0.0418318340250585,0.105885416666667));
#6032=CARTESIAN_POINT('',(-0.000964849600626838,0.0424175229966621,0.105827083333333));
#6033=CARTESIAN_POINT('',(4.95934556231621E-5,0.0430032119682655,0.10576875));
#6034=CARTESIAN_POINT('',(0.00106403651187316,0.0424175229966621,0.105710416666667));
#6035=CARTESIAN_POINT('',(0.00207847956812317,0.0418318340250586,0.105652083333333));
#6036=CARTESIAN_POINT('',(0.00207847956812318,0.0406604560818516,0.10559375));
#6037=CARTESIAN_POINT('',(0.00207847956812318,0.0394890781386446,0.105535416666667));
#6038=CARTESIAN_POINT('',(0.00106403651187318,0.0389033891670411,0.105477083333333));
#6039=CARTESIAN_POINT('',(4.95934556231845E-5,0.0383177001954376,0.10541875));
#6040=CARTESIAN_POINT('',(-0.000964849600626827,0.0389033891670411,0.105360416666667));
#6041=CARTESIAN_POINT('',(-0.00197929265687683,0.0394890781386446,0.105302083333333));
#6042=CARTESIAN_POINT('',(-0.00197929265687684,0.0406604560818516,0.10524375));
#6043=CARTESIAN_POINT('',(-0.00197929265687684,0.0418318340250585,0.105185416666667));
#6044=CARTESIAN_POINT('',(-0.000964849600626844,0.0424175229966621,0.105127083333333));
#6045=CARTESIAN_POINT('',(4.95934556231615E-5,0.0430032119682655,0.10506875));
#6046=CARTESIAN_POINT('',(0.00106403651187316,0.0424175229966621,0.105010416666667));
#6047=CARTESIAN_POINT('',(0.00207847956812317,0.0418318340250586,0.104952083333333));
#6048=CARTESIAN_POINT('',(0.00207847956812318,0.0406604560818516,0.10489375));
#6049=CARTESIAN_POINT('',(0.00207847956812318,0.0394890781386446,0.104835416666667));
#6050=CARTESIAN_POINT('',(0.00106403651187318,0.0389033891670411,0.104777083333333));
#6051=CARTESIAN_POINT('',(4.95934556231851E-5,0.0383177001954376,0.10471875));
#6052=CARTESIAN_POINT('',(-0.000964849600626827,0.0389033891670411,0.104660416666667));
#6053=CARTESIAN_POINT('',(-0.00197929265687683,0.0394890781386446,0.104602083333333));
#6054=CARTESIAN_POINT('',(-0.00197929265687684,0.0406604560818516,0.10454375));
#6055=CARTESIAN_POINT('',(-0.00197929265687684,0.0418318340250585,0.104485416666667));
#6056=CARTESIAN_POINT('',(-0.000964849600626845,0.0424175229966621,0.104427083333333));
#6057=CARTESIAN_POINT('',(4.95934556231609E-5,0.0430032119682655,0.10436875));
#6058=CARTESIAN_POINT('',(0.00106403651187316,0.0424175229966621,0.104310416666667));
#6059=CARTESIAN_POINT('',(0.00207847956812317,0.0418318340250586,0.104252083333333));
#6060=CARTESIAN_POINT('',(0.00207847956812318,0.0406604560818516,0.10419375));
#6061=CARTESIAN_POINT('',(0.00207847956812318,0.0394890781386446,0.104135416666667));
#6062=CARTESIAN_POINT('',(0.00106403651187318,0.0389033891670411,0.104077083333333));
#6063=CARTESIAN_POINT('',(4.95934556231856E-5,0.0383177001954376,0.10401875));
#6064=CARTESIAN_POINT('',(-0.000964849600626826,0.0389033891670411,0.103960416666667));
#6065=CARTESIAN_POINT('',(-0.00197929265687683,0.0394890781386446,0.103902083333333));
#6066=CARTESIAN_POINT('',(-0.00197929265687684,0.0406604560818516,0.10384375));
#6067=CARTESIAN_POINT('',(-0.00197929265687684,0.0418318340250585,0.103785416666667));
#6068=CARTESIAN_POINT('',(-0.000964849600626845,0.0424175229966621,0.103727083333333));
#6069=CARTESIAN_POINT('',(4.95934556231604E-5,0.0430032119682655,0.10366875));
#6070=CARTESIAN_POINT('',(0.00106403651187316,0.0424175229966621,0.103610416666667));
#6071=CARTESIAN_POINT('',(0.00207847956812317,0.0418318340250586,0.103552083333333));
#6072=CARTESIAN_POINT('',(0.00207847956812318,0.0406604560818516,0.10349375));
#6073=CARTESIAN_POINT('',(0.00207847956812318,0.0394890781386446,0.103435416666667));
#6074=CARTESIAN_POINT('',(0.00106403651187318,0.0389033891670411,0.103377083333333));
#6075=CARTESIAN_POINT('',(4.95934556231862E-5,0.0383177001954376,0.10331875));
#6076=CARTESIAN_POINT('',(-0.000964849600626826,0.0389033891670411,0.103260416666667));
#6077=CARTESIAN_POINT('',(-0.00197929265687683,0.0394890781386446,0.103202083333333));
#6078=CARTESIAN_POINT('',(-0.00197929265687684,0.0406604560818516,0.10314375));
#6079=CARTESIAN_POINT('',(-0.00197929265687684,0.0418318340250585,0.103085416666667));
#6080=CARTESIAN_POINT('',(-0.000964849600626846,0.0424175229966621,0.103027083333333));
#6081=CARTESIAN_POINT('',(4.95934556231598E-5,0.0430032119682655,0.10296875));
#6082=CARTESIAN_POINT('',(0.00106403651187316,0.0424175229966621,0.102910416666667));
#6083=CARTESIAN_POINT('',(0.00207847956812316,0.0418318340250586,0.102852083333333));
#6084=CARTESIAN_POINT('',(0.00207847956812318,0.0406604560818516,0.10279375));
#6085=CARTESIAN_POINT('',(0.00207847956812318,0.0394890781386446,0.102735416666667));
#6086=CARTESIAN_POINT('',(0.00106403651187318,0.0389033891670411,0.102677083333333));
#6087=CARTESIAN_POINT('',(4.95934556231867E-5,0.0383177001954376,0.10261875));
#6088=CARTESIAN_POINT('',(-0.000964849600626825,0.0389033891670411,0.102560416666667));
#6089=CARTESIAN_POINT('',(-0.00197929265687683,0.0394890781386446,0.102502083333333));
#6090=CARTESIAN_POINT('',(-0.00197929265687684,0.0406604560818516,0.10244375));
#6091=CARTESIAN_POINT('',(-0.00197929265687685,0.0418318340250585,0.102385416666667));
#6092=CARTESIAN_POINT('',(-0.000964849600626846,0.0424175229966621,0.102327083333333));
#6093=CARTESIAN_POINT('',(4.95934556231592E-5,0.0430032119682655,0.10226875));
#6094=CARTESIAN_POINT('',(0.00106403651187316,0.0424175229966621,0.102210416666667));
#6095=CARTESIAN_POINT('',(0.00207847956812316,0.0418318340250586,0.102152083333333));
#6096=CARTESIAN_POINT('',(0.00207847956812318,0.0406604560818516,0.10209375));
#6097=CARTESIAN_POINT('',(0.00207847956812318,0.0394890781386446,0.102035416666667));
#6098=CARTESIAN_POINT('',(0.00106403651187318,0.0389033891670411,0.101977083333333));
#6099=CARTESIAN_POINT('',(4.95934556231873E-5,0.0383177001954376,0.10191875));
#6100=CARTESIAN_POINT('',(-0.000964849600626825,0.0389033891670411,0.101860416666667));
#6101=CARTESIAN_POINT('',(-0.00197929265687683,0.0394890781386446,0.101802083333333));
#6102=CARTESIAN_POINT('',(-0.00197929265687684,0.0406604560818516,0.10174375));
#6103=CARTESIAN_POINT('',(-0.00197929265687685,0.0418318340250585,0.101685416666667));
#6104=CARTESIAN_POINT('',(-0.000964849600626846,0.0424175229966621,0.101627083333333));
#6105=CARTESIAN_POINT('',(4.95934556231586E-5,0.0430032119682655,0.10156875));
#6106=CARTESIAN_POINT('',(0.00106403651187317,0.0424175229966621,0.101510416666667));
#6107=CARTESIAN_POINT('',(0.00207847956812316,0.0418318340250586,0.101452083333333));
#6108=CARTESIAN_POINT('',(0.00207847956812318,0.0406604560818516,0.10139375));
#6109=CARTESIAN_POINT('',(0.00207847956812318,0.0394890781386446,0.101335416666667));
#6110=CARTESIAN_POINT('',(0.00106403651187318,0.0389033891670411,0.101277083333333));
#6111=CARTESIAN_POINT('',(4.95934556231713E-5,0.0383177001954376,0.10121875));
#6112=CARTESIAN_POINT('',(-0.000964849600626812,0.0389033891670411,0.101160416666667));
#6113=CARTESIAN_POINT('',(-0.00197929265687682,0.0394890781386446,0.101102083333333));
#6114=CARTESIAN_POINT('',(-0.00197929265687684,0.0406604560818516,0.10104375));
#6115=CARTESIAN_POINT('',(-0.00197929265687684,0.0418318340250585,0.100985416666667));
#6116=CARTESIAN_POINT('',(-0.000964849600626859,0.0424175229966621,0.100927083333333));
#6117=CARTESIAN_POINT('',(4.95934556231414E-5,0.0430032119682655,0.10086875));
#6118=CARTESIAN_POINT('',(0.00106403651187316,0.0424175229966621,0.100810416666667));
#6119=CARTESIAN_POINT('',(0.00207847956812316,0.0418318340250586,0.100752083333333));
#6120=CARTESIAN_POINT('',(0.00207847956812318,0.0406604560818516,0.10069375));
#6121=CARTESIAN_POINT('',(0.00207847956812319,0.0394890781386447,0.100635416666667));
#6122=CARTESIAN_POINT('',(0.00106403651187319,0.0389033891670411,0.100577083333333));
#6123=CARTESIAN_POINT('',(4.95934556231885E-5,0.0383177001954376,0.10051875));
#6124=CARTESIAN_POINT('',(-0.000964849600626824,0.0389033891670411,0.100460416666667));
#6125=CARTESIAN_POINT('',(-0.00197929265687683,0.0394890781386446,0.100402083333333));
#6126=CARTESIAN_POINT('',(-0.00197929265687684,0.0406604560818516,0.10034375));
#6127=CARTESIAN_POINT('',(-0.00197929265687685,0.0418318340250585,0.100285416666667));
#6128=CARTESIAN_POINT('',(-0.000964849600626847,0.0424175229966621,0.100227083333333));
#6129=CARTESIAN_POINT('',(4.95934556231575E-5,0.0430032119682655,0.10016875));
#6130=CARTESIAN_POINT('',(0.00106403651187317,0.0424175229966621,0.100110416666667));
#6131=CARTESIAN_POINT('',(0.00207847956812316,0.0418318340250586,0.100052083333333));
#6132=CARTESIAN_POINT('',(0.00207847956812318,0.0406604560818516,0.09999375));
#6133=CARTESIAN_POINT('',(0.00207847956812318,0.0394890781386446,0.0999354166666666));
#6134=CARTESIAN_POINT('',(0.00106403651187318,0.0389033891670411,0.0998770833333334));
#6135=CARTESIAN_POINT('',(4.95934556232057E-5,0.0383177001954376,0.09981875));
#6136=CARTESIAN_POINT('',(-0.000964849600626811,0.0389033891670411,0.0997604166666667));
#6137=CARTESIAN_POINT('',(-0.00197929265687682,0.0394890781386446,0.0997020833333334));
#6138=CARTESIAN_POINT('',(-0.00197929265687684,0.0406604560818516,0.09964375));
#6139=CARTESIAN_POINT('',(-0.00197929265687684,0.0418318340250585,0.0995854166666667));
#6140=CARTESIAN_POINT('',(-0.00096484960062686,0.0424175229966621,0.0995270833333333));
#6141=CARTESIAN_POINT('',(4.95934556231403E-5,0.0430032119682655,0.09946875));
#6142=CARTESIAN_POINT('',(0.00106403651187315,0.0424175229966621,0.0994104166666667));
#6143=CARTESIAN_POINT('',(0.00207847956812316,0.0418318340250586,0.0993520833333333));
#6144=CARTESIAN_POINT('',(0.00207847956812318,0.0406604560818516,0.09929375));
#6145=CARTESIAN_POINT('',(0.00207847956812319,0.0394890781386447,0.0992354166666666));
#6146=CARTESIAN_POINT('',(0.00106403651187319,0.0389033891670411,0.0991770833333333));
#6147=CARTESIAN_POINT('',(4.95934556231896E-5,0.0383177001954376,0.0991187500000001));
#6148=CARTESIAN_POINT('',(-0.000964849600626823,0.0389033891670411,0.0990604166666667));
#6149=CARTESIAN_POINT('',(-0.00197929265687683,0.0394890781386446,0.0990020833333334));
#6150=CARTESIAN_POINT('',(-0.00197929265687684,0.0406604560818516,0.09894375));
#6151=CARTESIAN_POINT('',(-0.00197929265687685,0.0418318340250585,0.0988854166666667));
#6152=CARTESIAN_POINT('',(-0.000964849600626848,0.0424175229966621,0.0988270833333333));
#6153=CARTESIAN_POINT('',(4.95934556231564E-5,0.0430032119682655,0.09876875));
#6154=CARTESIAN_POINT('',(0.00106403651187314,0.0424175229966621,0.0987104166666667));
#6155=CARTESIAN_POINT('',(0.00207847956812316,0.0418318340250586,0.0986520833333333));
#6156=CARTESIAN_POINT('',(0.00207847956812318,0.0406604560818516,0.09859375));
#6157=CARTESIAN_POINT('',(0.00207847956812318,0.0394890781386446,0.0985354166666666));
#6158=CARTESIAN_POINT('',(0.00106403651187318,0.0389033891670411,0.0984770833333334));
#6159=CARTESIAN_POINT('',(4.95934556232068E-5,0.0383177001954376,0.0984187499999999));
#6160=CARTESIAN_POINT('',(-0.00096484960062681,0.0389033891670411,0.0983604166666667));
#6161=CARTESIAN_POINT('',(-0.00197929265687682,0.0394890781386446,0.0983020833333334));
#6162=CARTESIAN_POINT('',(-0.00197929265687684,0.0406604560818516,0.09824375));
#6163=CARTESIAN_POINT('',(-0.00197929265687684,0.0418318340250585,0.0981854166666667));
#6164=CARTESIAN_POINT('',(-0.000964849600626861,0.0424175229966621,0.0981270833333334));
#6165=CARTESIAN_POINT('',(4.95934556231391E-5,0.0430032119682655,0.09806875));
#6166=CARTESIAN_POINT('',(0.00106403651187315,0.0424175229966621,0.0980104166666667));
#6167=CARTESIAN_POINT('',(0.00207847956812316,0.0418318340250586,0.0979520833333333));
#6168=CARTESIAN_POINT('',(0.00207847956812318,0.0406604560818516,0.09789375));
#6169=CARTESIAN_POINT('',(0.00207847956812319,0.0394890781386447,0.0978354166666666));
#6170=CARTESIAN_POINT('',(0.00106403651187319,0.0389033891670411,0.0977770833333333));
#6171=CARTESIAN_POINT('',(4.95934556231908E-5,0.0383177001954376,0.09771875));
#6172=CARTESIAN_POINT('',(-0.000964849600626823,0.0389033891670411,0.0976604166666667));
#6173=CARTESIAN_POINT('',(-0.00197929265687682,0.0394890781386446,0.0976020833333334));
#6174=CARTESIAN_POINT('',(-0.00197929265687684,0.0406604560818516,0.09754375));
#6175=CARTESIAN_POINT('',(-0.00197929265687685,0.0418318340250585,0.0974854166666667));
#6176=CARTESIAN_POINT('',(-0.000964849600626849,0.0424175229966621,0.0974270833333333));
#6177=CARTESIAN_POINT('',(4.95934556231552E-5,0.0430032119682655,0.09736875));
#6178=CARTESIAN_POINT('',(0.00106403651187314,0.0424175229966621,0.0973104166666667));
#6179=CARTESIAN_POINT('',(0.00207847956812316,0.0418318340250586,0.0972520833333333));
#6180=CARTESIAN_POINT('',(0.00207847956812318,0.0406604560818516,0.09719375));
#6181=CARTESIAN_POINT('',(0.00207847956812318,0.0394890781386447,0.0971354166666667));
#6182=CARTESIAN_POINT('',(0.00106403651187318,0.0389033891670411,0.0970770833333334));
#6183=CARTESIAN_POINT('',(4.9593455623208E-5,0.0383177001954376,0.09701875));
#6184=CARTESIAN_POINT('',(-0.00096484960062681,0.0389033891670411,0.0969604166666667));
#6185=CARTESIAN_POINT('',(-0.00197929265687682,0.0394890781386446,0.0969020833333333));
#6186=CARTESIAN_POINT('',(-0.00197929265687684,0.0406604560818516,0.09684375));
#6187=CARTESIAN_POINT('',(-0.00197929265687686,0.0418318340250585,0.0967854166666667));
#6188=CARTESIAN_POINT('',(-0.000964849600626862,0.0424175229966621,0.0967270833333334));
#6189=CARTESIAN_POINT('',(4.9593455623138E-5,0.0430032119682655,0.09666875));
#6190=CARTESIAN_POINT('',(0.00106403651187315,0.0424175229966621,0.0966104166666667));
#6191=CARTESIAN_POINT('',(0.00207847956812316,0.0418318340250586,0.0965520833333333));
#6192=CARTESIAN_POINT('',(0.00207847956812318,0.0406604560818516,0.09649375));
#6193=CARTESIAN_POINT('',(-0.00195999293354817,0.0403812762080199,0.108058207744914));
#6194=CARTESIAN_POINT('',(-0.00197929265687684,0.0405201990493542,0.108050734645969));
#6195=CARTESIAN_POINT('',(-0.00197929265687684,0.0406604560818516,0.10804375));
#6196=CARTESIAN_POINT('',(-0.00197929265687683,0.0418318340250585,0.107985416666667));
#6197=CARTESIAN_POINT('',(-0.000964849600626835,0.0424175229966621,0.107927083333333));
#6198=CARTESIAN_POINT('',(4.95934556231686E-5,0.0430032119682655,0.10786875));
#6199=CARTESIAN_POINT('',(0.00106403651187317,0.0424175229966621,0.107810416666667));
#6200=CARTESIAN_POINT('',(0.00207847956812317,0.0418318340250585,0.107752083333333));
#6201=CARTESIAN_POINT('',(0.00207847956812318,0.0406604560818516,0.10769375));
#6202=CARTESIAN_POINT('',(0.00207847956812318,0.0394890781386446,0.107635416666667));
#6203=CARTESIAN_POINT('',(0.00106403651187317,0.0389033891670411,0.107577083333333));
#6204=CARTESIAN_POINT('',(4.95934556231691E-5,0.0383177001954376,0.10751875));
#6205=CARTESIAN_POINT('',(-0.000964849600626833,0.0389033891670411,0.107460416666667));
#6206=CARTESIAN_POINT('',(-0.00197929265687683,0.0394890781386446,0.107402083333333));
#6207=CARTESIAN_POINT('',(-0.00197929265687684,0.0406604560818516,0.10734375));
#6208=CARTESIAN_POINT('',(-0.00197929265687683,0.0418318340250585,0.107285416666667));
#6209=CARTESIAN_POINT('',(-0.000964849600626835,0.0424175229966621,0.107227083333333));
#6210=CARTESIAN_POINT('',(4.95934556231686E-5,0.0430032119682655,0.10716875));
#6211=CARTESIAN_POINT('',(0.00106403651187317,0.0424175229966621,0.107110416666667));
#6212=CARTESIAN_POINT('',(0.00207847956812317,0.0418318340250585,0.107052083333333));
#6213=CARTESIAN_POINT('',(0.00207847956812318,0.0406604560818516,0.10699375));
#6214=CARTESIAN_POINT('',(0.00207847956812318,0.0394890781386446,0.106935416666667));
#6215=CARTESIAN_POINT('',(0.00106403651187317,0.0389033891670411,0.106877083333333));
#6216=CARTESIAN_POINT('',(4.95934556231691E-5,0.0383177001954376,0.10681875));
#6217=CARTESIAN_POINT('',(-0.000964849600626833,0.0389033891670411,0.106760416666667));
#6218=CARTESIAN_POINT('',(-0.00197929265687683,0.0394890781386446,0.106702083333333));
#6219=CARTESIAN_POINT('',(-0.00197929265687684,0.0406604560818516,0.10664375));
#6220=CARTESIAN_POINT('',(-0.00197929265687683,0.0418318340250585,0.106585416666667));
#6221=CARTESIAN_POINT('',(-0.000964849600626835,0.0424175229966621,0.106527083333333));
#6222=CARTESIAN_POINT('',(4.95934556231686E-5,0.0430032119682655,0.10646875));
#6223=CARTESIAN_POINT('',(0.00106403651187317,0.0424175229966621,0.106410416666667));
#6224=CARTESIAN_POINT('',(0.00207847956812317,0.0418318340250585,0.106352083333333));
#6225=CARTESIAN_POINT('',(0.00207847956812318,0.0406604560818516,0.10629375));
#6226=CARTESIAN_POINT('',(0.00207847956812318,0.0394890781386446,0.106235416666667));
#6227=CARTESIAN_POINT('',(0.00106403651187317,0.0389033891670411,0.106177083333333));
#6228=CARTESIAN_POINT('',(4.95934556231691E-5,0.0383177001954376,0.10611875));
#6229=CARTESIAN_POINT('',(-0.000964849600626833,0.0389033891670411,0.106060416666667));
#6230=CARTESIAN_POINT('',(-0.00197929265687683,0.0394890781386446,0.106002083333333));
#6231=CARTESIAN_POINT('',(-0.00197929265687684,0.0406604560818516,0.10594375));
#6232=CARTESIAN_POINT('',(-0.00197929265687683,0.0418318340250585,0.105885416666667));
#6233=CARTESIAN_POINT('',(-0.000964849600626835,0.0424175229966621,0.105827083333333));
#6234=CARTESIAN_POINT('',(4.95934556231686E-5,0.0430032119682655,0.10576875));
#6235=CARTESIAN_POINT('',(0.00106403651187317,0.0424175229966621,0.105710416666667));
#6236=CARTESIAN_POINT('',(0.00207847956812317,0.0418318340250585,0.105652083333333));
#6237=CARTESIAN_POINT('',(0.00207847956812318,0.0406604560818516,0.10559375));
#6238=CARTESIAN_POINT('',(0.00207847956812318,0.0394890781386446,0.105535416666667));
#6239=CARTESIAN_POINT('',(0.00106403651187317,0.0389033891670411,0.105477083333333));
#6240=CARTESIAN_POINT('',(4.95934556231691E-5,0.0383177001954376,0.10541875));
#6241=CARTESIAN_POINT('',(-0.000964849600626833,0.0389033891670411,0.105360416666667));
#6242=CARTESIAN_POINT('',(-0.00197929265687683,0.0394890781386446,0.105302083333333));
#6243=CARTESIAN_POINT('',(-0.00197929265687684,0.0406604560818516,0.10524375));
#6244=CARTESIAN_POINT('',(-0.00197929265687683,0.0418318340250585,0.105185416666667));
#6245=CARTESIAN_POINT('',(-0.000964849600626835,0.0424175229966621,0.105127083333333));
#6246=CARTESIAN_POINT('',(4.95934556231686E-5,0.0430032119682655,0.10506875));
#6247=CARTESIAN_POINT('',(0.00106403651187317,0.0424175229966621,0.105010416666667));
#6248=CARTESIAN_POINT('',(0.00207847956812317,0.0418318340250585,0.104952083333333));
#6249=CARTESIAN_POINT('',(0.00207847956812318,0.0406604560818516,0.10489375));
#6250=CARTESIAN_POINT('',(0.00207847956812318,0.0394890781386446,0.104835416666667));
#6251=CARTESIAN_POINT('',(0.00106403651187317,0.0389033891670411,0.104777083333333));
#6252=CARTESIAN_POINT('',(4.95934556231691E-5,0.0383177001954376,0.10471875));
#6253=CARTESIAN_POINT('',(-0.000964849600626833,0.0389033891670411,0.104660416666667));
#6254=CARTESIAN_POINT('',(-0.00197929265687683,0.0394890781386446,0.104602083333333));
#6255=CARTESIAN_POINT('',(-0.00197929265687684,0.0406604560818516,0.10454375));
#6256=CARTESIAN_POINT('',(-0.00197929265687683,0.0418318340250585,0.104485416666667));
#6257=CARTESIAN_POINT('',(-0.000964849600626835,0.0424175229966621,0.104427083333333));
#6258=CARTESIAN_POINT('',(4.95934556231686E-5,0.0430032119682655,0.10436875));
#6259=CARTESIAN_POINT('',(0.00106403651187317,0.0424175229966621,0.104310416666667));
#6260=CARTESIAN_POINT('',(0.00207847956812317,0.0418318340250585,0.104252083333333));
#6261=CARTESIAN_POINT('',(0.00207847956812318,0.0406604560818516,0.10419375));
#6262=CARTESIAN_POINT('',(0.00207847956812318,0.0394890781386446,0.104135416666667));
#6263=CARTESIAN_POINT('',(0.00106403651187317,0.0389033891670411,0.104077083333333));
#6264=CARTESIAN_POINT('',(4.95934556231691E-5,0.0383177001954376,0.10401875));
#6265=CARTESIAN_POINT('',(-0.000964849600626833,0.0389033891670411,0.103960416666667));
#6266=CARTESIAN_POINT('',(-0.00197929265687683,0.0394890781386446,0.103902083333333));
#6267=CARTESIAN_POINT('',(-0.00197929265687684,0.0406604560818516,0.10384375));
#6268=CARTESIAN_POINT('',(-0.00197929265687683,0.0418318340250585,0.103785416666667));
#6269=CARTESIAN_POINT('',(-0.000964849600626835,0.0424175229966621,0.103727083333333));
#6270=CARTESIAN_POINT('',(4.95934556231686E-5,0.0430032119682655,0.10366875));
#6271=CARTESIAN_POINT('',(0.00106403651187317,0.0424175229966621,0.103610416666667));
#6272=CARTESIAN_POINT('',(0.00207847956812317,0.0418318340250585,0.103552083333333));
#6273=CARTESIAN_POINT('',(0.00207847956812318,0.0406604560818516,0.10349375));
#6274=CARTESIAN_POINT('',(0.00207847956812318,0.0394890781386446,0.103435416666667));
#6275=CARTESIAN_POINT('',(0.00106403651187317,0.0389033891670411,0.103377083333333));
#6276=CARTESIAN_POINT('',(4.95934556231691E-5,0.0383177001954376,0.10331875));
#6277=CARTESIAN_POINT('',(-0.000964849600626833,0.0389033891670411,0.103260416666667));
#6278=CARTESIAN_POINT('',(-0.00197929265687683,0.0394890781386446,0.103202083333333));
#6279=CARTESIAN_POINT('',(-0.00197929265687684,0.0406604560818516,0.10314375));
#6280=CARTESIAN_POINT('',(-0.00197929265687683,0.0418318340250585,0.103085416666667));
#6281=CARTESIAN_POINT('',(-0.000964849600626835,0.0424175229966621,0.103027083333333));
#6282=CARTESIAN_POINT('',(4.95934556231686E-5,0.0430032119682655,0.10296875));
#6283=CARTESIAN_POINT('',(0.00106403651187317,0.0424175229966621,0.102910416666667));
#6284=CARTESIAN_POINT('',(0.00207847956812317,0.0418318340250585,0.102852083333333));
#6285=CARTESIAN_POINT('',(0.00207847956812318,0.0406604560818516,0.10279375));
#6286=CARTESIAN_POINT('',(0.00207847956812318,0.0394890781386446,0.102735416666667));
#6287=CARTESIAN_POINT('',(0.00106403651187317,0.0389033891670411,0.102677083333333));
#6288=CARTESIAN_POINT('',(4.95934556231691E-5,0.0383177001954376,0.10261875));
#6289=CARTESIAN_POINT('',(-0.000964849600626833,0.0389033891670411,0.102560416666667));
#6290=CARTESIAN_POINT('',(-0.00197929265687683,0.0394890781386446,0.102502083333333));
#6291=CARTESIAN_POINT('',(-0.00197929265687684,0.0406604560818516,0.10244375));
#6292=CARTESIAN_POINT('',(-0.00197929265687683,0.0418318340250585,0.102385416666667));
#6293=CARTESIAN_POINT('',(-0.000964849600626835,0.0424175229966621,0.102327083333333));
#6294=CARTESIAN_POINT('',(4.95934556231686E-5,0.0430032119682655,0.10226875));
#6295=CARTESIAN_POINT('',(0.00106403651187317,0.0424175229966621,0.102210416666667));
#6296=CARTESIAN_POINT('',(0.00207847956812317,0.0418318340250585,0.102152083333333));
#6297=CARTESIAN_POINT('',(0.00207847956812318,0.0406604560818516,0.10209375));
#6298=CARTESIAN_POINT('',(0.00207847956812318,0.0394890781386446,0.102035416666667));
#6299=CARTESIAN_POINT('',(0.00106403651187317,0.0389033891670411,0.101977083333333));
#6300=CARTESIAN_POINT('',(4.95934556231691E-5,0.0383177001954376,0.10191875));
#6301=CARTESIAN_POINT('',(-0.000964849600626833,0.0389033891670411,0.101860416666667));
#6302=CARTESIAN_POINT('',(-0.00197929265687683,0.0394890781386446,0.101802083333333));
#6303=CARTESIAN_POINT('',(-0.00197929265687684,0.0406604560818516,0.10174375));
#6304=CARTESIAN_POINT('',(-0.00197929265687683,0.0418318340250585,0.101685416666667));
#6305=CARTESIAN_POINT('',(-0.000964849600626835,0.0424175229966621,0.101627083333333));
#6306=CARTESIAN_POINT('',(4.95934556231686E-5,0.0430032119682655,0.10156875));
#6307=CARTESIAN_POINT('',(0.00106403651187317,0.0424175229966621,0.101510416666667));
#6308=CARTESIAN_POINT('',(0.00207847956812317,0.0418318340250585,0.101452083333333));
#6309=CARTESIAN_POINT('',(0.00207847956812318,0.0406604560818516,0.10139375));
#6310=CARTESIAN_POINT('',(0.00207847956812318,0.0394890781386446,0.101335416666667));
#6311=CARTESIAN_POINT('',(0.00106403651187317,0.0389033891670411,0.101277083333333));
#6312=CARTESIAN_POINT('',(4.95934556231691E-5,0.0383177001954376,0.10121875));
#6313=CARTESIAN_POINT('',(-0.000964849600626833,0.0389033891670411,0.101160416666667));
#6314=CARTESIAN_POINT('',(-0.00197929265687683,0.0394890781386446,0.101102083333333));
#6315=CARTESIAN_POINT('',(-0.00197929265687684,0.0406604560818516,0.10104375));
#6316=CARTESIAN_POINT('',(-0.00197929265687683,0.0418318340250585,0.100985416666667));
#6317=CARTESIAN_POINT('',(-0.000964849600626835,0.0424175229966621,0.100927083333333));
#6318=CARTESIAN_POINT('',(4.95934556231686E-5,0.0430032119682655,0.10086875));
#6319=CARTESIAN_POINT('',(0.00106403651187317,0.0424175229966621,0.100810416666667));
#6320=CARTESIAN_POINT('',(0.00207847956812317,0.0418318340250585,0.100752083333333));
#6321=CARTESIAN_POINT('',(0.00207847956812318,0.0406604560818516,0.10069375));
#6322=CARTESIAN_POINT('',(0.00207847956812318,0.0394890781386446,0.100635416666667));
#6323=CARTESIAN_POINT('',(0.00106403651187317,0.0389033891670411,0.100577083333333));
#6324=CARTESIAN_POINT('',(4.95934556231691E-5,0.0383177001954376,0.10051875));
#6325=CARTESIAN_POINT('',(-0.000964849600626833,0.0389033891670411,0.100460416666667));
#6326=CARTESIAN_POINT('',(-0.00197929265687683,0.0394890781386446,0.100402083333333));
#6327=CARTESIAN_POINT('',(-0.00197929265687684,0.0406604560818516,0.10034375));
#6328=CARTESIAN_POINT('',(-0.00197929265687683,0.0418318340250585,0.100285416666667));
#6329=CARTESIAN_POINT('',(-0.000964849600626835,0.0424175229966621,0.100227083333333));
#6330=CARTESIAN_POINT('',(4.95934556231686E-5,0.0430032119682655,0.10016875));
#6331=CARTESIAN_POINT('',(0.00106403651187317,0.0424175229966621,0.100110416666667));
#6332=CARTESIAN_POINT('',(0.00207847956812317,0.0418318340250585,0.100052083333333));
#6333=CARTESIAN_POINT('',(0.00207847956812318,0.0406604560818516,0.09999375));
#6334=CARTESIAN_POINT('',(0.00207847956812318,0.0394890781386446,0.0999354166666666));
#6335=CARTESIAN_POINT('',(0.00106403651187317,0.0389033891670411,0.0998770833333334));
#6336=CARTESIAN_POINT('',(4.95934556231691E-5,0.0383177001954376,0.09981875));
#6337=CARTESIAN_POINT('',(-0.000964849600626833,0.0389033891670411,0.0997604166666667));
#6338=CARTESIAN_POINT('',(-0.00197929265687683,0.0394890781386446,0.0997020833333334));
#6339=CARTESIAN_POINT('',(-0.00197929265687684,0.0406604560818516,0.09964375));
#6340=CARTESIAN_POINT('',(-0.00197929265687683,0.0418318340250585,0.0995854166666667));
#6341=CARTESIAN_POINT('',(-0.000964849600626835,0.0424175229966621,0.0995270833333333));
#6342=CARTESIAN_POINT('',(4.95934556231686E-5,0.0430032119682655,0.09946875));
#6343=CARTESIAN_POINT('',(0.00106403651187317,0.0424175229966621,0.0994104166666667));
#6344=CARTESIAN_POINT('',(0.00207847956812317,0.0418318340250585,0.0993520833333333));
#6345=CARTESIAN_POINT('',(0.00207847956812318,0.0406604560818516,0.09929375));
#6346=CARTESIAN_POINT('',(0.00207847956812318,0.0394890781386446,0.0992354166666666));
#6347=CARTESIAN_POINT('',(0.00106403651187317,0.0389033891670411,0.0991770833333333));
#6348=CARTESIAN_POINT('',(4.95934556231691E-5,0.0383177001954376,0.0991187500000001));
#6349=CARTESIAN_POINT('',(-0.000964849600626833,0.0389033891670411,0.0990604166666667));
#6350=CARTESIAN_POINT('',(-0.00197929265687683,0.0394890781386446,0.0990020833333334));
#6351=CARTESIAN_POINT('',(-0.00197929265687684,0.0406604560818516,0.09894375));
#6352=CARTESIAN_POINT('',(-0.00197929265687683,0.0418318340250585,0.0988854166666667));
#6353=CARTESIAN_POINT('',(-0.000964849600626835,0.0424175229966621,0.0988270833333333));
#6354=CARTESIAN_POINT('',(4.95934556231686E-5,0.0430032119682655,0.09876875));
#6355=CARTESIAN_POINT('',(0.00106403651187317,0.0424175229966621,0.0987104166666667));
#6356=CARTESIAN_POINT('',(0.00207847956812317,0.0418318340250585,0.0986520833333333));
#6357=CARTESIAN_POINT('',(0.00207847956812318,0.0406604560818516,0.09859375));
#6358=CARTESIAN_POINT('',(0.00207847956812318,0.0394890781386446,0.0985354166666666));
#6359=CARTESIAN_POINT('',(0.00106403651187317,0.0389033891670411,0.0984770833333334));
#6360=CARTESIAN_POINT('',(4.95934556231691E-5,0.0383177001954376,0.0984187499999999));
#6361=CARTESIAN_POINT('',(-0.000964849600626833,0.0389033891670411,0.0983604166666667));
#6362=CARTESIAN_POINT('',(-0.00197929265687683,0.0394890781386446,0.0983020833333334));
#6363=CARTESIAN_POINT('',(-0.00197929265687684,0.0406604560818516,0.09824375));
#6364=CARTESIAN_POINT('',(-0.00197929265687683,0.0418318340250585,0.0981854166666667));
#6365=CARTESIAN_POINT('',(-0.000964849600626835,0.0424175229966621,0.0981270833333334));
#6366=CARTESIAN_POINT('',(4.95934556231686E-5,0.0430032119682655,0.09806875));
#6367=CARTESIAN_POINT('',(0.00106403651187317,0.0424175229966621,0.0980104166666667));
#6368=CARTESIAN_POINT('',(0.00207847956812317,0.0418318340250585,0.0979520833333333));
#6369=CARTESIAN_POINT('',(0.00207847956812318,0.0406604560818516,0.09789375));
#6370=CARTESIAN_POINT('',(0.00207847956812318,0.0402936316003856,0.0978754825442431));
#6371=CARTESIAN_POINT('',(0.00195003391515988,0.0399500302115095,0.0978546785795243));
#6372=CARTESIAN_POINT('',(-0.00199150844578715,0.0403768979455187,0.108082071381277));
#6373=CARTESIAN_POINT('',(-0.00201111083869501,0.0405179994563195,0.108074598282333));
#6374=CARTESIAN_POINT('',(-0.00201111083869501,0.0406604560818516,0.108067613636364));
#6375=CARTESIAN_POINT('',(-0.00201111083869501,0.0418502042608964,0.10800928030303));
#6376=CARTESIAN_POINT('',(-0.00098075869153592,0.0424450783504188,0.107950946969697));
#6377=CARTESIAN_POINT('',(4.95934556231685E-5,0.0430399524399412,0.107892613636364));
#6378=CARTESIAN_POINT('',(0.00107994560278226,0.0424450783504188,0.10783428030303));
#6379=CARTESIAN_POINT('',(0.00211029774994135,0.0418502042608964,0.107775946969697));
#6380=CARTESIAN_POINT('',(0.00211029774994135,0.0406604560818516,0.107717613636364));
#6381=CARTESIAN_POINT('',(0.00211029774994135,0.0394707079028068,0.10765928030303));
#6382=CARTESIAN_POINT('',(0.00107994560278226,0.0388758338132844,0.107600946969697));
#6383=CARTESIAN_POINT('',(4.95934556231691E-5,0.038280959723762,0.107542613636364));
#6384=CARTESIAN_POINT('',(-0.00098075869153592,0.0388758338132844,0.10748428030303));
#6385=CARTESIAN_POINT('',(-0.00201111083869501,0.0394707079028068,0.107425946969697));
#6386=CARTESIAN_POINT('',(-0.00201111083869501,0.0406604560818516,0.107367613636364));
#6387=CARTESIAN_POINT('',(-0.00201111083869501,0.0418502042608964,0.10730928030303));
#6388=CARTESIAN_POINT('',(-0.00098075869153592,0.0424450783504188,0.107250946969697));
#6389=CARTESIAN_POINT('',(4.95934556231685E-5,0.0430399524399412,0.107192613636364));
#6390=CARTESIAN_POINT('',(0.00107994560278226,0.0424450783504188,0.10713428030303));
#6391=CARTESIAN_POINT('',(0.00211029774994135,0.0418502042608964,0.107075946969697));
#6392=CARTESIAN_POINT('',(0.00211029774994135,0.0406604560818516,0.107017613636364));
#6393=CARTESIAN_POINT('',(0.00211029774994135,0.0394707079028068,0.10695928030303));
#6394=CARTESIAN_POINT('',(0.00107994560278226,0.0388758338132844,0.106900946969697));
#6395=CARTESIAN_POINT('',(4.95934556231691E-5,0.038280959723762,0.106842613636364));
#6396=CARTESIAN_POINT('',(-0.00098075869153592,0.0388758338132844,0.10678428030303));
#6397=CARTESIAN_POINT('',(-0.00201111083869501,0.0394707079028068,0.106725946969697));
#6398=CARTESIAN_POINT('',(-0.00201111083869501,0.0406604560818516,0.106667613636364));
#6399=CARTESIAN_POINT('',(-0.00201111083869501,0.0418502042608964,0.10660928030303));
#6400=CARTESIAN_POINT('',(-0.00098075869153592,0.0424450783504188,0.106550946969697));
#6401=CARTESIAN_POINT('',(4.95934556231685E-5,0.0430399524399412,0.106492613636364));
#6402=CARTESIAN_POINT('',(0.00107994560278226,0.0424450783504188,0.10643428030303));
#6403=CARTESIAN_POINT('',(0.00211029774994135,0.0418502042608964,0.106375946969697));
#6404=CARTESIAN_POINT('',(0.00211029774994135,0.0406604560818516,0.106317613636364));
#6405=CARTESIAN_POINT('',(0.00211029774994135,0.0394707079028068,0.10625928030303));
#6406=CARTESIAN_POINT('',(0.00107994560278226,0.0388758338132844,0.106200946969697));
#6407=CARTESIAN_POINT('',(4.95934556231691E-5,0.038280959723762,0.106142613636364));
#6408=CARTESIAN_POINT('',(-0.00098075869153592,0.0388758338132844,0.10608428030303));
#6409=CARTESIAN_POINT('',(-0.00201111083869501,0.0394707079028068,0.106025946969697));
#6410=CARTESIAN_POINT('',(-0.00201111083869501,0.0406604560818516,0.105967613636364));
#6411=CARTESIAN_POINT('',(-0.00201111083869501,0.0418502042608964,0.10590928030303));
#6412=CARTESIAN_POINT('',(-0.00098075869153592,0.0424450783504188,0.105850946969697));
#6413=CARTESIAN_POINT('',(4.95934556231685E-5,0.0430399524399412,0.105792613636364));
#6414=CARTESIAN_POINT('',(0.00107994560278226,0.0424450783504188,0.10573428030303));
#6415=CARTESIAN_POINT('',(0.00211029774994135,0.0418502042608964,0.105675946969697));
#6416=CARTESIAN_POINT('',(0.00211029774994135,0.0406604560818516,0.105617613636364));
#6417=CARTESIAN_POINT('',(0.00211029774994135,0.0394707079028068,0.10555928030303));
#6418=CARTESIAN_POINT('',(0.00107994560278226,0.0388758338132844,0.105500946969697));
#6419=CARTESIAN_POINT('',(4.95934556231691E-5,0.038280959723762,0.105442613636364));
#6420=CARTESIAN_POINT('',(-0.00098075869153592,0.0388758338132844,0.10538428030303));
#6421=CARTESIAN_POINT('',(-0.00201111083869501,0.0394707079028068,0.105325946969697));
#6422=CARTESIAN_POINT('',(-0.00201111083869501,0.0406604560818516,0.105267613636364));
#6423=CARTESIAN_POINT('',(-0.00201111083869501,0.0418502042608964,0.10520928030303));
#6424=CARTESIAN_POINT('',(-0.00098075869153592,0.0424450783504188,0.105150946969697));
#6425=CARTESIAN_POINT('',(4.95934556231685E-5,0.0430399524399412,0.105092613636364));
#6426=CARTESIAN_POINT('',(0.00107994560278226,0.0424450783504188,0.10503428030303));
#6427=CARTESIAN_POINT('',(0.00211029774994135,0.0418502042608964,0.104975946969697));
#6428=CARTESIAN_POINT('',(0.00211029774994135,0.0406604560818516,0.104917613636364));
#6429=CARTESIAN_POINT('',(0.00211029774994135,0.0394707079028068,0.10485928030303));
#6430=CARTESIAN_POINT('',(0.00107994560278226,0.0388758338132844,0.104800946969697));
#6431=CARTESIAN_POINT('',(4.95934556231691E-5,0.038280959723762,0.104742613636364));
#6432=CARTESIAN_POINT('',(-0.00098075869153592,0.0388758338132844,0.10468428030303));
#6433=CARTESIAN_POINT('',(-0.00201111083869501,0.0394707079028068,0.104625946969697));
#6434=CARTESIAN_POINT('',(-0.00201111083869501,0.0406604560818516,0.104567613636364));
#6435=CARTESIAN_POINT('',(-0.00201111083869501,0.0418502042608964,0.10450928030303));
#6436=CARTESIAN_POINT('',(-0.00098075869153592,0.0424450783504188,0.104450946969697));
#6437=CARTESIAN_POINT('',(4.95934556231685E-5,0.0430399524399412,0.104392613636364));
#6438=CARTESIAN_POINT('',(0.00107994560278226,0.0424450783504188,0.10433428030303));
#6439=CARTESIAN_POINT('',(0.00211029774994135,0.0418502042608964,0.104275946969697));
#6440=CARTESIAN_POINT('',(0.00211029774994135,0.0406604560818516,0.104217613636364));
#6441=CARTESIAN_POINT('',(0.00211029774994135,0.0394707079028068,0.10415928030303));
#6442=CARTESIAN_POINT('',(0.00107994560278226,0.0388758338132844,0.104100946969697));
#6443=CARTESIAN_POINT('',(4.95934556231691E-5,0.038280959723762,0.104042613636364));
#6444=CARTESIAN_POINT('',(-0.00098075869153592,0.0388758338132844,0.10398428030303));
#6445=CARTESIAN_POINT('',(-0.00201111083869501,0.0394707079028068,0.103925946969697));
#6446=CARTESIAN_POINT('',(-0.00201111083869501,0.0406604560818516,0.103867613636364));
#6447=CARTESIAN_POINT('',(-0.00201111083869501,0.0418502042608964,0.10380928030303));
#6448=CARTESIAN_POINT('',(-0.00098075869153592,0.0424450783504188,0.103750946969697));
#6449=CARTESIAN_POINT('',(4.95934556231685E-5,0.0430399524399412,0.103692613636364));
#6450=CARTESIAN_POINT('',(0.00107994560278226,0.0424450783504188,0.10363428030303));
#6451=CARTESIAN_POINT('',(0.00211029774994135,0.0418502042608964,0.103575946969697));
#6452=CARTESIAN_POINT('',(0.00211029774994135,0.0406604560818516,0.103517613636364));
#6453=CARTESIAN_POINT('',(0.00211029774994135,0.0394707079028068,0.10345928030303));
#6454=CARTESIAN_POINT('',(0.00107994560278226,0.0388758338132844,0.103400946969697));
#6455=CARTESIAN_POINT('',(4.95934556231691E-5,0.038280959723762,0.103342613636364));
#6456=CARTESIAN_POINT('',(-0.00098075869153592,0.0388758338132844,0.10328428030303));
#6457=CARTESIAN_POINT('',(-0.00201111083869501,0.0394707079028068,0.103225946969697));
#6458=CARTESIAN_POINT('',(-0.00201111083869501,0.0406604560818516,0.103167613636364));
#6459=CARTESIAN_POINT('',(-0.00201111083869501,0.0418502042608964,0.10310928030303));
#6460=CARTESIAN_POINT('',(-0.00098075869153592,0.0424450783504188,0.103050946969697));
#6461=CARTESIAN_POINT('',(4.95934556231685E-5,0.0430399524399412,0.102992613636364));
#6462=CARTESIAN_POINT('',(0.00107994560278226,0.0424450783504188,0.10293428030303));
#6463=CARTESIAN_POINT('',(0.00211029774994135,0.0418502042608964,0.102875946969697));
#6464=CARTESIAN_POINT('',(0.00211029774994135,0.0406604560818516,0.102817613636364));
#6465=CARTESIAN_POINT('',(0.00211029774994135,0.0394707079028068,0.10275928030303));
#6466=CARTESIAN_POINT('',(0.00107994560278226,0.0388758338132844,0.102700946969697));
#6467=CARTESIAN_POINT('',(4.95934556231691E-5,0.038280959723762,0.102642613636364));
#6468=CARTESIAN_POINT('',(-0.00098075869153592,0.0388758338132844,0.10258428030303));
#6469=CARTESIAN_POINT('',(-0.00201111083869501,0.0394707079028068,0.102525946969697));
#6470=CARTESIAN_POINT('',(-0.00201111083869501,0.0406604560818516,0.102467613636364));
#6471=CARTESIAN_POINT('',(-0.00201111083869501,0.0418502042608964,0.10240928030303));
#6472=CARTESIAN_POINT('',(-0.00098075869153592,0.0424450783504188,0.102350946969697));
#6473=CARTESIAN_POINT('',(4.95934556231685E-5,0.0430399524399412,0.102292613636364));
#6474=CARTESIAN_POINT('',(0.00107994560278226,0.0424450783504188,0.10223428030303));
#6475=CARTESIAN_POINT('',(0.00211029774994135,0.0418502042608964,0.102175946969697));
#6476=CARTESIAN_POINT('',(0.00211029774994135,0.0406604560818516,0.102117613636364));
#6477=CARTESIAN_POINT('',(0.00211029774994135,0.0394707079028068,0.10205928030303));
#6478=CARTESIAN_POINT('',(0.00107994560278226,0.0388758338132844,0.102000946969697));
#6479=CARTESIAN_POINT('',(4.95934556231691E-5,0.038280959723762,0.101942613636364));
#6480=CARTESIAN_POINT('',(-0.00098075869153592,0.0388758338132844,0.10188428030303));
#6481=CARTESIAN_POINT('',(-0.00201111083869501,0.0394707079028068,0.101825946969697));
#6482=CARTESIAN_POINT('',(-0.00201111083869501,0.0406604560818516,0.101767613636364));
#6483=CARTESIAN_POINT('',(-0.00201111083869501,0.0418502042608964,0.10170928030303));
#6484=CARTESIAN_POINT('',(-0.00098075869153592,0.0424450783504188,0.101650946969697));
#6485=CARTESIAN_POINT('',(4.95934556231685E-5,0.0430399524399412,0.101592613636364));
#6486=CARTESIAN_POINT('',(0.00107994560278226,0.0424450783504188,0.10153428030303));
#6487=CARTESIAN_POINT('',(0.00211029774994135,0.0418502042608964,0.101475946969697));
#6488=CARTESIAN_POINT('',(0.00211029774994135,0.0406604560818516,0.101417613636364));
#6489=CARTESIAN_POINT('',(0.00211029774994135,0.0394707079028068,0.10135928030303));
#6490=CARTESIAN_POINT('',(0.00107994560278226,0.0388758338132844,0.101300946969697));
#6491=CARTESIAN_POINT('',(4.95934556231691E-5,0.038280959723762,0.101242613636364));
#6492=CARTESIAN_POINT('',(-0.00098075869153592,0.0388758338132844,0.10118428030303));
#6493=CARTESIAN_POINT('',(-0.00201111083869501,0.0394707079028068,0.101125946969697));
#6494=CARTESIAN_POINT('',(-0.00201111083869501,0.0406604560818516,0.101067613636364));
#6495=CARTESIAN_POINT('',(-0.00201111083869501,0.0418502042608964,0.10100928030303));
#6496=CARTESIAN_POINT('',(-0.00098075869153592,0.0424450783504188,0.100950946969697));
#6497=CARTESIAN_POINT('',(4.95934556231685E-5,0.0430399524399412,0.100892613636364));
#6498=CARTESIAN_POINT('',(0.00107994560278226,0.0424450783504188,0.10083428030303));
#6499=CARTESIAN_POINT('',(0.00211029774994135,0.0418502042608964,0.100775946969697));
#6500=CARTESIAN_POINT('',(0.00211029774994135,0.0406604560818516,0.100717613636364));
#6501=CARTESIAN_POINT('',(0.00211029774994135,0.0394707079028068,0.10065928030303));
#6502=CARTESIAN_POINT('',(0.00107994560278226,0.0388758338132844,0.100600946969697));
#6503=CARTESIAN_POINT('',(4.95934556231691E-5,0.038280959723762,0.100542613636364));
#6504=CARTESIAN_POINT('',(-0.00098075869153592,0.0388758338132844,0.10048428030303));
#6505=CARTESIAN_POINT('',(-0.00201111083869501,0.0394707079028068,0.100425946969697));
#6506=CARTESIAN_POINT('',(-0.00201111083869501,0.0406604560818516,0.100367613636364));
#6507=CARTESIAN_POINT('',(-0.00201111083869501,0.0418502042608964,0.10030928030303));
#6508=CARTESIAN_POINT('',(-0.00098075869153592,0.0424450783504188,0.100250946969697));
#6509=CARTESIAN_POINT('',(4.95934556231685E-5,0.0430399524399412,0.100192613636364));
#6510=CARTESIAN_POINT('',(0.00107994560278226,0.0424450783504188,0.10013428030303));
#6511=CARTESIAN_POINT('',(0.00211029774994135,0.0418502042608964,0.100075946969697));
#6512=CARTESIAN_POINT('',(0.00211029774994135,0.0406604560818516,0.100017613636364));
#6513=CARTESIAN_POINT('',(0.00211029774994135,0.0394707079028068,0.0999592803030302));
#6514=CARTESIAN_POINT('',(0.00107994560278226,0.0388758338132844,0.099900946969697));
#6515=CARTESIAN_POINT('',(4.95934556231691E-5,0.038280959723762,0.0998426136363636));
#6516=CARTESIAN_POINT('',(-0.00098075869153592,0.0388758338132844,0.0997842803030304));
#6517=CARTESIAN_POINT('',(-0.00201111083869501,0.0394707079028068,0.0997259469696969));
#6518=CARTESIAN_POINT('',(-0.00201111083869501,0.0406604560818516,0.0996676136363637));
#6519=CARTESIAN_POINT('',(-0.00201111083869501,0.0418502042608964,0.0996092803030303));
#6520=CARTESIAN_POINT('',(-0.00098075869153592,0.0424450783504188,0.099550946969697));
#6521=CARTESIAN_POINT('',(4.95934556231685E-5,0.0430399524399412,0.0994926136363636));
#6522=CARTESIAN_POINT('',(0.00107994560278226,0.0424450783504188,0.0994342803030304));
#6523=CARTESIAN_POINT('',(0.00211029774994135,0.0418502042608964,0.099375946969697));
#6524=CARTESIAN_POINT('',(0.00211029774994135,0.0406604560818516,0.0993176136363637));
#6525=CARTESIAN_POINT('',(0.00211029774994135,0.0394707079028068,0.0992592803030303));
#6526=CARTESIAN_POINT('',(0.00107994560278226,0.0388758338132844,0.0992009469696971));
#6527=CARTESIAN_POINT('',(4.95934556231691E-5,0.038280959723762,0.0991426136363637));
#6528=CARTESIAN_POINT('',(-0.00098075869153592,0.0388758338132844,0.0990842803030304));
#6529=CARTESIAN_POINT('',(-0.00201111083869501,0.0394707079028068,0.099025946969697));
#6530=CARTESIAN_POINT('',(-0.00201111083869501,0.0406604560818516,0.0989676136363637));
#6531=CARTESIAN_POINT('',(-0.00201111083869501,0.0418502042608964,0.0989092803030304));
#6532=CARTESIAN_POINT('',(-0.00098075869153592,0.0424450783504188,0.0988509469696971));
#6533=CARTESIAN_POINT('',(4.95934556231685E-5,0.0430399524399412,0.0987926136363637));
#6534=CARTESIAN_POINT('',(0.00107994560278226,0.0424450783504188,0.0987342803030304));
#6535=CARTESIAN_POINT('',(0.00211029774994135,0.0418502042608964,0.0986759469696969));
#6536=CARTESIAN_POINT('',(0.00211029774994135,0.0406604560818516,0.0986176136363636));
#6537=CARTESIAN_POINT('',(0.00211029774994135,0.0394707079028068,0.0985592803030303));
#6538=CARTESIAN_POINT('',(0.00107994560278226,0.0388758338132844,0.0985009469696971));
#6539=CARTESIAN_POINT('',(4.95934556231691E-5,0.038280959723762,0.0984426136363636));
#6540=CARTESIAN_POINT('',(-0.00098075869153592,0.0388758338132844,0.0983842803030303));
#6541=CARTESIAN_POINT('',(-0.00201111083869501,0.0394707079028068,0.098325946969697));
#6542=CARTESIAN_POINT('',(-0.00201111083869501,0.0406604560818516,0.0982676136363636));
#6543=CARTESIAN_POINT('',(-0.00201111083869501,0.0418502042608964,0.0982092803030303));
#6544=CARTESIAN_POINT('',(-0.00098075869153592,0.0424450783504188,0.0981509469696971));
#6545=CARTESIAN_POINT('',(4.95934556231685E-5,0.0430399524399412,0.0980926136363637));
#6546=CARTESIAN_POINT('',(0.00107994560278226,0.0424450783504188,0.0980342803030304));
#6547=CARTESIAN_POINT('',(0.00211029774994135,0.0418502042608964,0.097975946969697));
#6548=CARTESIAN_POINT('',(0.00211029774994135,0.0406604560818516,0.0979176136363636));
#6549=CARTESIAN_POINT('',(0.00211029774994135,0.04028787884375,0.0978993461806067));
#6550=CARTESIAN_POINT('',(0.00197983773692376,0.039938888896395,0.097878542215888));
#6551=CARTESIAN_POINT('',(-0.00199150844578715,0.0403768979455187,0.10812184410855));
#6552=CARTESIAN_POINT('',(-0.00201111083869501,0.0405179994563195,0.108114371009605));
#6553=CARTESIAN_POINT('',(-0.00201111083869501,0.0406604560818516,0.108107386363636));
#6554=CARTESIAN_POINT('',(-0.00201111083869501,0.0418502042608964,0.108049053030303));
#6555=CARTESIAN_POINT('',(-0.000980758691535922,0.0424450783504188,0.10799071969697));
#6556=CARTESIAN_POINT('',(4.95934556231685E-5,0.0430399524399412,0.107932386363636));
#6557=CARTESIAN_POINT('',(0.00107994560278226,0.0424450783504188,0.107874053030303));
#6558=CARTESIAN_POINT('',(0.00211029774994135,0.0418502042608964,0.10781571969697));
#6559=CARTESIAN_POINT('',(0.00211029774994135,0.0406604560818516,0.107757386363636));
#6560=CARTESIAN_POINT('',(0.00211029774994135,0.0394707079028068,0.107699053030303));
#6561=CARTESIAN_POINT('',(0.00107994560278226,0.0388758338132844,0.10764071969697));
#6562=CARTESIAN_POINT('',(4.95934556231691E-5,0.038280959723762,0.107582386363636));
#6563=CARTESIAN_POINT('',(-0.00098075869153592,0.0388758338132844,0.107524053030303));
#6564=CARTESIAN_POINT('',(-0.00201111083869501,0.0394707079028068,0.10746571969697));
#6565=CARTESIAN_POINT('',(-0.00201111083869501,0.0406604560818516,0.107407386363636));
#6566=CARTESIAN_POINT('',(-0.00201111083869501,0.0418502042608964,0.107349053030303));
#6567=CARTESIAN_POINT('',(-0.000980758691535922,0.0424450783504188,0.10729071969697));
#6568=CARTESIAN_POINT('',(4.95934556231685E-5,0.0430399524399412,0.107232386363636));
#6569=CARTESIAN_POINT('',(0.00107994560278226,0.0424450783504188,0.107174053030303));
#6570=CARTESIAN_POINT('',(0.00211029774994135,0.0418502042608964,0.10711571969697));
#6571=CARTESIAN_POINT('',(0.00211029774994135,0.0406604560818516,0.107057386363636));
#6572=CARTESIAN_POINT('',(0.00211029774994135,0.0394707079028068,0.106999053030303));
#6573=CARTESIAN_POINT('',(0.00107994560278226,0.0388758338132844,0.10694071969697));
#6574=CARTESIAN_POINT('',(4.95934556231691E-5,0.038280959723762,0.106882386363636));
#6575=CARTESIAN_POINT('',(-0.00098075869153592,0.0388758338132844,0.106824053030303));
#6576=CARTESIAN_POINT('',(-0.00201111083869501,0.0394707079028068,0.10676571969697));
#6577=CARTESIAN_POINT('',(-0.00201111083869501,0.0406604560818516,0.106707386363636));
#6578=CARTESIAN_POINT('',(-0.00201111083869501,0.0418502042608964,0.106649053030303));
#6579=CARTESIAN_POINT('',(-0.000980758691535922,0.0424450783504188,0.10659071969697));
#6580=CARTESIAN_POINT('',(4.95934556231685E-5,0.0430399524399412,0.106532386363636));
#6581=CARTESIAN_POINT('',(0.00107994560278226,0.0424450783504188,0.106474053030303));
#6582=CARTESIAN_POINT('',(0.00211029774994135,0.0418502042608964,0.10641571969697));
#6583=CARTESIAN_POINT('',(0.00211029774994135,0.0406604560818516,0.106357386363636));
#6584=CARTESIAN_POINT('',(0.00211029774994135,0.0394707079028068,0.106299053030303));
#6585=CARTESIAN_POINT('',(0.00107994560278226,0.0388758338132844,0.10624071969697));
#6586=CARTESIAN_POINT('',(4.95934556231691E-5,0.038280959723762,0.106182386363636));
#6587=CARTESIAN_POINT('',(-0.00098075869153592,0.0388758338132844,0.106124053030303));
#6588=CARTESIAN_POINT('',(-0.00201111083869501,0.0394707079028068,0.10606571969697));
#6589=CARTESIAN_POINT('',(-0.00201111083869501,0.0406604560818516,0.106007386363636));
#6590=CARTESIAN_POINT('',(-0.00201111083869501,0.0418502042608964,0.105949053030303));
#6591=CARTESIAN_POINT('',(-0.000980758691535922,0.0424450783504188,0.10589071969697));
#6592=CARTESIAN_POINT('',(4.95934556231685E-5,0.0430399524399412,0.105832386363636));
#6593=CARTESIAN_POINT('',(0.00107994560278226,0.0424450783504188,0.105774053030303));
#6594=CARTESIAN_POINT('',(0.00211029774994135,0.0418502042608964,0.10571571969697));
#6595=CARTESIAN_POINT('',(0.00211029774994135,0.0406604560818516,0.105657386363636));
#6596=CARTESIAN_POINT('',(0.00211029774994135,0.0394707079028068,0.105599053030303));
#6597=CARTESIAN_POINT('',(0.00107994560278226,0.0388758338132844,0.10554071969697));
#6598=CARTESIAN_POINT('',(4.95934556231691E-5,0.038280959723762,0.105482386363636));
#6599=CARTESIAN_POINT('',(-0.00098075869153592,0.0388758338132844,0.105424053030303));
#6600=CARTESIAN_POINT('',(-0.00201111083869501,0.0394707079028068,0.10536571969697));
#6601=CARTESIAN_POINT('',(-0.00201111083869501,0.0406604560818516,0.105307386363636));
#6602=CARTESIAN_POINT('',(-0.00201111083869501,0.0418502042608964,0.105249053030303));
#6603=CARTESIAN_POINT('',(-0.000980758691535922,0.0424450783504188,0.10519071969697));
#6604=CARTESIAN_POINT('',(4.95934556231685E-5,0.0430399524399412,0.105132386363636));
#6605=CARTESIAN_POINT('',(0.00107994560278226,0.0424450783504188,0.105074053030303));
#6606=CARTESIAN_POINT('',(0.00211029774994135,0.0418502042608964,0.10501571969697));
#6607=CARTESIAN_POINT('',(0.00211029774994135,0.0406604560818516,0.104957386363636));
#6608=CARTESIAN_POINT('',(0.00211029774994135,0.0394707079028068,0.104899053030303));
#6609=CARTESIAN_POINT('',(0.00107994560278226,0.0388758338132844,0.10484071969697));
#6610=CARTESIAN_POINT('',(4.95934556231691E-5,0.038280959723762,0.104782386363636));
#6611=CARTESIAN_POINT('',(-0.00098075869153592,0.0388758338132844,0.104724053030303));
#6612=CARTESIAN_POINT('',(-0.00201111083869501,0.0394707079028068,0.10466571969697));
#6613=CARTESIAN_POINT('',(-0.00201111083869501,0.0406604560818516,0.104607386363636));
#6614=CARTESIAN_POINT('',(-0.00201111083869501,0.0418502042608964,0.104549053030303));
#6615=CARTESIAN_POINT('',(-0.000980758691535922,0.0424450783504188,0.10449071969697));
#6616=CARTESIAN_POINT('',(4.95934556231685E-5,0.0430399524399412,0.104432386363636));
#6617=CARTESIAN_POINT('',(0.00107994560278226,0.0424450783504188,0.104374053030303));
#6618=CARTESIAN_POINT('',(0.00211029774994135,0.0418502042608964,0.10431571969697));
#6619=CARTESIAN_POINT('',(0.00211029774994135,0.0406604560818516,0.104257386363636));
#6620=CARTESIAN_POINT('',(0.00211029774994135,0.0394707079028068,0.104199053030303));
#6621=CARTESIAN_POINT('',(0.00107994560278226,0.0388758338132844,0.10414071969697));
#6622=CARTESIAN_POINT('',(4.95934556231691E-5,0.038280959723762,0.104082386363636));
#6623=CARTESIAN_POINT('',(-0.00098075869153592,0.0388758338132844,0.104024053030303));
#6624=CARTESIAN_POINT('',(-0.00201111083869501,0.0394707079028068,0.10396571969697));
#6625=CARTESIAN_POINT('',(-0.00201111083869501,0.0406604560818516,0.103907386363636));
#6626=CARTESIAN_POINT('',(-0.00201111083869501,0.0418502042608964,0.103849053030303));
#6627=CARTESIAN_POINT('',(-0.000980758691535922,0.0424450783504188,0.10379071969697));
#6628=CARTESIAN_POINT('',(4.95934556231685E-5,0.0430399524399412,0.103732386363636));
#6629=CARTESIAN_POINT('',(0.00107994560278226,0.0424450783504188,0.103674053030303));
#6630=CARTESIAN_POINT('',(0.00211029774994135,0.0418502042608964,0.10361571969697));
#6631=CARTESIAN_POINT('',(0.00211029774994135,0.0406604560818516,0.103557386363636));
#6632=CARTESIAN_POINT('',(0.00211029774994135,0.0394707079028068,0.103499053030303));
#6633=CARTESIAN_POINT('',(0.00107994560278226,0.0388758338132844,0.10344071969697));
#6634=CARTESIAN_POINT('',(4.95934556231691E-5,0.038280959723762,0.103382386363636));
#6635=CARTESIAN_POINT('',(-0.00098075869153592,0.0388758338132844,0.103324053030303));
#6636=CARTESIAN_POINT('',(-0.00201111083869501,0.0394707079028068,0.10326571969697));
#6637=CARTESIAN_POINT('',(-0.00201111083869501,0.0406604560818516,0.103207386363636));
#6638=CARTESIAN_POINT('',(-0.00201111083869501,0.0418502042608964,0.103149053030303));
#6639=CARTESIAN_POINT('',(-0.000980758691535922,0.0424450783504188,0.10309071969697));
#6640=CARTESIAN_POINT('',(4.95934556231685E-5,0.0430399524399412,0.103032386363636));
#6641=CARTESIAN_POINT('',(0.00107994560278226,0.0424450783504188,0.102974053030303));
#6642=CARTESIAN_POINT('',(0.00211029774994135,0.0418502042608964,0.10291571969697));
#6643=CARTESIAN_POINT('',(0.00211029774994135,0.0406604560818516,0.102857386363636));
#6644=CARTESIAN_POINT('',(0.00211029774994135,0.0394707079028068,0.102799053030303));
#6645=CARTESIAN_POINT('',(0.00107994560278226,0.0388758338132844,0.10274071969697));
#6646=CARTESIAN_POINT('',(4.95934556231691E-5,0.038280959723762,0.102682386363636));
#6647=CARTESIAN_POINT('',(-0.00098075869153592,0.0388758338132844,0.102624053030303));
#6648=CARTESIAN_POINT('',(-0.00201111083869501,0.0394707079028068,0.10256571969697));
#6649=CARTESIAN_POINT('',(-0.00201111083869501,0.0406604560818516,0.102507386363636));
#6650=CARTESIAN_POINT('',(-0.00201111083869501,0.0418502042608964,0.102449053030303));
#6651=CARTESIAN_POINT('',(-0.000980758691535922,0.0424450783504188,0.10239071969697));
#6652=CARTESIAN_POINT('',(4.95934556231685E-5,0.0430399524399412,0.102332386363636));
#6653=CARTESIAN_POINT('',(0.00107994560278226,0.0424450783504188,0.102274053030303));
#6654=CARTESIAN_POINT('',(0.00211029774994135,0.0418502042608964,0.10221571969697));
#6655=CARTESIAN_POINT('',(0.00211029774994135,0.0406604560818516,0.102157386363636));
#6656=CARTESIAN_POINT('',(0.00211029774994135,0.0394707079028068,0.102099053030303));
#6657=CARTESIAN_POINT('',(0.00107994560278226,0.0388758338132844,0.10204071969697));
#6658=CARTESIAN_POINT('',(4.95934556231691E-5,0.038280959723762,0.101982386363636));
#6659=CARTESIAN_POINT('',(-0.00098075869153592,0.0388758338132844,0.101924053030303));
#6660=CARTESIAN_POINT('',(-0.00201111083869501,0.0394707079028068,0.10186571969697));
#6661=CARTESIAN_POINT('',(-0.00201111083869501,0.0406604560818516,0.101807386363636));
#6662=CARTESIAN_POINT('',(-0.00201111083869501,0.0418502042608964,0.101749053030303));
#6663=CARTESIAN_POINT('',(-0.000980758691535922,0.0424450783504188,0.10169071969697));
#6664=CARTESIAN_POINT('',(4.95934556231685E-5,0.0430399524399412,0.101632386363636));
#6665=CARTESIAN_POINT('',(0.00107994560278226,0.0424450783504188,0.101574053030303));
#6666=CARTESIAN_POINT('',(0.00211029774994135,0.0418502042608964,0.10151571969697));
#6667=CARTESIAN_POINT('',(0.00211029774994135,0.0406604560818516,0.101457386363636));
#6668=CARTESIAN_POINT('',(0.00211029774994135,0.0394707079028068,0.101399053030303));
#6669=CARTESIAN_POINT('',(0.00107994560278226,0.0388758338132844,0.10134071969697));
#6670=CARTESIAN_POINT('',(4.95934556231691E-5,0.038280959723762,0.101282386363636));
#6671=CARTESIAN_POINT('',(-0.00098075869153592,0.0388758338132844,0.101224053030303));
#6672=CARTESIAN_POINT('',(-0.00201111083869501,0.0394707079028068,0.10116571969697));
#6673=CARTESIAN_POINT('',(-0.00201111083869501,0.0406604560818516,0.101107386363636));
#6674=CARTESIAN_POINT('',(-0.00201111083869501,0.0418502042608964,0.101049053030303));
#6675=CARTESIAN_POINT('',(-0.000980758691535922,0.0424450783504188,0.10099071969697));
#6676=CARTESIAN_POINT('',(4.95934556231685E-5,0.0430399524399412,0.100932386363636));
#6677=CARTESIAN_POINT('',(0.00107994560278226,0.0424450783504188,0.100874053030303));
#6678=CARTESIAN_POINT('',(0.00211029774994135,0.0418502042608964,0.10081571969697));
#6679=CARTESIAN_POINT('',(0.00211029774994135,0.0406604560818516,0.100757386363636));
#6680=CARTESIAN_POINT('',(0.00211029774994135,0.0394707079028068,0.100699053030303));
#6681=CARTESIAN_POINT('',(0.00107994560278226,0.0388758338132844,0.10064071969697));
#6682=CARTESIAN_POINT('',(4.95934556231691E-5,0.038280959723762,0.100582386363636));
#6683=CARTESIAN_POINT('',(-0.00098075869153592,0.0388758338132844,0.100524053030303));
#6684=CARTESIAN_POINT('',(-0.00201111083869501,0.0394707079028068,0.10046571969697));
#6685=CARTESIAN_POINT('',(-0.00201111083869501,0.0406604560818516,0.100407386363636));
#6686=CARTESIAN_POINT('',(-0.00201111083869501,0.0418502042608964,0.100349053030303));
#6687=CARTESIAN_POINT('',(-0.000980758691535922,0.0424450783504188,0.10029071969697));
#6688=CARTESIAN_POINT('',(4.95934556231685E-5,0.0430399524399412,0.100232386363636));
#6689=CARTESIAN_POINT('',(0.00107994560278226,0.0424450783504188,0.100174053030303));
#6690=CARTESIAN_POINT('',(0.00211029774994135,0.0418502042608964,0.10011571969697));
#6691=CARTESIAN_POINT('',(0.00211029774994135,0.0406604560818516,0.100057386363636));
#6692=CARTESIAN_POINT('',(0.00211029774994135,0.0394707079028068,0.099999053030303));
#6693=CARTESIAN_POINT('',(0.00107994560278226,0.0388758338132844,0.0999407196969697));
#6694=CARTESIAN_POINT('',(4.95934556231691E-5,0.038280959723762,0.0998823863636364));
#6695=CARTESIAN_POINT('',(-0.00098075869153592,0.0388758338132844,0.099824053030303));
#6696=CARTESIAN_POINT('',(-0.00201111083869501,0.0394707079028068,0.0997657196969697));
#6697=CARTESIAN_POINT('',(-0.00201111083869501,0.0406604560818516,0.0997073863636364));
#6698=CARTESIAN_POINT('',(-0.00201111083869501,0.0418502042608964,0.0996490530303031));
#6699=CARTESIAN_POINT('',(-0.000980758691535922,0.0424450783504188,0.0995907196969697));
#6700=CARTESIAN_POINT('',(4.95934556231685E-5,0.0430399524399412,0.0995323863636364));
#6701=CARTESIAN_POINT('',(0.00107994560278226,0.0424450783504188,0.0994740530303032));
#6702=CARTESIAN_POINT('',(0.00211029774994135,0.0418502042608964,0.0994157196969696));
#6703=CARTESIAN_POINT('',(0.00211029774994135,0.0406604560818516,0.0993573863636364));
#6704=CARTESIAN_POINT('',(0.00211029774994135,0.0394707079028068,0.099299053030303));
#6705=CARTESIAN_POINT('',(0.00107994560278226,0.0388758338132844,0.0992407196969697));
#6706=CARTESIAN_POINT('',(4.95934556231691E-5,0.038280959723762,0.0991823863636363));
#6707=CARTESIAN_POINT('',(-0.00098075869153592,0.0388758338132844,0.0991240530303031));
#6708=CARTESIAN_POINT('',(-0.00201111083869501,0.0394707079028068,0.0990657196969697));
#6709=CARTESIAN_POINT('',(-0.00201111083869501,0.0406604560818516,0.0990073863636364));
#6710=CARTESIAN_POINT('',(-0.00201111083869501,0.0418502042608964,0.098949053030303));
#6711=CARTESIAN_POINT('',(-0.000980758691535922,0.0424450783504188,0.0988907196969697));
#6712=CARTESIAN_POINT('',(4.95934556231685E-5,0.0430399524399412,0.0988323863636364));
#6713=CARTESIAN_POINT('',(0.00107994560278226,0.0424450783504188,0.0987740530303031));
#6714=CARTESIAN_POINT('',(0.00211029774994135,0.0418502042608964,0.0987157196969697));
#6715=CARTESIAN_POINT('',(0.00211029774994135,0.0406604560818516,0.0986573863636364));
#6716=CARTESIAN_POINT('',(0.00211029774994135,0.0394707079028068,0.0985990530303031));
#6717=CARTESIAN_POINT('',(0.00107994560278226,0.0388758338132844,0.0985407196969697));
#6718=CARTESIAN_POINT('',(4.95934556231691E-5,0.038280959723762,0.0984823863636364));
#6719=CARTESIAN_POINT('',(-0.00098075869153592,0.0388758338132844,0.0984240530303031));
#6720=CARTESIAN_POINT('',(-0.00201111083869501,0.0394707079028068,0.0983657196969698));
#6721=CARTESIAN_POINT('',(-0.00201111083869501,0.0406604560818516,0.0983073863636364));
#6722=CARTESIAN_POINT('',(-0.00201111083869501,0.0418502042608964,0.098249053030303));
#6723=CARTESIAN_POINT('',(-0.000980758691535922,0.0424450783504188,0.0981907196969697));
#6724=CARTESIAN_POINT('',(4.95934556231685E-5,0.0430399524399412,0.0981323863636363));
#6725=CARTESIAN_POINT('',(0.00107994560278226,0.0424450783504188,0.0980740530303031));
#6726=CARTESIAN_POINT('',(0.00211029774994135,0.0418502042608964,0.0980157196969697));
#6727=CARTESIAN_POINT('',(0.00211029774994135,0.0406604560818516,0.0979573863636364));
#6728=CARTESIAN_POINT('',(0.00211029774994135,0.04028787884375,0.0979391189078794));
#6729=CARTESIAN_POINT('',(0.00197983773692376,0.039938888896395,0.0979183149431607));
#6730=CARTESIAN_POINT('',(-0.00195999293354818,0.0403812762080199,0.108145707744914));
#6731=CARTESIAN_POINT('',(-0.00197929265687684,0.0405201990493542,0.108138234645969));
#6732=CARTESIAN_POINT('',(-0.00197929265687684,0.0406604560818516,0.10813125));
#6733=CARTESIAN_POINT('',(-0.00197929265687684,0.0418318340250585,0.108072916666667));
#6734=CARTESIAN_POINT('',(-0.000964849600626836,0.0424175229966621,0.108014583333333));
#6735=CARTESIAN_POINT('',(4.95934556231686E-5,0.0430032119682655,0.10795625));
#6736=CARTESIAN_POINT('',(0.00106403651187317,0.0424175229966621,0.107897916666667));
#6737=CARTESIAN_POINT('',(0.00207847956812318,0.0418318340250585,0.107839583333333));
#6738=CARTESIAN_POINT('',(0.00207847956812318,0.0406604560818516,0.10778125));
#6739=CARTESIAN_POINT('',(0.00207847956812318,0.0394890781386446,0.107722916666667));
#6740=CARTESIAN_POINT('',(0.00106403651187317,0.0389033891670411,0.107664583333333));
#6741=CARTESIAN_POINT('',(4.95934556231691E-5,0.0383177001954376,0.10760625));
#6742=CARTESIAN_POINT('',(-0.000964849600626835,0.0389033891670411,0.107547916666667));
#6743=CARTESIAN_POINT('',(-0.00197929265687684,0.0394890781386446,0.107489583333333));
#6744=CARTESIAN_POINT('',(-0.00197929265687684,0.0406604560818516,0.10743125));
#6745=CARTESIAN_POINT('',(-0.00197929265687684,0.0418318340250585,0.107372916666667));
#6746=CARTESIAN_POINT('',(-0.000964849600626836,0.0424175229966621,0.107314583333333));
#6747=CARTESIAN_POINT('',(4.95934556231686E-5,0.0430032119682655,0.10725625));
#6748=CARTESIAN_POINT('',(0.00106403651187317,0.0424175229966621,0.107197916666667));
#6749=CARTESIAN_POINT('',(0.00207847956812318,0.0418318340250585,0.107139583333333));
#6750=CARTESIAN_POINT('',(0.00207847956812318,0.0406604560818516,0.10708125));
#6751=CARTESIAN_POINT('',(0.00207847956812318,0.0394890781386446,0.107022916666667));
#6752=CARTESIAN_POINT('',(0.00106403651187317,0.0389033891670411,0.106964583333333));
#6753=CARTESIAN_POINT('',(4.95934556231691E-5,0.0383177001954376,0.10690625));
#6754=CARTESIAN_POINT('',(-0.000964849600626835,0.0389033891670411,0.106847916666667));
#6755=CARTESIAN_POINT('',(-0.00197929265687684,0.0394890781386446,0.106789583333333));
#6756=CARTESIAN_POINT('',(-0.00197929265687684,0.0406604560818516,0.10673125));
#6757=CARTESIAN_POINT('',(-0.00197929265687684,0.0418318340250585,0.106672916666667));
#6758=CARTESIAN_POINT('',(-0.000964849600626836,0.0424175229966621,0.106614583333333));
#6759=CARTESIAN_POINT('',(4.95934556231686E-5,0.0430032119682655,0.10655625));
#6760=CARTESIAN_POINT('',(0.00106403651187317,0.0424175229966621,0.106497916666667));
#6761=CARTESIAN_POINT('',(0.00207847956812318,0.0418318340250585,0.106439583333333));
#6762=CARTESIAN_POINT('',(0.00207847956812318,0.0406604560818516,0.10638125));
#6763=CARTESIAN_POINT('',(0.00207847956812318,0.0394890781386446,0.106322916666667));
#6764=CARTESIAN_POINT('',(0.00106403651187317,0.0389033891670411,0.106264583333333));
#6765=CARTESIAN_POINT('',(4.95934556231691E-5,0.0383177001954376,0.10620625));
#6766=CARTESIAN_POINT('',(-0.000964849600626835,0.0389033891670411,0.106147916666667));
#6767=CARTESIAN_POINT('',(-0.00197929265687684,0.0394890781386446,0.106089583333333));
#6768=CARTESIAN_POINT('',(-0.00197929265687684,0.0406604560818516,0.10603125));
#6769=CARTESIAN_POINT('',(-0.00197929265687684,0.0418318340250585,0.105972916666667));
#6770=CARTESIAN_POINT('',(-0.000964849600626836,0.0424175229966621,0.105914583333333));
#6771=CARTESIAN_POINT('',(4.95934556231686E-5,0.0430032119682655,0.10585625));
#6772=CARTESIAN_POINT('',(0.00106403651187317,0.0424175229966621,0.105797916666667));
#6773=CARTESIAN_POINT('',(0.00207847956812318,0.0418318340250585,0.105739583333333));
#6774=CARTESIAN_POINT('',(0.00207847956812318,0.0406604560818516,0.10568125));
#6775=CARTESIAN_POINT('',(0.00207847956812318,0.0394890781386446,0.105622916666667));
#6776=CARTESIAN_POINT('',(0.00106403651187317,0.0389033891670411,0.105564583333333));
#6777=CARTESIAN_POINT('',(4.95934556231691E-5,0.0383177001954376,0.10550625));
#6778=CARTESIAN_POINT('',(-0.000964849600626835,0.0389033891670411,0.105447916666667));
#6779=CARTESIAN_POINT('',(-0.00197929265687684,0.0394890781386446,0.105389583333333));
#6780=CARTESIAN_POINT('',(-0.00197929265687684,0.0406604560818516,0.10533125));
#6781=CARTESIAN_POINT('',(-0.00197929265687684,0.0418318340250585,0.105272916666667));
#6782=CARTESIAN_POINT('',(-0.000964849600626836,0.0424175229966621,0.105214583333333));
#6783=CARTESIAN_POINT('',(4.95934556231686E-5,0.0430032119682655,0.10515625));
#6784=CARTESIAN_POINT('',(0.00106403651187317,0.0424175229966621,0.105097916666667));
#6785=CARTESIAN_POINT('',(0.00207847956812318,0.0418318340250585,0.105039583333333));
#6786=CARTESIAN_POINT('',(0.00207847956812318,0.0406604560818516,0.10498125));
#6787=CARTESIAN_POINT('',(0.00207847956812318,0.0394890781386446,0.104922916666667));
#6788=CARTESIAN_POINT('',(0.00106403651187317,0.0389033891670411,0.104864583333333));
#6789=CARTESIAN_POINT('',(4.95934556231691E-5,0.0383177001954376,0.10480625));
#6790=CARTESIAN_POINT('',(-0.000964849600626835,0.0389033891670411,0.104747916666667));
#6791=CARTESIAN_POINT('',(-0.00197929265687684,0.0394890781386446,0.104689583333333));
#6792=CARTESIAN_POINT('',(-0.00197929265687684,0.0406604560818516,0.10463125));
#6793=CARTESIAN_POINT('',(-0.00197929265687684,0.0418318340250585,0.104572916666667));
#6794=CARTESIAN_POINT('',(-0.000964849600626836,0.0424175229966621,0.104514583333333));
#6795=CARTESIAN_POINT('',(4.95934556231686E-5,0.0430032119682655,0.10445625));
#6796=CARTESIAN_POINT('',(0.00106403651187317,0.0424175229966621,0.104397916666667));
#6797=CARTESIAN_POINT('',(0.00207847956812318,0.0418318340250585,0.104339583333333));
#6798=CARTESIAN_POINT('',(0.00207847956812318,0.0406604560818516,0.10428125));
#6799=CARTESIAN_POINT('',(0.00207847956812318,0.0394890781386446,0.104222916666667));
#6800=CARTESIAN_POINT('',(0.00106403651187317,0.0389033891670411,0.104164583333333));
#6801=CARTESIAN_POINT('',(4.95934556231691E-5,0.0383177001954376,0.10410625));
#6802=CARTESIAN_POINT('',(-0.000964849600626835,0.0389033891670411,0.104047916666667));
#6803=CARTESIAN_POINT('',(-0.00197929265687684,0.0394890781386446,0.103989583333333));
#6804=CARTESIAN_POINT('',(-0.00197929265687684,0.0406604560818516,0.10393125));
#6805=CARTESIAN_POINT('',(-0.00197929265687684,0.0418318340250585,0.103872916666667));
#6806=CARTESIAN_POINT('',(-0.000964849600626836,0.0424175229966621,0.103814583333333));
#6807=CARTESIAN_POINT('',(4.95934556231686E-5,0.0430032119682655,0.10375625));
#6808=CARTESIAN_POINT('',(0.00106403651187317,0.0424175229966621,0.103697916666667));
#6809=CARTESIAN_POINT('',(0.00207847956812318,0.0418318340250585,0.103639583333333));
#6810=CARTESIAN_POINT('',(0.00207847956812318,0.0406604560818516,0.10358125));
#6811=CARTESIAN_POINT('',(0.00207847956812318,0.0394890781386446,0.103522916666667));
#6812=CARTESIAN_POINT('',(0.00106403651187317,0.0389033891670411,0.103464583333333));
#6813=CARTESIAN_POINT('',(4.95934556231691E-5,0.0383177001954376,0.10340625));
#6814=CARTESIAN_POINT('',(-0.000964849600626835,0.0389033891670411,0.103347916666667));
#6815=CARTESIAN_POINT('',(-0.00197929265687684,0.0394890781386446,0.103289583333333));
#6816=CARTESIAN_POINT('',(-0.00197929265687684,0.0406604560818516,0.10323125));
#6817=CARTESIAN_POINT('',(-0.00197929265687684,0.0418318340250585,0.103172916666667));
#6818=CARTESIAN_POINT('',(-0.000964849600626836,0.0424175229966621,0.103114583333333));
#6819=CARTESIAN_POINT('',(4.95934556231686E-5,0.0430032119682655,0.10305625));
#6820=CARTESIAN_POINT('',(0.00106403651187317,0.0424175229966621,0.102997916666667));
#6821=CARTESIAN_POINT('',(0.00207847956812318,0.0418318340250585,0.102939583333333));
#6822=CARTESIAN_POINT('',(0.00207847956812318,0.0406604560818516,0.10288125));
#6823=CARTESIAN_POINT('',(0.00207847956812318,0.0394890781386446,0.102822916666667));
#6824=CARTESIAN_POINT('',(0.00106403651187317,0.0389033891670411,0.102764583333333));
#6825=CARTESIAN_POINT('',(4.95934556231691E-5,0.0383177001954376,0.10270625));
#6826=CARTESIAN_POINT('',(-0.000964849600626835,0.0389033891670411,0.102647916666667));
#6827=CARTESIAN_POINT('',(-0.00197929265687684,0.0394890781386446,0.102589583333333));
#6828=CARTESIAN_POINT('',(-0.00197929265687684,0.0406604560818516,0.10253125));
#6829=CARTESIAN_POINT('',(-0.00197929265687684,0.0418318340250585,0.102472916666667));
#6830=CARTESIAN_POINT('',(-0.000964849600626836,0.0424175229966621,0.102414583333333));
#6831=CARTESIAN_POINT('',(4.95934556231686E-5,0.0430032119682655,0.10235625));
#6832=CARTESIAN_POINT('',(0.00106403651187317,0.0424175229966621,0.102297916666667));
#6833=CARTESIAN_POINT('',(0.00207847956812318,0.0418318340250585,0.102239583333333));
#6834=CARTESIAN_POINT('',(0.00207847956812318,0.0406604560818516,0.10218125));
#6835=CARTESIAN_POINT('',(0.00207847956812318,0.0394890781386446,0.102122916666667));
#6836=CARTESIAN_POINT('',(0.00106403651187317,0.0389033891670411,0.102064583333333));
#6837=CARTESIAN_POINT('',(4.95934556231691E-5,0.0383177001954376,0.10200625));
#6838=CARTESIAN_POINT('',(-0.000964849600626835,0.0389033891670411,0.101947916666667));
#6839=CARTESIAN_POINT('',(-0.00197929265687684,0.0394890781386446,0.101889583333333));
#6840=CARTESIAN_POINT('',(-0.00197929265687684,0.0406604560818516,0.10183125));
#6841=CARTESIAN_POINT('',(-0.00197929265687684,0.0418318340250585,0.101772916666667));
#6842=CARTESIAN_POINT('',(-0.000964849600626836,0.0424175229966621,0.101714583333333));
#6843=CARTESIAN_POINT('',(4.95934556231686E-5,0.0430032119682655,0.10165625));
#6844=CARTESIAN_POINT('',(0.00106403651187317,0.0424175229966621,0.101597916666667));
#6845=CARTESIAN_POINT('',(0.00207847956812318,0.0418318340250585,0.101539583333333));
#6846=CARTESIAN_POINT('',(0.00207847956812318,0.0406604560818516,0.10148125));
#6847=CARTESIAN_POINT('',(0.00207847956812318,0.0394890781386446,0.101422916666667));
#6848=CARTESIAN_POINT('',(0.00106403651187317,0.0389033891670411,0.101364583333333));
#6849=CARTESIAN_POINT('',(4.95934556231691E-5,0.0383177001954376,0.10130625));
#6850=CARTESIAN_POINT('',(-0.000964849600626835,0.0389033891670411,0.101247916666667));
#6851=CARTESIAN_POINT('',(-0.00197929265687684,0.0394890781386446,0.101189583333333));
#6852=CARTESIAN_POINT('',(-0.00197929265687684,0.0406604560818516,0.10113125));
#6853=CARTESIAN_POINT('',(-0.00197929265687684,0.0418318340250585,0.101072916666667));
#6854=CARTESIAN_POINT('',(-0.000964849600626836,0.0424175229966621,0.101014583333333));
#6855=CARTESIAN_POINT('',(4.95934556231686E-5,0.0430032119682655,0.10095625));
#6856=CARTESIAN_POINT('',(0.00106403651187317,0.0424175229966621,0.100897916666667));
#6857=CARTESIAN_POINT('',(0.00207847956812318,0.0418318340250585,0.100839583333333));
#6858=CARTESIAN_POINT('',(0.00207847956812318,0.0406604560818516,0.10078125));
#6859=CARTESIAN_POINT('',(0.00207847956812318,0.0394890781386446,0.100722916666667));
#6860=CARTESIAN_POINT('',(0.00106403651187317,0.0389033891670411,0.100664583333333));
#6861=CARTESIAN_POINT('',(4.95934556231691E-5,0.0383177001954376,0.10060625));
#6862=CARTESIAN_POINT('',(-0.000964849600626835,0.0389033891670411,0.100547916666667));
#6863=CARTESIAN_POINT('',(-0.00197929265687684,0.0394890781386446,0.100489583333333));
#6864=CARTESIAN_POINT('',(-0.00197929265687684,0.0406604560818516,0.10043125));
#6865=CARTESIAN_POINT('',(-0.00197929265687684,0.0418318340250585,0.100372916666667));
#6866=CARTESIAN_POINT('',(-0.000964849600626836,0.0424175229966621,0.100314583333333));
#6867=CARTESIAN_POINT('',(4.95934556231686E-5,0.0430032119682655,0.10025625));
#6868=CARTESIAN_POINT('',(0.00106403651187317,0.0424175229966621,0.100197916666667));
#6869=CARTESIAN_POINT('',(0.00207847956812318,0.0418318340250585,0.100139583333333));
#6870=CARTESIAN_POINT('',(0.00207847956812318,0.0406604560818516,0.10008125));
#6871=CARTESIAN_POINT('',(0.00207847956812318,0.0394890781386446,0.100022916666667));
#6872=CARTESIAN_POINT('',(0.00106403651187317,0.0389033891670411,0.0999645833333333));
#6873=CARTESIAN_POINT('',(4.95934556231691E-5,0.0383177001954376,0.09990625));
#6874=CARTESIAN_POINT('',(-0.000964849600626835,0.0389033891670411,0.0998479166666667));
#6875=CARTESIAN_POINT('',(-0.00197929265687684,0.0394890781386446,0.0997895833333333));
#6876=CARTESIAN_POINT('',(-0.00197929265687684,0.0406604560818516,0.09973125));
#6877=CARTESIAN_POINT('',(-0.00197929265687684,0.0418318340250585,0.0996729166666666));
#6878=CARTESIAN_POINT('',(-0.000964849600626836,0.0424175229966621,0.0996145833333333));
#6879=CARTESIAN_POINT('',(4.95934556231686E-5,0.0430032119682655,0.0995562499999999));
#6880=CARTESIAN_POINT('',(0.00106403651187317,0.0424175229966621,0.0994979166666667));
#6881=CARTESIAN_POINT('',(0.00207847956812318,0.0418318340250585,0.0994395833333334));
#6882=CARTESIAN_POINT('',(0.00207847956812318,0.0406604560818516,0.09938125));
#6883=CARTESIAN_POINT('',(0.00207847956812318,0.0394890781386446,0.0993229166666667));
#6884=CARTESIAN_POINT('',(0.00106403651187317,0.0389033891670411,0.0992645833333333));
#6885=CARTESIAN_POINT('',(4.95934556231691E-5,0.0383177001954376,0.09920625));
#6886=CARTESIAN_POINT('',(-0.000964849600626835,0.0389033891670411,0.0991479166666667));
#6887=CARTESIAN_POINT('',(-0.00197929265687684,0.0394890781386446,0.0990895833333333));
#6888=CARTESIAN_POINT('',(-0.00197929265687684,0.0406604560818516,0.09903125));
#6889=CARTESIAN_POINT('',(-0.00197929265687684,0.0418318340250585,0.0989729166666666));
#6890=CARTESIAN_POINT('',(-0.000964849600626836,0.0424175229966621,0.0989145833333333));
#6891=CARTESIAN_POINT('',(4.95934556231686E-5,0.0430032119682655,0.09885625));
#6892=CARTESIAN_POINT('',(0.00106403651187317,0.0424175229966621,0.0987979166666667));
#6893=CARTESIAN_POINT('',(0.00207847956812318,0.0418318340250585,0.0987395833333333));
#6894=CARTESIAN_POINT('',(0.00207847956812318,0.0406604560818516,0.09868125));
#6895=CARTESIAN_POINT('',(0.00207847956812318,0.0394890781386446,0.0986229166666667));
#6896=CARTESIAN_POINT('',(0.00106403651187317,0.0389033891670411,0.0985645833333333));
#6897=CARTESIAN_POINT('',(4.95934556231691E-5,0.0383177001954376,0.09850625));
#6898=CARTESIAN_POINT('',(-0.000964849600626835,0.0389033891670411,0.0984479166666667));
#6899=CARTESIAN_POINT('',(-0.00197929265687684,0.0394890781386446,0.0983895833333333));
#6900=CARTESIAN_POINT('',(-0.00197929265687684,0.0406604560818516,0.09833125));
#6901=CARTESIAN_POINT('',(-0.00197929265687684,0.0418318340250585,0.0982729166666667));
#6902=CARTESIAN_POINT('',(-0.000964849600626836,0.0424175229966621,0.0982145833333333));
#6903=CARTESIAN_POINT('',(4.95934556231686E-5,0.0430032119682655,0.09815625));
#6904=CARTESIAN_POINT('',(0.00106403651187317,0.0424175229966621,0.0980979166666667));
#6905=CARTESIAN_POINT('',(0.00207847956812318,0.0418318340250585,0.0980395833333333));
#6906=CARTESIAN_POINT('',(0.00207847956812318,0.0406604560818516,0.09798125));
#6907=CARTESIAN_POINT('',(0.00207847956812318,0.0402936316003856,0.0979629825442431));
#6908=CARTESIAN_POINT('',(0.00195003391515989,0.0399500302115095,0.0979421785795243));
#6909=CARTESIAN_POINT('',(4.9593455623169E-5,0.0406604560818516,0.108));
#6910=CARTESIAN_POINT('',(0.0386186232855608,-0.0162712225429138,0.108059026694145));
#6911=CARTESIAN_POINT('',(0.0388148572495705,-0.0166377759222954,0.108035288488922));
#6912=CARTESIAN_POINT('',(0.0388510944597391,-0.0170519691298281,0.108014583333333));
#6913=CARTESIAN_POINT('',(0.0389531867744175,-0.0182188896263125,0.10795625));
#6914=CARTESIAN_POINT('',(0.0379936501376045,-0.0188907644125975,0.107897916666667));
#6915=CARTESIAN_POINT('',(0.0370341135007915,-0.0195626391988823,0.107839583333333));
#6916=CARTESIAN_POINT('',(0.0359724845493,-0.0190675934886828,0.10778125));
#6917=CARTESIAN_POINT('',(0.0349108555978086,-0.0185725477784833,0.107722916666667));
#6918=CARTESIAN_POINT('',(0.0348087632831302,-0.0174056272819988,0.107664583333333));
#6919=CARTESIAN_POINT('',(0.0347066709684517,-0.0162387067855145,0.10760625));
#6920=CARTESIAN_POINT('',(0.0356662076052647,-0.0155668319992296,0.107547916666667));
#6921=CARTESIAN_POINT('',(0.0366257442420778,-0.0148949572129447,0.107489583333333));
#6922=CARTESIAN_POINT('',(0.0376873731935692,-0.0153900029231443,0.10743125));
#6923=CARTESIAN_POINT('',(0.0387490021450607,-0.0158850486333437,0.107372916666667));
#6924=CARTESIAN_POINT('',(0.0388510944597391,-0.0170519691298281,0.107314583333333));
#6925=CARTESIAN_POINT('',(0.0389531867744175,-0.0182188896263125,0.10725625));
#6926=CARTESIAN_POINT('',(0.0379936501376045,-0.0188907644125975,0.107197916666667));
#6927=CARTESIAN_POINT('',(0.0370341135007915,-0.0195626391988823,0.107139583333333));
#6928=CARTESIAN_POINT('',(0.0359724845493,-0.0190675934886828,0.10708125));
#6929=CARTESIAN_POINT('',(0.0349108555978086,-0.0185725477784833,0.107022916666667));
#6930=CARTESIAN_POINT('',(0.0348087632831302,-0.0174056272819988,0.106964583333333));
#6931=CARTESIAN_POINT('',(0.0347066709684517,-0.0162387067855145,0.10690625));
#6932=CARTESIAN_POINT('',(0.0356662076052647,-0.0155668319992296,0.106847916666667));
#6933=CARTESIAN_POINT('',(0.0366257442420778,-0.0148949572129447,0.106789583333333));
#6934=CARTESIAN_POINT('',(0.0376873731935692,-0.0153900029231443,0.10673125));
#6935=CARTESIAN_POINT('',(0.0387490021450607,-0.0158850486333437,0.106672916666667));
#6936=CARTESIAN_POINT('',(0.0388510944597391,-0.0170519691298281,0.106614583333333));
#6937=CARTESIAN_POINT('',(0.0389531867744175,-0.0182188896263125,0.10655625));
#6938=CARTESIAN_POINT('',(0.0379936501376045,-0.0188907644125975,0.106497916666667));
#6939=CARTESIAN_POINT('',(0.0370341135007915,-0.0195626391988823,0.106439583333333));
#6940=CARTESIAN_POINT('',(0.0359724845493,-0.0190675934886828,0.10638125));
#6941=CARTESIAN_POINT('',(0.0349108555978086,-0.0185725477784833,0.106322916666667));
#6942=CARTESIAN_POINT('',(0.0348087632831302,-0.0174056272819988,0.106264583333333));
#6943=CARTESIAN_POINT('',(0.0347066709684517,-0.0162387067855145,0.10620625));
#6944=CARTESIAN_POINT('',(0.0356662076052647,-0.0155668319992296,0.106147916666667));
#6945=CARTESIAN_POINT('',(0.0366257442420778,-0.0148949572129447,0.106089583333333));
#6946=CARTESIAN_POINT('',(0.0376873731935692,-0.0153900029231443,0.10603125));
#6947=CARTESIAN_POINT('',(0.0387490021450607,-0.0158850486333437,0.105972916666667));
#6948=CARTESIAN_POINT('',(0.0388510944597391,-0.0170519691298281,0.105914583333333));
#6949=CARTESIAN_POINT('',(0.0389531867744175,-0.0182188896263125,0.10585625));
#6950=CARTESIAN_POINT('',(0.0379936501376045,-0.0188907644125975,0.105797916666667));
#6951=CARTESIAN_POINT('',(0.0370341135007915,-0.0195626391988823,0.105739583333333));
#6952=CARTESIAN_POINT('',(0.0359724845493,-0.0190675934886828,0.10568125));
#6953=CARTESIAN_POINT('',(0.0349108555978086,-0.0185725477784833,0.105622916666667));
#6954=CARTESIAN_POINT('',(0.0348087632831302,-0.0174056272819988,0.105564583333333));
#6955=CARTESIAN_POINT('',(0.0347066709684517,-0.0162387067855145,0.10550625));
#6956=CARTESIAN_POINT('',(0.0356662076052647,-0.0155668319992296,0.105447916666667));
#6957=CARTESIAN_POINT('',(0.0366257442420778,-0.0148949572129447,0.105389583333333));
#6958=CARTESIAN_POINT('',(0.0376873731935692,-0.0153900029231443,0.10533125));
#6959=CARTESIAN_POINT('',(0.0387490021450607,-0.0158850486333437,0.105272916666667));
#6960=CARTESIAN_POINT('',(0.0388510944597391,-0.0170519691298281,0.105214583333333));
#6961=CARTESIAN_POINT('',(0.0389531867744175,-0.0182188896263125,0.10515625));
#6962=CARTESIAN_POINT('',(0.0379936501376045,-0.0188907644125975,0.105097916666667));
#6963=CARTESIAN_POINT('',(0.0370341135007915,-0.0195626391988823,0.105039583333333));
#6964=CARTESIAN_POINT('',(0.0359724845493,-0.0190675934886828,0.10498125));
#6965=CARTESIAN_POINT('',(0.0349108555978086,-0.0185725477784833,0.104922916666667));
#6966=CARTESIAN_POINT('',(0.0348087632831302,-0.0174056272819988,0.104864583333333));
#6967=CARTESIAN_POINT('',(0.0347066709684517,-0.0162387067855145,0.10480625));
#6968=CARTESIAN_POINT('',(0.0356662076052647,-0.0155668319992296,0.104747916666667));
#6969=CARTESIAN_POINT('',(0.0366257442420778,-0.0148949572129447,0.104689583333333));
#6970=CARTESIAN_POINT('',(0.0376873731935692,-0.0153900029231443,0.10463125));
#6971=CARTESIAN_POINT('',(0.0387490021450607,-0.0158850486333437,0.104572916666667));
#6972=CARTESIAN_POINT('',(0.0388510944597391,-0.0170519691298281,0.104514583333333));
#6973=CARTESIAN_POINT('',(0.0389531867744175,-0.0182188896263125,0.10445625));
#6974=CARTESIAN_POINT('',(0.0379936501376045,-0.0188907644125975,0.104397916666667));
#6975=CARTESIAN_POINT('',(0.0370341135007915,-0.0195626391988823,0.104339583333333));
#6976=CARTESIAN_POINT('',(0.0359724845493,-0.0190675934886828,0.10428125));
#6977=CARTESIAN_POINT('',(0.0349108555978086,-0.0185725477784833,0.104222916666667));
#6978=CARTESIAN_POINT('',(0.0348087632831302,-0.0174056272819988,0.104164583333333));
#6979=CARTESIAN_POINT('',(0.0347066709684517,-0.0162387067855145,0.10410625));
#6980=CARTESIAN_POINT('',(0.0356662076052647,-0.0155668319992296,0.104047916666667));
#6981=CARTESIAN_POINT('',(0.0366257442420778,-0.0148949572129447,0.103989583333333));
#6982=CARTESIAN_POINT('',(0.0376873731935692,-0.0153900029231443,0.10393125));
#6983=CARTESIAN_POINT('',(0.0387490021450607,-0.0158850486333437,0.103872916666667));
#6984=CARTESIAN_POINT('',(0.0388510944597391,-0.0170519691298281,0.103814583333333));
#6985=CARTESIAN_POINT('',(0.0389531867744175,-0.0182188896263125,0.10375625));
#6986=CARTESIAN_POINT('',(0.0379936501376045,-0.0188907644125975,0.103697916666667));
#6987=CARTESIAN_POINT('',(0.0370341135007915,-0.0195626391988823,0.103639583333333));
#6988=CARTESIAN_POINT('',(0.0359724845493,-0.0190675934886828,0.10358125));
#6989=CARTESIAN_POINT('',(0.0349108555978086,-0.0185725477784833,0.103522916666667));
#6990=CARTESIAN_POINT('',(0.0348087632831302,-0.0174056272819988,0.103464583333333));
#6991=CARTESIAN_POINT('',(0.0347066709684517,-0.0162387067855145,0.10340625));
#6992=CARTESIAN_POINT('',(0.0356662076052647,-0.0155668319992296,0.103347916666667));
#6993=CARTESIAN_POINT('',(0.0366257442420778,-0.0148949572129447,0.103289583333333));
#6994=CARTESIAN_POINT('',(0.0376873731935692,-0.0153900029231443,0.10323125));
#6995=CARTESIAN_POINT('',(0.0387490021450607,-0.0158850486333437,0.103172916666667));
#6996=CARTESIAN_POINT('',(0.0388510944597391,-0.0170519691298281,0.103114583333333));
#6997=CARTESIAN_POINT('',(0.0389531867744175,-0.0182188896263125,0.10305625));
#6998=CARTESIAN_POINT('',(0.0379936501376045,-0.0188907644125975,0.102997916666667));
#6999=CARTESIAN_POINT('',(0.0370341135007915,-0.0195626391988823,0.102939583333333));
#7000=CARTESIAN_POINT('',(0.0359724845493,-0.0190675934886828,0.10288125));
#7001=CARTESIAN_POINT('',(0.0349108555978086,-0.0185725477784833,0.102822916666667));
#7002=CARTESIAN_POINT('',(0.0348087632831302,-0.0174056272819988,0.102764583333333));
#7003=CARTESIAN_POINT('',(0.0347066709684517,-0.0162387067855145,0.10270625));
#7004=CARTESIAN_POINT('',(0.0356662076052647,-0.0155668319992296,0.102647916666667));
#7005=CARTESIAN_POINT('',(0.0366257442420778,-0.0148949572129447,0.102589583333333));
#7006=CARTESIAN_POINT('',(0.0376873731935692,-0.0153900029231443,0.10253125));
#7007=CARTESIAN_POINT('',(0.0387490021450607,-0.0158850486333437,0.102472916666667));
#7008=CARTESIAN_POINT('',(0.0388510944597391,-0.0170519691298281,0.102414583333333));
#7009=CARTESIAN_POINT('',(0.0389531867744175,-0.0182188896263125,0.10235625));
#7010=CARTESIAN_POINT('',(0.0379936501376045,-0.0188907644125975,0.102297916666667));
#7011=CARTESIAN_POINT('',(0.0370341135007915,-0.0195626391988823,0.102239583333333));
#7012=CARTESIAN_POINT('',(0.0359724845493,-0.0190675934886828,0.10218125));
#7013=CARTESIAN_POINT('',(0.0349108555978086,-0.0185725477784833,0.102122916666667));
#7014=CARTESIAN_POINT('',(0.0348087632831302,-0.0174056272819988,0.102064583333333));
#7015=CARTESIAN_POINT('',(0.0347066709684517,-0.0162387067855145,0.10200625));
#7016=CARTESIAN_POINT('',(0.0356662076052647,-0.0155668319992296,0.101947916666667));
#7017=CARTESIAN_POINT('',(0.0366257442420778,-0.0148949572129447,0.101889583333333));
#7018=CARTESIAN_POINT('',(0.0376873731935692,-0.0153900029231443,0.10183125));
#7019=CARTESIAN_POINT('',(0.0387490021450607,-0.0158850486333437,0.101772916666667));
#7020=CARTESIAN_POINT('',(0.0388510944597391,-0.0170519691298281,0.101714583333333));
#7021=CARTESIAN_POINT('',(0.0389531867744175,-0.0182188896263125,0.10165625));
#7022=CARTESIAN_POINT('',(0.0379936501376045,-0.0188907644125975,0.101597916666667));
#7023=CARTESIAN_POINT('',(0.0370341135007915,-0.0195626391988823,0.101539583333333));
#7024=CARTESIAN_POINT('',(0.0359724845493,-0.0190675934886828,0.10148125));
#7025=CARTESIAN_POINT('',(0.0349108555978086,-0.0185725477784833,0.101422916666667));
#7026=CARTESIAN_POINT('',(0.0348087632831302,-0.0174056272819988,0.101364583333333));
#7027=CARTESIAN_POINT('',(0.0347066709684517,-0.0162387067855145,0.10130625));
#7028=CARTESIAN_POINT('',(0.0356662076052647,-0.0155668319992296,0.101247916666667));
#7029=CARTESIAN_POINT('',(0.0366257442420778,-0.0148949572129447,0.101189583333333));
#7030=CARTESIAN_POINT('',(0.0376873731935692,-0.0153900029231443,0.10113125));
#7031=CARTESIAN_POINT('',(0.0387490021450607,-0.0158850486333437,0.101072916666667));
#7032=CARTESIAN_POINT('',(0.0388510944597391,-0.0170519691298281,0.101014583333333));
#7033=CARTESIAN_POINT('',(0.0389531867744175,-0.0182188896263125,0.10095625));
#7034=CARTESIAN_POINT('',(0.0379936501376045,-0.0188907644125975,0.100897916666667));
#7035=CARTESIAN_POINT('',(0.0370341135007915,-0.0195626391988823,0.100839583333333));
#7036=CARTESIAN_POINT('',(0.0359724845493,-0.0190675934886828,0.10078125));
#7037=CARTESIAN_POINT('',(0.0349108555978086,-0.0185725477784833,0.100722916666667));
#7038=CARTESIAN_POINT('',(0.0348087632831302,-0.0174056272819988,0.100664583333333));
#7039=CARTESIAN_POINT('',(0.0347066709684517,-0.0162387067855145,0.10060625));
#7040=CARTESIAN_POINT('',(0.0356662076052647,-0.0155668319992296,0.100547916666667));
#7041=CARTESIAN_POINT('',(0.0366257442420778,-0.0148949572129447,0.100489583333333));
#7042=CARTESIAN_POINT('',(0.0376873731935692,-0.0153900029231443,0.10043125));
#7043=CARTESIAN_POINT('',(0.0387490021450607,-0.0158850486333437,0.100372916666667));
#7044=CARTESIAN_POINT('',(0.0388510944597391,-0.0170519691298281,0.100314583333333));
#7045=CARTESIAN_POINT('',(0.0389531867744175,-0.0182188896263125,0.10025625));
#7046=CARTESIAN_POINT('',(0.0379936501376045,-0.0188907644125975,0.100197916666667));
#7047=CARTESIAN_POINT('',(0.0370341135007915,-0.0195626391988823,0.100139583333333));
#7048=CARTESIAN_POINT('',(0.0359724845493,-0.0190675934886828,0.10008125));
#7049=CARTESIAN_POINT('',(0.0349108555978086,-0.0185725477784833,0.100022916666667));
#7050=CARTESIAN_POINT('',(0.0348087632831302,-0.0174056272819988,0.0999645833333333));
#7051=CARTESIAN_POINT('',(0.0347066709684517,-0.0162387067855145,0.09990625));
#7052=CARTESIAN_POINT('',(0.0356662076052647,-0.0155668319992296,0.0998479166666667));
#7053=CARTESIAN_POINT('',(0.0366257442420778,-0.0148949572129447,0.0997895833333333));
#7054=CARTESIAN_POINT('',(0.0376873731935692,-0.0153900029231443,0.09973125));
#7055=CARTESIAN_POINT('',(0.0387490021450607,-0.0158850486333437,0.0996729166666666));
#7056=CARTESIAN_POINT('',(0.0388510944597391,-0.0170519691298281,0.0996145833333333));
#7057=CARTESIAN_POINT('',(0.0389531867744175,-0.0182188896263125,0.0995562499999999));
#7058=CARTESIAN_POINT('',(0.0379936501376045,-0.0188907644125975,0.0994979166666667));
#7059=CARTESIAN_POINT('',(0.0370341135007915,-0.0195626391988823,0.0994395833333334));
#7060=CARTESIAN_POINT('',(0.0359724845493,-0.0190675934886828,0.09938125));
#7061=CARTESIAN_POINT('',(0.0349108555978086,-0.0185725477784833,0.0993229166666667));
#7062=CARTESIAN_POINT('',(0.0348087632831302,-0.0174056272819988,0.0992645833333333));
#7063=CARTESIAN_POINT('',(0.0347066709684517,-0.0162387067855145,0.09920625));
#7064=CARTESIAN_POINT('',(0.0356662076052647,-0.0155668319992296,0.0991479166666667));
#7065=CARTESIAN_POINT('',(0.0366257442420778,-0.0148949572129447,0.0990895833333333));
#7066=CARTESIAN_POINT('',(0.0376873731935692,-0.0153900029231443,0.09903125));
#7067=CARTESIAN_POINT('',(0.0387490021450607,-0.0158850486333437,0.0989729166666666));
#7068=CARTESIAN_POINT('',(0.0388510944597391,-0.0170519691298281,0.0989145833333333));
#7069=CARTESIAN_POINT('',(0.0389531867744175,-0.0182188896263125,0.09885625));
#7070=CARTESIAN_POINT('',(0.0379936501376045,-0.0188907644125975,0.0987979166666667));
#7071=CARTESIAN_POINT('',(0.0370341135007915,-0.0195626391988823,0.0987395833333333));
#7072=CARTESIAN_POINT('',(0.0359724845493,-0.0190675934886828,0.09868125));
#7073=CARTESIAN_POINT('',(0.0349108555978086,-0.0185725477784833,0.0986229166666667));
#7074=CARTESIAN_POINT('',(0.0348087632831302,-0.0174056272819988,0.0985645833333333));
#7075=CARTESIAN_POINT('',(0.0347066709684517,-0.0162387067855145,0.09850625));
#7076=CARTESIAN_POINT('',(0.0356662076052647,-0.0155668319992296,0.0984479166666667));
#7077=CARTESIAN_POINT('',(0.0366257442420778,-0.0148949572129447,0.0983895833333333));
#7078=CARTESIAN_POINT('',(0.0376873731935692,-0.0153900029231443,0.09833125));
#7079=CARTESIAN_POINT('',(0.0387490021450607,-0.0158850486333437,0.0982729166666667));
#7080=CARTESIAN_POINT('',(0.0388510944597391,-0.0170519691298281,0.0982145833333333));
#7081=CARTESIAN_POINT('',(0.0389531867744175,-0.0182188896263125,0.09815625));
#7082=CARTESIAN_POINT('',(0.0379936501376045,-0.0188907644125975,0.0980979166666667));
#7083=CARTESIAN_POINT('',(0.0370341135007915,-0.0195626391988823,0.0980395833333333));
#7084=CARTESIAN_POINT('',(0.0359724845493,-0.0190675934886828,0.09798125));
#7085=CARTESIAN_POINT('',(0.0349108555978086,-0.0185725477784833,0.0979229166666667));
#7086=CARTESIAN_POINT('',(0.0348087632831302,-0.0174056272819988,0.0978645833333333));
#7087=CARTESIAN_POINT('',(0.0347066709684517,-0.0162387067855145,0.09780625));
#7088=CARTESIAN_POINT('',(0.0356662076052647,-0.0155668319992296,0.0977479166666667));
#7089=CARTESIAN_POINT('',(0.035861352530264,-0.0154301900517018,0.0977360531759759));
#7090=CARTESIAN_POINT('',(0.0360828417923259,-0.0153424685015076,0.0977229257506361));
#7091=CARTESIAN_POINT('',(0.0382845919819586,-0.0164500458480482,0.108277776694145));
#7092=CARTESIAN_POINT('',(0.0384441800626405,-0.0167481468958366,0.108254038488922));
#7093=CARTESIAN_POINT('',(0.038473650123286,-0.0170849912303798,0.108233333333333));
#7094=CARTESIAN_POINT('',(0.0385566771193217,-0.018033994137609,0.108175));
#7095=CARTESIAN_POINT('',(0.0377763299914139,-0.0185803990789903,0.108116666666667));
#7096=CARTESIAN_POINT('',(0.036995982863506,-0.0191268040203717,0.108058333333333));
#7097=CARTESIAN_POINT('',(0.0361326087395625,-0.018724206054524,0.108));
#7098=CARTESIAN_POINT('',(0.0352692346156189,-0.0183216080886763,0.107941666666667));
#7099=CARTESIAN_POINT('',(0.0351862076195832,-0.0173726051814472,0.107883333333333));
#7100=CARTESIAN_POINT('',(0.0351031806235475,-0.016423602274218,0.107825));
#7101=CARTESIAN_POINT('',(0.0358835277514554,-0.0158771973328366,0.107766666666667));
#7102=CARTESIAN_POINT('',(0.0366638748793632,-0.0153307923914553,0.107708333333333));
#7103=CARTESIAN_POINT('',(0.0375272490033068,-0.0157333903573031,0.10765));
#7104=CARTESIAN_POINT('',(0.0383906231272503,-0.0161359883231507,0.107591666666667));
#7105=CARTESIAN_POINT('',(0.038473650123286,-0.0170849912303798,0.107533333333333));
#7106=CARTESIAN_POINT('',(0.0385566771193217,-0.018033994137609,0.107475));
#7107=CARTESIAN_POINT('',(0.0377763299914139,-0.0185803990789903,0.107416666666667));
#7108=CARTESIAN_POINT('',(0.036995982863506,-0.0191268040203717,0.107358333333333));
#7109=CARTESIAN_POINT('',(0.0361326087395625,-0.018724206054524,0.1073));
#7110=CARTESIAN_POINT('',(0.0352692346156189,-0.0183216080886763,0.107241666666667));
#7111=CARTESIAN_POINT('',(0.0351862076195832,-0.0173726051814472,0.107183333333333));
#7112=CARTESIAN_POINT('',(0.0351031806235475,-0.016423602274218,0.107125));
#7113=CARTESIAN_POINT('',(0.0358835277514554,-0.0158771973328366,0.107066666666667));
#7114=CARTESIAN_POINT('',(0.0366638748793632,-0.0153307923914553,0.107008333333333));
#7115=CARTESIAN_POINT('',(0.0375272490033068,-0.0157333903573031,0.10695));
#7116=CARTESIAN_POINT('',(0.0383906231272503,-0.0161359883231507,0.106891666666667));
#7117=CARTESIAN_POINT('',(0.038473650123286,-0.0170849912303798,0.106833333333333));
#7118=CARTESIAN_POINT('',(0.0385566771193217,-0.018033994137609,0.106775));
#7119=CARTESIAN_POINT('',(0.0377763299914139,-0.0185803990789903,0.106716666666667));
#7120=CARTESIAN_POINT('',(0.036995982863506,-0.0191268040203717,0.106658333333333));
#7121=CARTESIAN_POINT('',(0.0361326087395625,-0.018724206054524,0.1066));
#7122=CARTESIAN_POINT('',(0.0352692346156189,-0.0183216080886763,0.106541666666667));
#7123=CARTESIAN_POINT('',(0.0351862076195832,-0.0173726051814472,0.106483333333333));
#7124=CARTESIAN_POINT('',(0.0351031806235475,-0.016423602274218,0.106425));
#7125=CARTESIAN_POINT('',(0.0358835277514554,-0.0158771973328366,0.106366666666667));
#7126=CARTESIAN_POINT('',(0.0366638748793632,-0.0153307923914553,0.106308333333333));
#7127=CARTESIAN_POINT('',(0.0375272490033068,-0.0157333903573031,0.10625));
#7128=CARTESIAN_POINT('',(0.0383906231272503,-0.0161359883231507,0.106191666666667));
#7129=CARTESIAN_POINT('',(0.038473650123286,-0.0170849912303798,0.106133333333333));
#7130=CARTESIAN_POINT('',(0.0385566771193217,-0.018033994137609,0.106075));
#7131=CARTESIAN_POINT('',(0.0377763299914139,-0.0185803990789903,0.106016666666667));
#7132=CARTESIAN_POINT('',(0.036995982863506,-0.0191268040203717,0.105958333333333));
#7133=CARTESIAN_POINT('',(0.0361326087395625,-0.018724206054524,0.1059));
#7134=CARTESIAN_POINT('',(0.0352692346156189,-0.0183216080886763,0.105841666666667));
#7135=CARTESIAN_POINT('',(0.0351862076195832,-0.0173726051814472,0.105783333333333));
#7136=CARTESIAN_POINT('',(0.0351031806235475,-0.016423602274218,0.105725));
#7137=CARTESIAN_POINT('',(0.0358835277514554,-0.0158771973328366,0.105666666666667));
#7138=CARTESIAN_POINT('',(0.0366638748793632,-0.0153307923914553,0.105608333333333));
#7139=CARTESIAN_POINT('',(0.0375272490033068,-0.0157333903573031,0.10555));
#7140=CARTESIAN_POINT('',(0.0383906231272503,-0.0161359883231507,0.105491666666667));
#7141=CARTESIAN_POINT('',(0.038473650123286,-0.0170849912303798,0.105433333333333));
#7142=CARTESIAN_POINT('',(0.0385566771193217,-0.018033994137609,0.105375));
#7143=CARTESIAN_POINT('',(0.0377763299914139,-0.0185803990789903,0.105316666666667));
#7144=CARTESIAN_POINT('',(0.036995982863506,-0.0191268040203717,0.105258333333333));
#7145=CARTESIAN_POINT('',(0.0361326087395625,-0.018724206054524,0.1052));
#7146=CARTESIAN_POINT('',(0.0352692346156189,-0.0183216080886763,0.105141666666667));
#7147=CARTESIAN_POINT('',(0.0351862076195832,-0.0173726051814472,0.105083333333333));
#7148=CARTESIAN_POINT('',(0.0351031806235475,-0.016423602274218,0.105025));
#7149=CARTESIAN_POINT('',(0.0358835277514554,-0.0158771973328366,0.104966666666667));
#7150=CARTESIAN_POINT('',(0.0366638748793632,-0.0153307923914553,0.104908333333333));
#7151=CARTESIAN_POINT('',(0.0375272490033068,-0.0157333903573031,0.10485));
#7152=CARTESIAN_POINT('',(0.0383906231272503,-0.0161359883231507,0.104791666666667));
#7153=CARTESIAN_POINT('',(0.038473650123286,-0.0170849912303798,0.104733333333333));
#7154=CARTESIAN_POINT('',(0.0385566771193217,-0.018033994137609,0.104675));
#7155=CARTESIAN_POINT('',(0.0377763299914139,-0.0185803990789903,0.104616666666667));
#7156=CARTESIAN_POINT('',(0.036995982863506,-0.0191268040203717,0.104558333333333));
#7157=CARTESIAN_POINT('',(0.0361326087395625,-0.018724206054524,0.1045));
#7158=CARTESIAN_POINT('',(0.0352692346156189,-0.0183216080886763,0.104441666666667));
#7159=CARTESIAN_POINT('',(0.0351862076195832,-0.0173726051814472,0.104383333333333));
#7160=CARTESIAN_POINT('',(0.0351031806235475,-0.016423602274218,0.104325));
#7161=CARTESIAN_POINT('',(0.0358835277514554,-0.0158771973328366,0.104266666666667));
#7162=CARTESIAN_POINT('',(0.0366638748793632,-0.0153307923914553,0.104208333333333));
#7163=CARTESIAN_POINT('',(0.0375272490033068,-0.0157333903573031,0.10415));
#7164=CARTESIAN_POINT('',(0.0383906231272503,-0.0161359883231507,0.104091666666667));
#7165=CARTESIAN_POINT('',(0.038473650123286,-0.0170849912303798,0.104033333333333));
#7166=CARTESIAN_POINT('',(0.0385566771193217,-0.018033994137609,0.103975));
#7167=CARTESIAN_POINT('',(0.0377763299914139,-0.0185803990789903,0.103916666666667));
#7168=CARTESIAN_POINT('',(0.036995982863506,-0.0191268040203717,0.103858333333333));
#7169=CARTESIAN_POINT('',(0.0361326087395625,-0.018724206054524,0.1038));
#7170=CARTESIAN_POINT('',(0.0352692346156189,-0.0183216080886763,0.103741666666667));
#7171=CARTESIAN_POINT('',(0.0351862076195832,-0.0173726051814472,0.103683333333333));
#7172=CARTESIAN_POINT('',(0.0351031806235475,-0.016423602274218,0.103625));
#7173=CARTESIAN_POINT('',(0.0358835277514554,-0.0158771973328366,0.103566666666667));
#7174=CARTESIAN_POINT('',(0.0366638748793632,-0.0153307923914553,0.103508333333333));
#7175=CARTESIAN_POINT('',(0.0375272490033068,-0.0157333903573031,0.10345));
#7176=CARTESIAN_POINT('',(0.0383906231272503,-0.0161359883231507,0.103391666666667));
#7177=CARTESIAN_POINT('',(0.038473650123286,-0.0170849912303798,0.103333333333333));
#7178=CARTESIAN_POINT('',(0.0385566771193217,-0.018033994137609,0.103275));
#7179=CARTESIAN_POINT('',(0.0377763299914139,-0.0185803990789903,0.103216666666667));
#7180=CARTESIAN_POINT('',(0.036995982863506,-0.0191268040203717,0.103158333333333));
#7181=CARTESIAN_POINT('',(0.0361326087395625,-0.018724206054524,0.1031));
#7182=CARTESIAN_POINT('',(0.0352692346156189,-0.0183216080886763,0.103041666666667));
#7183=CARTESIAN_POINT('',(0.0351862076195832,-0.0173726051814472,0.102983333333333));
#7184=CARTESIAN_POINT('',(0.0351031806235475,-0.016423602274218,0.102925));
#7185=CARTESIAN_POINT('',(0.0358835277514554,-0.0158771973328366,0.102866666666667));
#7186=CARTESIAN_POINT('',(0.0366638748793632,-0.0153307923914553,0.102808333333333));
#7187=CARTESIAN_POINT('',(0.0375272490033068,-0.0157333903573031,0.10275));
#7188=CARTESIAN_POINT('',(0.0383906231272503,-0.0161359883231507,0.102691666666667));
#7189=CARTESIAN_POINT('',(0.038473650123286,-0.0170849912303798,0.102633333333333));
#7190=CARTESIAN_POINT('',(0.0385566771193217,-0.018033994137609,0.102575));
#7191=CARTESIAN_POINT('',(0.0377763299914139,-0.0185803990789903,0.102516666666667));
#7192=CARTESIAN_POINT('',(0.036995982863506,-0.0191268040203717,0.102458333333333));
#7193=CARTESIAN_POINT('',(0.0361326087395625,-0.018724206054524,0.1024));
#7194=CARTESIAN_POINT('',(0.0352692346156189,-0.0183216080886763,0.102341666666667));
#7195=CARTESIAN_POINT('',(0.0351862076195832,-0.0173726051814472,0.102283333333333));
#7196=CARTESIAN_POINT('',(0.0351031806235475,-0.016423602274218,0.102225));
#7197=CARTESIAN_POINT('',(0.0358835277514554,-0.0158771973328366,0.102166666666667));
#7198=CARTESIAN_POINT('',(0.0366638748793632,-0.0153307923914553,0.102108333333333));
#7199=CARTESIAN_POINT('',(0.0375272490033068,-0.0157333903573031,0.10205));
#7200=CARTESIAN_POINT('',(0.0383906231272503,-0.0161359883231507,0.101991666666667));
#7201=CARTESIAN_POINT('',(0.038473650123286,-0.0170849912303798,0.101933333333333));
#7202=CARTESIAN_POINT('',(0.0385566771193217,-0.018033994137609,0.101875));
#7203=CARTESIAN_POINT('',(0.0377763299914139,-0.0185803990789903,0.101816666666667));
#7204=CARTESIAN_POINT('',(0.036995982863506,-0.0191268040203717,0.101758333333333));
#7205=CARTESIAN_POINT('',(0.0361326087395625,-0.018724206054524,0.1017));
#7206=CARTESIAN_POINT('',(0.0352692346156189,-0.0183216080886763,0.101641666666667));
#7207=CARTESIAN_POINT('',(0.0351862076195832,-0.0173726051814472,0.101583333333333));
#7208=CARTESIAN_POINT('',(0.0351031806235475,-0.016423602274218,0.101525));
#7209=CARTESIAN_POINT('',(0.0358835277514554,-0.0158771973328366,0.101466666666667));
#7210=CARTESIAN_POINT('',(0.0366638748793632,-0.0153307923914553,0.101408333333333));
#7211=CARTESIAN_POINT('',(0.0375272490033068,-0.0157333903573031,0.10135));
#7212=CARTESIAN_POINT('',(0.0383906231272503,-0.0161359883231507,0.101291666666667));
#7213=CARTESIAN_POINT('',(0.038473650123286,-0.0170849912303798,0.101233333333333));
#7214=CARTESIAN_POINT('',(0.0385566771193217,-0.018033994137609,0.101175));
#7215=CARTESIAN_POINT('',(0.0377763299914139,-0.0185803990789903,0.101116666666667));
#7216=CARTESIAN_POINT('',(0.036995982863506,-0.0191268040203717,0.101058333333333));
#7217=CARTESIAN_POINT('',(0.0361326087395625,-0.018724206054524,0.101));
#7218=CARTESIAN_POINT('',(0.0352692346156189,-0.0183216080886763,0.100941666666667));
#7219=CARTESIAN_POINT('',(0.0351862076195832,-0.0173726051814472,0.100883333333333));
#7220=CARTESIAN_POINT('',(0.0351031806235475,-0.016423602274218,0.100825));
#7221=CARTESIAN_POINT('',(0.0358835277514554,-0.0158771973328366,0.100766666666667));
#7222=CARTESIAN_POINT('',(0.0366638748793632,-0.0153307923914553,0.100708333333333));
#7223=CARTESIAN_POINT('',(0.0375272490033068,-0.0157333903573031,0.10065));
#7224=CARTESIAN_POINT('',(0.0383906231272503,-0.0161359883231507,0.100591666666667));
#7225=CARTESIAN_POINT('',(0.038473650123286,-0.0170849912303798,0.100533333333333));
#7226=CARTESIAN_POINT('',(0.0385566771193217,-0.018033994137609,0.100475));
#7227=CARTESIAN_POINT('',(0.0377763299914139,-0.0185803990789903,0.100416666666667));
#7228=CARTESIAN_POINT('',(0.036995982863506,-0.0191268040203717,0.100358333333333));
#7229=CARTESIAN_POINT('',(0.0361326087395625,-0.018724206054524,0.1003));
#7230=CARTESIAN_POINT('',(0.0352692346156189,-0.0183216080886763,0.100241666666667));
#7231=CARTESIAN_POINT('',(0.0351862076195832,-0.0173726051814472,0.100183333333333));
#7232=CARTESIAN_POINT('',(0.0351031806235475,-0.016423602274218,0.100125));
#7233=CARTESIAN_POINT('',(0.0358835277514554,-0.0158771973328366,0.100066666666667));
#7234=CARTESIAN_POINT('',(0.0366638748793632,-0.0153307923914553,0.100008333333333));
#7235=CARTESIAN_POINT('',(0.0375272490033068,-0.0157333903573031,0.09995));
#7236=CARTESIAN_POINT('',(0.0383906231272503,-0.0161359883231507,0.0998916666666667));
#7237=CARTESIAN_POINT('',(0.038473650123286,-0.0170849912303798,0.0998333333333333));
#7238=CARTESIAN_POINT('',(0.0385566771193217,-0.018033994137609,0.099775));
#7239=CARTESIAN_POINT('',(0.0377763299914139,-0.0185803990789903,0.0997166666666667));
#7240=CARTESIAN_POINT('',(0.036995982863506,-0.0191268040203717,0.0996583333333333));
#7241=CARTESIAN_POINT('',(0.0361326087395625,-0.018724206054524,0.0996));
#7242=CARTESIAN_POINT('',(0.0352692346156189,-0.0183216080886763,0.0995416666666666));
#7243=CARTESIAN_POINT('',(0.0351862076195832,-0.0173726051814472,0.0994833333333333));
#7244=CARTESIAN_POINT('',(0.0351031806235475,-0.016423602274218,0.099425));
#7245=CARTESIAN_POINT('',(0.0358835277514554,-0.0158771973328366,0.0993666666666667));
#7246=CARTESIAN_POINT('',(0.0366638748793632,-0.0153307923914553,0.0993083333333334));
#7247=CARTESIAN_POINT('',(0.0375272490033068,-0.0157333903573031,0.09925));
#7248=CARTESIAN_POINT('',(0.0383906231272503,-0.0161359883231507,0.0991916666666667));
#7249=CARTESIAN_POINT('',(0.038473650123286,-0.0170849912303798,0.0991333333333334));
#7250=CARTESIAN_POINT('',(0.0385566771193217,-0.018033994137609,0.099075));
#7251=CARTESIAN_POINT('',(0.0377763299914139,-0.0185803990789903,0.0990166666666667));
#7252=CARTESIAN_POINT('',(0.036995982863506,-0.0191268040203717,0.0989583333333333));
#7253=CARTESIAN_POINT('',(0.0361326087395625,-0.018724206054524,0.0989));
#7254=CARTESIAN_POINT('',(0.0352692346156189,-0.0183216080886763,0.0988416666666666));
#7255=CARTESIAN_POINT('',(0.0351862076195832,-0.0173726051814472,0.0987833333333333));
#7256=CARTESIAN_POINT('',(0.0351031806235475,-0.016423602274218,0.098725));
#7257=CARTESIAN_POINT('',(0.0358835277514554,-0.0158771973328366,0.0986666666666667));
#7258=CARTESIAN_POINT('',(0.0366638748793632,-0.0153307923914553,0.0986083333333333));
#7259=CARTESIAN_POINT('',(0.0375272490033068,-0.0157333903573031,0.09855));
#7260=CARTESIAN_POINT('',(0.0383906231272503,-0.0161359883231507,0.0984916666666666));
#7261=CARTESIAN_POINT('',(0.038473650123286,-0.0170849912303798,0.0984333333333333));
#7262=CARTESIAN_POINT('',(0.0385566771193217,-0.018033994137609,0.098375));
#7263=CARTESIAN_POINT('',(0.0377763299914139,-0.0185803990789903,0.0983166666666667));
#7264=CARTESIAN_POINT('',(0.036995982863506,-0.0191268040203717,0.0982583333333333));
#7265=CARTESIAN_POINT('',(0.0361326087395625,-0.018724206054524,0.0982));
#7266=CARTESIAN_POINT('',(0.0352692346156189,-0.0183216080886763,0.0981416666666667));
#7267=CARTESIAN_POINT('',(0.0351862076195832,-0.0173726051814472,0.0980833333333333));
#7268=CARTESIAN_POINT('',(0.0351031806235475,-0.016423602274218,0.098025));
#7269=CARTESIAN_POINT('',(0.0358835277514554,-0.0158771973328366,0.0979666666666667));
#7270=CARTESIAN_POINT('',(0.0360422301666698,-0.0157660727053714,0.0979548031759759));
#7271=CARTESIAN_POINT('',(0.0362223572226689,-0.0156947327928309,0.0979416757506361));
#7272=CARTESIAN_POINT('',(0.0361326087395625,-0.018724206054524,0.1094));
#7273=CARTESIAN_POINT('',(0.0352692346156189,-0.0183216080886763,0.109341666666667));
#7274=CARTESIAN_POINT('',(0.0351862076195832,-0.0173726051814472,0.109283333333333));
#7275=CARTESIAN_POINT('',(0.0351031806235475,-0.016423602274218,0.109225));
#7276=CARTESIAN_POINT('',(0.0358835277514554,-0.0158771973328366,0.109166666666667));
#7277=CARTESIAN_POINT('',(0.0366638748793632,-0.0153307923914553,0.109108333333333));
#7278=CARTESIAN_POINT('',(0.0375272490033068,-0.0157333903573031,0.10905));
#7279=CARTESIAN_POINT('',(0.0383906231272503,-0.0161359883231507,0.108991666666667));
#7280=CARTESIAN_POINT('',(0.038473650123286,-0.0170849912303798,0.108933333333333));
#7281=CARTESIAN_POINT('',(0.0385566771193217,-0.018033994137609,0.108875));
#7282=CARTESIAN_POINT('',(0.0377763299914139,-0.0185803990789903,0.108816666666667));
#7283=CARTESIAN_POINT('',(0.036995982863506,-0.0191268040203717,0.108758333333333));
#7284=CARTESIAN_POINT('',(0.0361326087395625,-0.018724206054524,0.1087));
#7285=CARTESIAN_POINT('',(0.0352692346156189,-0.0183216080886763,0.108641666666667));
#7286=CARTESIAN_POINT('',(0.0351862076195832,-0.0173726051814472,0.108583333333333));
#7287=CARTESIAN_POINT('',(0.0351031806235475,-0.016423602274218,0.108525));
#7288=CARTESIAN_POINT('',(0.0358835277514554,-0.0158771973328366,0.108466666666667));
#7289=CARTESIAN_POINT('',(0.0366638748793632,-0.0153307923914553,0.108408333333333));
#7290=CARTESIAN_POINT('',(0.0375272490033068,-0.0157333903573031,0.10835));
#7291=CARTESIAN_POINT('',(0.0383906231272503,-0.0161359883231507,0.108291666666667));
#7292=CARTESIAN_POINT('',(0.038473650123286,-0.0170849912303798,0.108233333333333));
#7293=CARTESIAN_POINT('',(0.0385566771193217,-0.018033994137609,0.108175));
#7294=CARTESIAN_POINT('',(0.0377763299914139,-0.0185803990789903,0.108116666666667));
#7295=CARTESIAN_POINT('',(0.036995982863506,-0.0191268040203717,0.108058333333333));
#7296=CARTESIAN_POINT('',(0.0361326087395625,-0.018724206054524,0.108));
#7297=CARTESIAN_POINT('',(0.0352692346156189,-0.0183216080886763,0.107941666666667));
#7298=CARTESIAN_POINT('',(0.0351862076195832,-0.0173726051814472,0.107883333333333));
#7299=CARTESIAN_POINT('',(0.0351031806235475,-0.016423602274218,0.107825));
#7300=CARTESIAN_POINT('',(0.0358835277514554,-0.0158771973328366,0.107766666666667));
#7301=CARTESIAN_POINT('',(0.0366638748793632,-0.0153307923914553,0.107708333333333));
#7302=CARTESIAN_POINT('',(0.0375272490033068,-0.0157333903573031,0.10765));
#7303=CARTESIAN_POINT('',(0.0383906231272503,-0.0161359883231507,0.107591666666667));
#7304=CARTESIAN_POINT('',(0.038473650123286,-0.0170849912303798,0.107533333333333));
#7305=CARTESIAN_POINT('',(0.0385566771193217,-0.018033994137609,0.107475));
#7306=CARTESIAN_POINT('',(0.0377763299914139,-0.0185803990789903,0.107416666666667));
#7307=CARTESIAN_POINT('',(0.036995982863506,-0.0191268040203717,0.107358333333333));
#7308=CARTESIAN_POINT('',(0.0361326087395625,-0.018724206054524,0.1073));
#7309=CARTESIAN_POINT('',(0.0352692346156189,-0.0183216080886763,0.107241666666667));
#7310=CARTESIAN_POINT('',(0.0351862076195832,-0.0173726051814472,0.107183333333333));
#7311=CARTESIAN_POINT('',(0.0351031806235475,-0.016423602274218,0.107125));
#7312=CARTESIAN_POINT('',(0.0358835277514554,-0.0158771973328366,0.107066666666667));
#7313=CARTESIAN_POINT('',(0.0366638748793632,-0.0153307923914553,0.107008333333333));
#7314=CARTESIAN_POINT('',(0.0375272490033068,-0.0157333903573031,0.10695));
#7315=CARTESIAN_POINT('',(0.0383906231272503,-0.0161359883231507,0.106891666666667));
#7316=CARTESIAN_POINT('',(0.038473650123286,-0.0170849912303798,0.106833333333333));
#7317=CARTESIAN_POINT('',(0.0385566771193217,-0.018033994137609,0.106775));
#7318=CARTESIAN_POINT('',(0.0377763299914139,-0.0185803990789903,0.106716666666667));
#7319=CARTESIAN_POINT('',(0.036995982863506,-0.0191268040203717,0.106658333333333));
#7320=CARTESIAN_POINT('',(0.0361326087395625,-0.018724206054524,0.1066));
#7321=CARTESIAN_POINT('',(0.0352692346156189,-0.0183216080886763,0.106541666666667));
#7322=CARTESIAN_POINT('',(0.0351862076195832,-0.0173726051814472,0.106483333333333));
#7323=CARTESIAN_POINT('',(0.0351031806235475,-0.016423602274218,0.106425));
#7324=CARTESIAN_POINT('',(0.0358835277514554,-0.0158771973328366,0.106366666666667));
#7325=CARTESIAN_POINT('',(0.0366638748793632,-0.0153307923914553,0.106308333333333));
#7326=CARTESIAN_POINT('',(0.0375272490033068,-0.0157333903573031,0.10625));
#7327=CARTESIAN_POINT('',(0.0383906231272503,-0.0161359883231507,0.106191666666667));
#7328=CARTESIAN_POINT('',(0.038473650123286,-0.0170849912303798,0.106133333333333));
#7329=CARTESIAN_POINT('',(0.0385566771193217,-0.018033994137609,0.106075));
#7330=CARTESIAN_POINT('',(0.0377763299914139,-0.0185803990789903,0.106016666666667));
#7331=CARTESIAN_POINT('',(0.036995982863506,-0.0191268040203717,0.105958333333333));
#7332=CARTESIAN_POINT('',(0.0361326087395625,-0.018724206054524,0.1059));
#7333=CARTESIAN_POINT('',(0.0352692346156189,-0.0183216080886763,0.105841666666667));
#7334=CARTESIAN_POINT('',(0.0351862076195832,-0.0173726051814472,0.105783333333333));
#7335=CARTESIAN_POINT('',(0.0351031806235475,-0.016423602274218,0.105725));
#7336=CARTESIAN_POINT('',(0.0358835277514554,-0.0158771973328366,0.105666666666667));
#7337=CARTESIAN_POINT('',(0.0366638748793632,-0.0153307923914553,0.105608333333333));
#7338=CARTESIAN_POINT('',(0.0375272490033068,-0.0157333903573031,0.10555));
#7339=CARTESIAN_POINT('',(0.0383906231272503,-0.0161359883231507,0.105491666666667));
#7340=CARTESIAN_POINT('',(0.038473650123286,-0.0170849912303798,0.105433333333333));
#7341=CARTESIAN_POINT('',(0.0385566771193217,-0.018033994137609,0.105375));
#7342=CARTESIAN_POINT('',(0.0377763299914139,-0.0185803990789903,0.105316666666667));
#7343=CARTESIAN_POINT('',(0.036995982863506,-0.0191268040203717,0.105258333333333));
#7344=CARTESIAN_POINT('',(0.0361326087395625,-0.018724206054524,0.1052));
#7345=CARTESIAN_POINT('',(0.0352692346156189,-0.0183216080886763,0.105141666666667));
#7346=CARTESIAN_POINT('',(0.0351862076195832,-0.0173726051814472,0.105083333333333));
#7347=CARTESIAN_POINT('',(0.0351031806235475,-0.016423602274218,0.105025));
#7348=CARTESIAN_POINT('',(0.0358835277514554,-0.0158771973328366,0.104966666666667));
#7349=CARTESIAN_POINT('',(0.0366638748793632,-0.0153307923914553,0.104908333333333));
#7350=CARTESIAN_POINT('',(0.0375272490033068,-0.0157333903573031,0.10485));
#7351=CARTESIAN_POINT('',(0.0383906231272503,-0.0161359883231507,0.104791666666667));
#7352=CARTESIAN_POINT('',(0.038473650123286,-0.0170849912303798,0.104733333333333));
#7353=CARTESIAN_POINT('',(0.0385566771193217,-0.018033994137609,0.104675));
#7354=CARTESIAN_POINT('',(0.0377763299914139,-0.0185803990789903,0.104616666666667));
#7355=CARTESIAN_POINT('',(0.036995982863506,-0.0191268040203717,0.104558333333333));
#7356=CARTESIAN_POINT('',(0.0361326087395625,-0.018724206054524,0.1045));
#7357=CARTESIAN_POINT('',(0.0352692346156189,-0.0183216080886763,0.104441666666667));
#7358=CARTESIAN_POINT('',(0.0351862076195832,-0.0173726051814472,0.104383333333333));
#7359=CARTESIAN_POINT('',(0.0351031806235475,-0.016423602274218,0.104325));
#7360=CARTESIAN_POINT('',(0.0358835277514554,-0.0158771973328366,0.104266666666667));
#7361=CARTESIAN_POINT('',(0.0366638748793632,-0.0153307923914553,0.104208333333333));
#7362=CARTESIAN_POINT('',(0.0375272490033068,-0.0157333903573031,0.10415));
#7363=CARTESIAN_POINT('',(0.0383906231272503,-0.0161359883231507,0.104091666666667));
#7364=CARTESIAN_POINT('',(0.038473650123286,-0.0170849912303798,0.104033333333333));
#7365=CARTESIAN_POINT('',(0.0385566771193217,-0.018033994137609,0.103975));
#7366=CARTESIAN_POINT('',(0.0377763299914139,-0.0185803990789903,0.103916666666667));
#7367=CARTESIAN_POINT('',(0.036995982863506,-0.0191268040203717,0.103858333333333));
#7368=CARTESIAN_POINT('',(0.0361326087395625,-0.018724206054524,0.1038));
#7369=CARTESIAN_POINT('',(0.0352692346156189,-0.0183216080886763,0.103741666666667));
#7370=CARTESIAN_POINT('',(0.0351862076195832,-0.0173726051814472,0.103683333333333));
#7371=CARTESIAN_POINT('',(0.0351031806235475,-0.016423602274218,0.103625));
#7372=CARTESIAN_POINT('',(0.0358835277514554,-0.0158771973328366,0.103566666666667));
#7373=CARTESIAN_POINT('',(0.0366638748793632,-0.0153307923914553,0.103508333333333));
#7374=CARTESIAN_POINT('',(0.0375272490033068,-0.0157333903573031,0.10345));
#7375=CARTESIAN_POINT('',(0.0383906231272503,-0.0161359883231507,0.103391666666667));
#7376=CARTESIAN_POINT('',(0.038473650123286,-0.0170849912303798,0.103333333333333));
#7377=CARTESIAN_POINT('',(0.0385566771193217,-0.018033994137609,0.103275));
#7378=CARTESIAN_POINT('',(0.0377763299914139,-0.0185803990789903,0.103216666666667));
#7379=CARTESIAN_POINT('',(0.036995982863506,-0.0191268040203717,0.103158333333333));
#7380=CARTESIAN_POINT('',(0.0361326087395625,-0.018724206054524,0.1031));
#7381=CARTESIAN_POINT('',(0.0352692346156189,-0.0183216080886763,0.103041666666667));
#7382=CARTESIAN_POINT('',(0.0351862076195832,-0.0173726051814472,0.102983333333333));
#7383=CARTESIAN_POINT('',(0.0351031806235475,-0.016423602274218,0.102925));
#7384=CARTESIAN_POINT('',(0.0358835277514554,-0.0158771973328366,0.102866666666667));
#7385=CARTESIAN_POINT('',(0.0366638748793632,-0.0153307923914553,0.102808333333333));
#7386=CARTESIAN_POINT('',(0.0375272490033068,-0.0157333903573031,0.10275));
#7387=CARTESIAN_POINT('',(0.0383906231272503,-0.0161359883231507,0.102691666666667));
#7388=CARTESIAN_POINT('',(0.038473650123286,-0.0170849912303798,0.102633333333333));
#7389=CARTESIAN_POINT('',(0.0385566771193217,-0.018033994137609,0.102575));
#7390=CARTESIAN_POINT('',(0.0377763299914139,-0.0185803990789903,0.102516666666667));
#7391=CARTESIAN_POINT('',(0.036995982863506,-0.0191268040203717,0.102458333333333));
#7392=CARTESIAN_POINT('',(0.0361326087395625,-0.018724206054524,0.1024));
#7393=CARTESIAN_POINT('',(0.0352692346156189,-0.0183216080886763,0.102341666666667));
#7394=CARTESIAN_POINT('',(0.0351862076195832,-0.0173726051814472,0.102283333333333));
#7395=CARTESIAN_POINT('',(0.0351031806235475,-0.016423602274218,0.102225));
#7396=CARTESIAN_POINT('',(0.0358835277514554,-0.0158771973328366,0.102166666666667));
#7397=CARTESIAN_POINT('',(0.0366638748793632,-0.0153307923914553,0.102108333333333));
#7398=CARTESIAN_POINT('',(0.0375272490033067,-0.015733390357303,0.10205));
#7399=CARTESIAN_POINT('',(0.0383906231272503,-0.0161359883231507,0.101991666666667));
#7400=CARTESIAN_POINT('',(0.038473650123286,-0.0170849912303798,0.101933333333333));
#7401=CARTESIAN_POINT('',(0.0385566771193217,-0.018033994137609,0.101875));
#7402=CARTESIAN_POINT('',(0.0377763299914139,-0.0185803990789903,0.101816666666667));
#7403=CARTESIAN_POINT('',(0.036995982863506,-0.0191268040203717,0.101758333333333));
#7404=CARTESIAN_POINT('',(0.0361326087395625,-0.018724206054524,0.1017));
#7405=CARTESIAN_POINT('',(0.0352692346156189,-0.0183216080886763,0.101641666666667));
#7406=CARTESIAN_POINT('',(0.0351862076195832,-0.0173726051814472,0.101583333333333));
#7407=CARTESIAN_POINT('',(0.0351031806235475,-0.016423602274218,0.101525));
#7408=CARTESIAN_POINT('',(0.0358835277514554,-0.0158771973328367,0.101466666666667));
#7409=CARTESIAN_POINT('',(0.0366638748793632,-0.0153307923914553,0.101408333333333));
#7410=CARTESIAN_POINT('',(0.0375272490033068,-0.0157333903573031,0.10135));
#7411=CARTESIAN_POINT('',(0.0383906231272503,-0.0161359883231507,0.101291666666667));
#7412=CARTESIAN_POINT('',(0.038473650123286,-0.0170849912303798,0.101233333333333));
#7413=CARTESIAN_POINT('',(0.0385566771193217,-0.018033994137609,0.101175));
#7414=CARTESIAN_POINT('',(0.0377763299914139,-0.0185803990789903,0.101116666666667));
#7415=CARTESIAN_POINT('',(0.036995982863506,-0.0191268040203717,0.101058333333333));
#7416=CARTESIAN_POINT('',(0.0361326087395625,-0.018724206054524,0.101));
#7417=CARTESIAN_POINT('',(0.0352692346156189,-0.0183216080886763,0.100941666666667));
#7418=CARTESIAN_POINT('',(0.0351862076195832,-0.0173726051814472,0.100883333333333));
#7419=CARTESIAN_POINT('',(0.0351031806235475,-0.016423602274218,0.100825));
#7420=CARTESIAN_POINT('',(0.0358835277514554,-0.0158771973328366,0.100766666666667));
#7421=CARTESIAN_POINT('',(0.0366638748793632,-0.0153307923914553,0.100708333333333));
#7422=CARTESIAN_POINT('',(0.0375272490033067,-0.015733390357303,0.10065));
#7423=CARTESIAN_POINT('',(0.0383906231272503,-0.0161359883231507,0.100591666666667));
#7424=CARTESIAN_POINT('',(0.038473650123286,-0.0170849912303798,0.100533333333333));
#7425=CARTESIAN_POINT('',(0.0385566771193217,-0.018033994137609,0.100475));
#7426=CARTESIAN_POINT('',(0.0377763299914139,-0.0185803990789903,0.100416666666667));
#7427=CARTESIAN_POINT('',(0.036995982863506,-0.0191268040203717,0.100358333333333));
#7428=CARTESIAN_POINT('',(0.0361326087395625,-0.018724206054524,0.1003));
#7429=CARTESIAN_POINT('',(0.0352692346156189,-0.0183216080886763,0.100241666666667));
#7430=CARTESIAN_POINT('',(0.0351862076195832,-0.0173726051814472,0.100183333333333));
#7431=CARTESIAN_POINT('',(0.0351031806235475,-0.0164236022742181,0.100125));
#7432=CARTESIAN_POINT('',(0.0358835277514554,-0.0158771973328367,0.100066666666667));
#7433=CARTESIAN_POINT('',(0.0366638748793632,-0.0153307923914553,0.100008333333333));
#7434=CARTESIAN_POINT('',(0.0375272490033068,-0.0157333903573031,0.09995));
#7435=CARTESIAN_POINT('',(0.0383906231272503,-0.0161359883231507,0.0998916666666667));
#7436=CARTESIAN_POINT('',(0.038473650123286,-0.0170849912303798,0.0998333333333333));
#7437=CARTESIAN_POINT('',(0.0385566771193217,-0.018033994137609,0.099775));
#7438=CARTESIAN_POINT('',(0.0377763299914139,-0.0185803990789903,0.0997166666666667));
#7439=CARTESIAN_POINT('',(0.036995982863506,-0.0191268040203717,0.0996583333333333));
#7440=CARTESIAN_POINT('',(0.0361326087395625,-0.018724206054524,0.0996));
#7441=CARTESIAN_POINT('',(0.0352692346156189,-0.0183216080886763,0.0995416666666666));
#7442=CARTESIAN_POINT('',(0.0351862076195832,-0.0173726051814472,0.0994833333333333));
#7443=CARTESIAN_POINT('',(0.0351031806235475,-0.016423602274218,0.099425));
#7444=CARTESIAN_POINT('',(0.0358835277514554,-0.0158771973328366,0.0993666666666667));
#7445=CARTESIAN_POINT('',(0.0366638748793632,-0.0153307923914553,0.0993083333333334));
#7446=CARTESIAN_POINT('',(0.0375272490033067,-0.015733390357303,0.09925));
#7447=CARTESIAN_POINT('',(0.0383906231272503,-0.0161359883231507,0.0991916666666667));
#7448=CARTESIAN_POINT('',(0.038473650123286,-0.0170849912303798,0.0991333333333334));
#7449=CARTESIAN_POINT('',(0.0385566771193217,-0.018033994137609,0.099075));
#7450=CARTESIAN_POINT('',(0.0377763299914139,-0.0185803990789903,0.0990166666666667));
#7451=CARTESIAN_POINT('',(0.036995982863506,-0.0191268040203717,0.0989583333333333));
#7452=CARTESIAN_POINT('',(0.0361326087395625,-0.018724206054524,0.0989));
#7453=CARTESIAN_POINT('',(0.0352692346156189,-0.0183216080886763,0.0988416666666666));
#7454=CARTESIAN_POINT('',(0.0351862076195832,-0.0173726051814472,0.0987833333333333));
#7455=CARTESIAN_POINT('',(0.0351031806235475,-0.0164236022742181,0.098725));
#7456=CARTESIAN_POINT('',(0.0358835277514554,-0.0158771973328367,0.0986666666666667));
#7457=CARTESIAN_POINT('',(0.0366638748793632,-0.0153307923914553,0.0986083333333333));
#7458=CARTESIAN_POINT('',(0.0375272490033068,-0.0157333903573031,0.09855));
#7459=CARTESIAN_POINT('',(0.0383906231272503,-0.0161359883231507,0.0984916666666666));
#7460=CARTESIAN_POINT('',(0.038473650123286,-0.0170849912303798,0.0984333333333333));
#7461=CARTESIAN_POINT('',(0.0385566771193217,-0.018033994137609,0.098375));
#7462=CARTESIAN_POINT('',(0.0377763299914139,-0.0185803990789903,0.0983166666666667));
#7463=CARTESIAN_POINT('',(0.036995982863506,-0.0191268040203717,0.0982583333333333));
#7464=CARTESIAN_POINT('',(0.0361326087395625,-0.018724206054524,0.0982));
#7465=CARTESIAN_POINT('',(0.0352692346156189,-0.0183216080886763,0.0981416666666667));
#7466=CARTESIAN_POINT('',(0.0351862076195832,-0.0173726051814472,0.0980833333333333));
#7467=CARTESIAN_POINT('',(0.0351031806235475,-0.0164236022742181,0.098025));
#7468=CARTESIAN_POINT('',(0.0358835277514554,-0.0158771973328366,0.0979666666666667));
#7469=CARTESIAN_POINT('',(0.0366638748793632,-0.0153307923914553,0.0979083333333333));
#7470=CARTESIAN_POINT('',(0.0375272490033067,-0.015733390357303,0.09785));
#7471=CARTESIAN_POINT('',(0.0383906231272503,-0.0161359883231507,0.0977916666666667));
#7472=CARTESIAN_POINT('',(0.038473650123286,-0.0170849912303798,0.0977333333333333));
#7473=CARTESIAN_POINT('',(0.0385566771193217,-0.018033994137609,0.097675));
#7474=CARTESIAN_POINT('',(0.0377763299914139,-0.0185803990789903,0.0976166666666667));
#7475=CARTESIAN_POINT('',(0.036995982863506,-0.0191268040203717,0.0975583333333333));
#7476=CARTESIAN_POINT('',(0.0361326087395625,-0.018724206054524,0.0975));
#7477=CARTESIAN_POINT('',(0.0352692346156189,-0.0183216080886763,0.0974416666666667));
#7478=CARTESIAN_POINT('',(0.0351862076195832,-0.0173726051814472,0.0973833333333333));
#7479=CARTESIAN_POINT('',(0.0351031806235475,-0.0164236022742181,0.097325));
#7480=CARTESIAN_POINT('',(0.0358835277514554,-0.0158771973328367,0.0972666666666667));
#7481=CARTESIAN_POINT('',(0.0366638748793632,-0.0153307923914553,0.0972083333333333));
#7482=CARTESIAN_POINT('',(0.0375272490033068,-0.015733390357303,0.09715));
#7483=CARTESIAN_POINT('',(0.0383906231272503,-0.0161359883231507,0.0970916666666666));
#7484=CARTESIAN_POINT('',(0.038473650123286,-0.0170849912303798,0.0970333333333333));
#7485=CARTESIAN_POINT('',(0.0385566771193217,-0.018033994137609,0.096975));
#7486=CARTESIAN_POINT('',(0.0377763299914139,-0.0185803990789903,0.0969166666666667));
#7487=CARTESIAN_POINT('',(0.036995982863506,-0.0191268040203717,0.0968583333333334));
#7488=CARTESIAN_POINT('',(0.0361326087395625,-0.018724206054524,0.0968));
#7489=CARTESIAN_POINT('',(0.0359724845493,-0.0190675934886828,0.10918125));
#7490=CARTESIAN_POINT('',(0.0349108555978086,-0.0185725477784833,0.109122916666667));
#7491=CARTESIAN_POINT('',(0.0348087632831302,-0.0174056272819988,0.109064583333333));
#7492=CARTESIAN_POINT('',(0.0347066709684517,-0.0162387067855145,0.10900625));
#7493=CARTESIAN_POINT('',(0.0356662076052647,-0.0155668319992296,0.108947916666667));
#7494=CARTESIAN_POINT('',(0.0366257442420778,-0.0148949572129447,0.108889583333333));
#7495=CARTESIAN_POINT('',(0.0376873731935692,-0.0153900029231443,0.10883125));
#7496=CARTESIAN_POINT('',(0.0387490021450607,-0.0158850486333437,0.108772916666667));
#7497=CARTESIAN_POINT('',(0.0388510944597391,-0.0170519691298281,0.108714583333333));
#7498=CARTESIAN_POINT('',(0.0389531867744175,-0.0182188896263125,0.10865625));
#7499=CARTESIAN_POINT('',(0.0379936501376045,-0.0188907644125975,0.108597916666667));
#7500=CARTESIAN_POINT('',(0.0370341135007915,-0.0195626391988823,0.108539583333333));
#7501=CARTESIAN_POINT('',(0.0359724845493,-0.0190675934886828,0.10848125));
#7502=CARTESIAN_POINT('',(0.0349108555978086,-0.0185725477784833,0.108422916666667));
#7503=CARTESIAN_POINT('',(0.0348087632831302,-0.0174056272819988,0.108364583333333));
#7504=CARTESIAN_POINT('',(0.0347066709684517,-0.0162387067855145,0.10830625));
#7505=CARTESIAN_POINT('',(0.0356662076052647,-0.0155668319992296,0.108247916666667));
#7506=CARTESIAN_POINT('',(0.0366257442420778,-0.0148949572129447,0.108189583333333));
#7507=CARTESIAN_POINT('',(0.0376873731935692,-0.0153900029231443,0.10813125));
#7508=CARTESIAN_POINT('',(0.0387490021450607,-0.0158850486333437,0.108072916666667));
#7509=CARTESIAN_POINT('',(0.0388510944597391,-0.0170519691298281,0.108014583333333));
#7510=CARTESIAN_POINT('',(0.0389531867744175,-0.0182188896263125,0.10795625));
#7511=CARTESIAN_POINT('',(0.0379936501376045,-0.0188907644125975,0.107897916666667));
#7512=CARTESIAN_POINT('',(0.0370341135007915,-0.0195626391988823,0.107839583333333));
#7513=CARTESIAN_POINT('',(0.0359724845493,-0.0190675934886828,0.10778125));
#7514=CARTESIAN_POINT('',(0.0349108555978086,-0.0185725477784833,0.107722916666667));
#7515=CARTESIAN_POINT('',(0.0348087632831302,-0.0174056272819988,0.107664583333333));
#7516=CARTESIAN_POINT('',(0.0347066709684517,-0.0162387067855145,0.10760625));
#7517=CARTESIAN_POINT('',(0.0356662076052647,-0.0155668319992296,0.107547916666667));
#7518=CARTESIAN_POINT('',(0.0366257442420778,-0.0148949572129447,0.107489583333333));
#7519=CARTESIAN_POINT('',(0.0376873731935692,-0.0153900029231443,0.10743125));
#7520=CARTESIAN_POINT('',(0.0387490021450607,-0.0158850486333437,0.107372916666667));
#7521=CARTESIAN_POINT('',(0.0388510944597391,-0.0170519691298281,0.107314583333333));
#7522=CARTESIAN_POINT('',(0.0389531867744175,-0.0182188896263125,0.10725625));
#7523=CARTESIAN_POINT('',(0.0379936501376045,-0.0188907644125974,0.107197916666667));
#7524=CARTESIAN_POINT('',(0.0370341135007915,-0.0195626391988823,0.107139583333333));
#7525=CARTESIAN_POINT('',(0.0359724845493,-0.0190675934886828,0.10708125));
#7526=CARTESIAN_POINT('',(0.0349108555978086,-0.0185725477784833,0.107022916666667));
#7527=CARTESIAN_POINT('',(0.0348087632831302,-0.0174056272819988,0.106964583333333));
#7528=CARTESIAN_POINT('',(0.0347066709684517,-0.0162387067855145,0.10690625));
#7529=CARTESIAN_POINT('',(0.0356662076052647,-0.0155668319992296,0.106847916666667));
#7530=CARTESIAN_POINT('',(0.0366257442420778,-0.0148949572129447,0.106789583333333));
#7531=CARTESIAN_POINT('',(0.0376873731935692,-0.0153900029231443,0.10673125));
#7532=CARTESIAN_POINT('',(0.0387490021450607,-0.0158850486333437,0.106672916666667));
#7533=CARTESIAN_POINT('',(0.0388510944597391,-0.0170519691298281,0.106614583333333));
#7534=CARTESIAN_POINT('',(0.0389531867744175,-0.0182188896263125,0.10655625));
#7535=CARTESIAN_POINT('',(0.0379936501376045,-0.0188907644125974,0.106497916666667));
#7536=CARTESIAN_POINT('',(0.0370341135007915,-0.0195626391988823,0.106439583333333));
#7537=CARTESIAN_POINT('',(0.0359724845493,-0.0190675934886828,0.10638125));
#7538=CARTESIAN_POINT('',(0.0349108555978086,-0.0185725477784833,0.106322916666667));
#7539=CARTESIAN_POINT('',(0.0348087632831302,-0.0174056272819988,0.106264583333333));
#7540=CARTESIAN_POINT('',(0.0347066709684517,-0.0162387067855145,0.10620625));
#7541=CARTESIAN_POINT('',(0.0356662076052647,-0.0155668319992296,0.106147916666667));
#7542=CARTESIAN_POINT('',(0.0366257442420778,-0.0148949572129447,0.106089583333333));
#7543=CARTESIAN_POINT('',(0.0376873731935692,-0.0153900029231443,0.10603125));
#7544=CARTESIAN_POINT('',(0.0387490021450607,-0.0158850486333437,0.105972916666667));
#7545=CARTESIAN_POINT('',(0.0388510944597391,-0.0170519691298281,0.105914583333333));
#7546=CARTESIAN_POINT('',(0.0389531867744175,-0.0182188896263125,0.10585625));
#7547=CARTESIAN_POINT('',(0.0379936501376045,-0.0188907644125974,0.105797916666667));
#7548=CARTESIAN_POINT('',(0.0370341135007915,-0.0195626391988823,0.105739583333333));
#7549=CARTESIAN_POINT('',(0.0359724845493,-0.0190675934886828,0.10568125));
#7550=CARTESIAN_POINT('',(0.0349108555978086,-0.0185725477784833,0.105622916666667));
#7551=CARTESIAN_POINT('',(0.0348087632831302,-0.0174056272819988,0.105564583333333));
#7552=CARTESIAN_POINT('',(0.0347066709684517,-0.0162387067855145,0.10550625));
#7553=CARTESIAN_POINT('',(0.0356662076052647,-0.0155668319992296,0.105447916666667));
#7554=CARTESIAN_POINT('',(0.0366257442420778,-0.0148949572129447,0.105389583333333));
#7555=CARTESIAN_POINT('',(0.0376873731935692,-0.0153900029231443,0.10533125));
#7556=CARTESIAN_POINT('',(0.0387490021450607,-0.0158850486333437,0.105272916666667));
#7557=CARTESIAN_POINT('',(0.0388510944597391,-0.0170519691298281,0.105214583333333));
#7558=CARTESIAN_POINT('',(0.0389531867744175,-0.0182188896263125,0.10515625));
#7559=CARTESIAN_POINT('',(0.0379936501376045,-0.0188907644125974,0.105097916666667));
#7560=CARTESIAN_POINT('',(0.0370341135007915,-0.0195626391988823,0.105039583333333));
#7561=CARTESIAN_POINT('',(0.0359724845493,-0.0190675934886828,0.10498125));
#7562=CARTESIAN_POINT('',(0.0349108555978086,-0.0185725477784833,0.104922916666667));
#7563=CARTESIAN_POINT('',(0.0348087632831302,-0.0174056272819988,0.104864583333333));
#7564=CARTESIAN_POINT('',(0.0347066709684517,-0.0162387067855145,0.10480625));
#7565=CARTESIAN_POINT('',(0.0356662076052647,-0.0155668319992296,0.104747916666667));
#7566=CARTESIAN_POINT('',(0.0366257442420778,-0.0148949572129447,0.104689583333333));
#7567=CARTESIAN_POINT('',(0.0376873731935692,-0.0153900029231442,0.10463125));
#7568=CARTESIAN_POINT('',(0.0387490021450607,-0.0158850486333437,0.104572916666667));
#7569=CARTESIAN_POINT('',(0.0388510944597391,-0.0170519691298281,0.104514583333333));
#7570=CARTESIAN_POINT('',(0.0389531867744175,-0.0182188896263125,0.10445625));
#7571=CARTESIAN_POINT('',(0.0379936501376045,-0.0188907644125974,0.104397916666667));
#7572=CARTESIAN_POINT('',(0.0370341135007915,-0.0195626391988823,0.104339583333333));
#7573=CARTESIAN_POINT('',(0.0359724845493,-0.0190675934886828,0.10428125));
#7574=CARTESIAN_POINT('',(0.0349108555978086,-0.0185725477784833,0.104222916666667));
#7575=CARTESIAN_POINT('',(0.0348087632831302,-0.0174056272819988,0.104164583333333));
#7576=CARTESIAN_POINT('',(0.0347066709684517,-0.0162387067855145,0.10410625));
#7577=CARTESIAN_POINT('',(0.0356662076052647,-0.0155668319992296,0.104047916666667));
#7578=CARTESIAN_POINT('',(0.0366257442420777,-0.0148949572129447,0.103989583333333));
#7579=CARTESIAN_POINT('',(0.0376873731935692,-0.0153900029231442,0.10393125));
#7580=CARTESIAN_POINT('',(0.0387490021450607,-0.0158850486333437,0.103872916666667));
#7581=CARTESIAN_POINT('',(0.0388510944597391,-0.0170519691298281,0.103814583333333));
#7582=CARTESIAN_POINT('',(0.0389531867744175,-0.0182188896263125,0.10375625));
#7583=CARTESIAN_POINT('',(0.0379936501376045,-0.0188907644125974,0.103697916666667));
#7584=CARTESIAN_POINT('',(0.0370341135007915,-0.0195626391988823,0.103639583333333));
#7585=CARTESIAN_POINT('',(0.0359724845493,-0.0190675934886828,0.10358125));
#7586=CARTESIAN_POINT('',(0.0349108555978086,-0.0185725477784833,0.103522916666667));
#7587=CARTESIAN_POINT('',(0.0348087632831302,-0.0174056272819988,0.103464583333333));
#7588=CARTESIAN_POINT('',(0.0347066709684517,-0.0162387067855145,0.10340625));
#7589=CARTESIAN_POINT('',(0.0356662076052647,-0.0155668319992296,0.103347916666667));
#7590=CARTESIAN_POINT('',(0.0366257442420777,-0.0148949572129447,0.103289583333333));
#7591=CARTESIAN_POINT('',(0.0376873731935692,-0.0153900029231442,0.10323125));
#7592=CARTESIAN_POINT('',(0.0387490021450607,-0.0158850486333437,0.103172916666667));
#7593=CARTESIAN_POINT('',(0.0388510944597391,-0.0170519691298281,0.103114583333333));
#7594=CARTESIAN_POINT('',(0.0389531867744175,-0.0182188896263125,0.10305625));
#7595=CARTESIAN_POINT('',(0.0379936501376045,-0.0188907644125974,0.102997916666667));
#7596=CARTESIAN_POINT('',(0.0370341135007915,-0.0195626391988823,0.102939583333333));
#7597=CARTESIAN_POINT('',(0.0359724845493,-0.0190675934886828,0.10288125));
#7598=CARTESIAN_POINT('',(0.0349108555978086,-0.0185725477784833,0.102822916666667));
#7599=CARTESIAN_POINT('',(0.0348087632831302,-0.0174056272819988,0.102764583333333));
#7600=CARTESIAN_POINT('',(0.0347066709684517,-0.0162387067855145,0.10270625));
#7601=CARTESIAN_POINT('',(0.0356662076052647,-0.0155668319992296,0.102647916666667));
#7602=CARTESIAN_POINT('',(0.0366257442420777,-0.0148949572129447,0.102589583333333));
#7603=CARTESIAN_POINT('',(0.0376873731935692,-0.0153900029231442,0.10253125));
#7604=CARTESIAN_POINT('',(0.0387490021450607,-0.0158850486333437,0.102472916666667));
#7605=CARTESIAN_POINT('',(0.0388510944597391,-0.0170519691298281,0.102414583333333));
#7606=CARTESIAN_POINT('',(0.0389531867744175,-0.0182188896263125,0.10235625));
#7607=CARTESIAN_POINT('',(0.0379936501376045,-0.0188907644125974,0.102297916666667));
#7608=CARTESIAN_POINT('',(0.0370341135007915,-0.0195626391988823,0.102239583333333));
#7609=CARTESIAN_POINT('',(0.0359724845493,-0.0190675934886828,0.10218125));
#7610=CARTESIAN_POINT('',(0.0349108555978086,-0.0185725477784833,0.102122916666667));
#7611=CARTESIAN_POINT('',(0.0348087632831302,-0.0174056272819988,0.102064583333333));
#7612=CARTESIAN_POINT('',(0.0347066709684517,-0.0162387067855145,0.10200625));
#7613=CARTESIAN_POINT('',(0.0356662076052647,-0.0155668319992296,0.101947916666667));
#7614=CARTESIAN_POINT('',(0.0366257442420778,-0.0148949572129447,0.101889583333333));
#7615=CARTESIAN_POINT('',(0.0376873731935692,-0.0153900029231442,0.10183125));
#7616=CARTESIAN_POINT('',(0.0387490021450607,-0.0158850486333437,0.101772916666667));
#7617=CARTESIAN_POINT('',(0.0388510944597391,-0.0170519691298281,0.101714583333333));
#7618=CARTESIAN_POINT('',(0.0389531867744175,-0.0182188896263125,0.10165625));
#7619=CARTESIAN_POINT('',(0.0379936501376045,-0.0188907644125975,0.101597916666667));
#7620=CARTESIAN_POINT('',(0.0370341135007915,-0.0195626391988823,0.101539583333333));
#7621=CARTESIAN_POINT('',(0.0359724845493,-0.0190675934886828,0.10148125));
#7622=CARTESIAN_POINT('',(0.0349108555978086,-0.0185725477784833,0.101422916666667));
#7623=CARTESIAN_POINT('',(0.0348087632831302,-0.0174056272819988,0.101364583333333));
#7624=CARTESIAN_POINT('',(0.0347066709684517,-0.0162387067855145,0.10130625));
#7625=CARTESIAN_POINT('',(0.0356662076052647,-0.0155668319992296,0.101247916666667));
#7626=CARTESIAN_POINT('',(0.0366257442420777,-0.0148949572129447,0.101189583333333));
#7627=CARTESIAN_POINT('',(0.0376873731935692,-0.0153900029231442,0.10113125));
#7628=CARTESIAN_POINT('',(0.0387490021450607,-0.0158850486333437,0.101072916666667));
#7629=CARTESIAN_POINT('',(0.0388510944597391,-0.0170519691298281,0.101014583333333));
#7630=CARTESIAN_POINT('',(0.0389531867744176,-0.0182188896263125,0.10095625));
#7631=CARTESIAN_POINT('',(0.0379936501376045,-0.0188907644125974,0.100897916666667));
#7632=CARTESIAN_POINT('',(0.0370341135007915,-0.0195626391988823,0.100839583333333));
#7633=CARTESIAN_POINT('',(0.0359724845493,-0.0190675934886828,0.10078125));
#7634=CARTESIAN_POINT('',(0.0349108555978086,-0.0185725477784833,0.100722916666667));
#7635=CARTESIAN_POINT('',(0.0348087632831302,-0.0174056272819989,0.100664583333333));
#7636=CARTESIAN_POINT('',(0.0347066709684517,-0.0162387067855145,0.10060625));
#7637=CARTESIAN_POINT('',(0.0356662076052647,-0.0155668319992296,0.100547916666667));
#7638=CARTESIAN_POINT('',(0.0366257442420778,-0.0148949572129447,0.100489583333333));
#7639=CARTESIAN_POINT('',(0.0376873731935692,-0.0153900029231442,0.10043125));
#7640=CARTESIAN_POINT('',(0.0387490021450607,-0.0158850486333437,0.100372916666667));
#7641=CARTESIAN_POINT('',(0.0388510944597391,-0.0170519691298281,0.100314583333333));
#7642=CARTESIAN_POINT('',(0.0389531867744175,-0.0182188896263125,0.10025625));
#7643=CARTESIAN_POINT('',(0.0379936501376045,-0.0188907644125975,0.100197916666667));
#7644=CARTESIAN_POINT('',(0.0370341135007915,-0.0195626391988823,0.100139583333333));
#7645=CARTESIAN_POINT('',(0.0359724845493,-0.0190675934886828,0.10008125));
#7646=CARTESIAN_POINT('',(0.0349108555978086,-0.0185725477784833,0.100022916666667));
#7647=CARTESIAN_POINT('',(0.0348087632831302,-0.0174056272819988,0.0999645833333333));
#7648=CARTESIAN_POINT('',(0.0347066709684517,-0.0162387067855145,0.09990625));
#7649=CARTESIAN_POINT('',(0.0356662076052647,-0.0155668319992296,0.0998479166666667));
#7650=CARTESIAN_POINT('',(0.0366257442420777,-0.0148949572129447,0.0997895833333333));
#7651=CARTESIAN_POINT('',(0.0376873731935692,-0.0153900029231442,0.09973125));
#7652=CARTESIAN_POINT('',(0.0387490021450607,-0.0158850486333437,0.0996729166666666));
#7653=CARTESIAN_POINT('',(0.0388510944597391,-0.0170519691298281,0.0996145833333333));
#7654=CARTESIAN_POINT('',(0.0389531867744176,-0.0182188896263125,0.0995562499999999));
#7655=CARTESIAN_POINT('',(0.0379936501376045,-0.0188907644125974,0.0994979166666667));
#7656=CARTESIAN_POINT('',(0.0370341135007915,-0.0195626391988823,0.0994395833333334));
#7657=CARTESIAN_POINT('',(0.0359724845493,-0.0190675934886828,0.09938125));
#7658=CARTESIAN_POINT('',(0.0349108555978086,-0.0185725477784833,0.0993229166666667));
#7659=CARTESIAN_POINT('',(0.0348087632831302,-0.0174056272819989,0.0992645833333333));
#7660=CARTESIAN_POINT('',(0.0347066709684517,-0.0162387067855145,0.09920625));
#7661=CARTESIAN_POINT('',(0.0356662076052647,-0.0155668319992296,0.0991479166666667));
#7662=CARTESIAN_POINT('',(0.0366257442420778,-0.0148949572129447,0.0990895833333333));
#7663=CARTESIAN_POINT('',(0.0376873731935692,-0.0153900029231442,0.09903125));
#7664=CARTESIAN_POINT('',(0.0387490021450607,-0.0158850486333437,0.0989729166666666));
#7665=CARTESIAN_POINT('',(0.0388510944597391,-0.0170519691298281,0.0989145833333333));
#7666=CARTESIAN_POINT('',(0.0389531867744175,-0.0182188896263125,0.09885625));
#7667=CARTESIAN_POINT('',(0.0379936501376045,-0.0188907644125974,0.0987979166666667));
#7668=CARTESIAN_POINT('',(0.0370341135007915,-0.0195626391988823,0.0987395833333333));
#7669=CARTESIAN_POINT('',(0.0359724845493,-0.0190675934886828,0.09868125));
#7670=CARTESIAN_POINT('',(0.0349108555978086,-0.0185725477784833,0.0986229166666667));
#7671=CARTESIAN_POINT('',(0.0348087632831302,-0.0174056272819988,0.0985645833333333));
#7672=CARTESIAN_POINT('',(0.0347066709684517,-0.0162387067855145,0.09850625));
#7673=CARTESIAN_POINT('',(0.0356662076052647,-0.0155668319992296,0.0984479166666667));
#7674=CARTESIAN_POINT('',(0.0366257442420777,-0.0148949572129447,0.0983895833333333));
#7675=CARTESIAN_POINT('',(0.0376873731935692,-0.0153900029231442,0.09833125));
#7676=CARTESIAN_POINT('',(0.0387490021450607,-0.0158850486333437,0.0982729166666667));
#7677=CARTESIAN_POINT('',(0.0388510944597391,-0.0170519691298281,0.0982145833333333));
#7678=CARTESIAN_POINT('',(0.0389531867744176,-0.0182188896263125,0.09815625));
#7679=CARTESIAN_POINT('',(0.0379936501376045,-0.0188907644125974,0.0980979166666667));
#7680=CARTESIAN_POINT('',(0.0370341135007915,-0.0195626391988823,0.0980395833333333));
#7681=CARTESIAN_POINT('',(0.0359724845493,-0.0190675934886828,0.09798125));
#7682=CARTESIAN_POINT('',(0.0349108555978086,-0.0185725477784833,0.0979229166666667));
#7683=CARTESIAN_POINT('',(0.0348087632831302,-0.0174056272819989,0.0978645833333333));
#7684=CARTESIAN_POINT('',(0.0347066709684517,-0.0162387067855145,0.09780625));
#7685=CARTESIAN_POINT('',(0.0356662076052647,-0.0155668319992296,0.0977479166666667));
#7686=CARTESIAN_POINT('',(0.0366257442420777,-0.0148949572129447,0.0976895833333334));
#7687=CARTESIAN_POINT('',(0.0376873731935692,-0.0153900029231442,0.09763125));
#7688=CARTESIAN_POINT('',(0.0387490021450607,-0.0158850486333437,0.0975729166666666));
#7689=CARTESIAN_POINT('',(0.0388510944597391,-0.0170519691298281,0.0975145833333333));
#7690=CARTESIAN_POINT('',(0.0389531867744175,-0.0182188896263125,0.09745625));
#7691=CARTESIAN_POINT('',(0.0379936501376045,-0.0188907644125974,0.0973979166666667));
#7692=CARTESIAN_POINT('',(0.0370341135007915,-0.0195626391988823,0.0973395833333333));
#7693=CARTESIAN_POINT('',(0.0359724845493,-0.0190675934886828,0.09728125));
#7694=CARTESIAN_POINT('',(0.0349108555978086,-0.0185725477784833,0.0972229166666667));
#7695=CARTESIAN_POINT('',(0.0348087632831302,-0.0174056272819988,0.0971645833333333));
#7696=CARTESIAN_POINT('',(0.0347066709684517,-0.0162387067855145,0.09710625));
#7697=CARTESIAN_POINT('',(0.0356662076052647,-0.0155668319992296,0.0970479166666667));
#7698=CARTESIAN_POINT('',(0.0366257442420777,-0.0148949572129447,0.0969895833333334));
#7699=CARTESIAN_POINT('',(0.0376873731935692,-0.0153900029231442,0.09693125));
#7700=CARTESIAN_POINT('',(0.0387490021450607,-0.0158850486333437,0.0968729166666667));
#7701=CARTESIAN_POINT('',(0.0388510944597391,-0.0170519691298281,0.0968145833333333));
#7702=CARTESIAN_POINT('',(0.0389531867744176,-0.0182188896263125,0.09675625));
#7703=CARTESIAN_POINT('',(0.0379936501376045,-0.0188907644125974,0.0966979166666667));
#7704=CARTESIAN_POINT('',(0.0370341135007915,-0.0195626391988823,0.0966395833333333));
#7705=CARTESIAN_POINT('',(0.0359724845493001,-0.0190675934886828,0.09658125));
#7706=CARTESIAN_POINT('',(0.035190442380093,-0.0174147660652558,0.108060947029606));
#7707=CARTESIAN_POINT('',(0.0351880542980942,-0.0173937128134137,0.108059630777759));
#7708=CARTESIAN_POINT('',(0.0351862076195832,-0.0173726051814472,0.108058333333333));
#7709=CARTESIAN_POINT('',(0.0351031806235475,-0.016423602274218,0.108));
#7710=CARTESIAN_POINT('',(0.0358835277514554,-0.0158771973328366,0.107941666666667));
#7711=CARTESIAN_POINT('',(0.0366638748793632,-0.0153307923914553,0.107883333333333));
#7712=CARTESIAN_POINT('',(0.0375272490033068,-0.0157333903573031,0.107825));
#7713=CARTESIAN_POINT('',(0.0383906231272503,-0.0161359883231507,0.107766666666667));
#7714=CARTESIAN_POINT('',(0.038473650123286,-0.0170849912303798,0.107708333333333));
#7715=CARTESIAN_POINT('',(0.0385566771193217,-0.018033994137609,0.10765));
#7716=CARTESIAN_POINT('',(0.0377763299914139,-0.0185803990789903,0.107591666666667));
#7717=CARTESIAN_POINT('',(0.036995982863506,-0.0191268040203717,0.107533333333333));
#7718=CARTESIAN_POINT('',(0.0361326087395625,-0.018724206054524,0.107475));
#7719=CARTESIAN_POINT('',(0.0352692346156189,-0.0183216080886763,0.107416666666667));
#7720=CARTESIAN_POINT('',(0.0351862076195832,-0.0173726051814472,0.107358333333333));
#7721=CARTESIAN_POINT('',(0.0351031806235475,-0.016423602274218,0.1073));
#7722=CARTESIAN_POINT('',(0.0358835277514554,-0.0158771973328366,0.107241666666667));
#7723=CARTESIAN_POINT('',(0.0366638748793632,-0.0153307923914553,0.107183333333333));
#7724=CARTESIAN_POINT('',(0.0375272490033068,-0.0157333903573031,0.107125));
#7725=CARTESIAN_POINT('',(0.0383906231272503,-0.0161359883231507,0.107066666666667));
#7726=CARTESIAN_POINT('',(0.038473650123286,-0.0170849912303798,0.107008333333333));
#7727=CARTESIAN_POINT('',(0.0385566771193217,-0.018033994137609,0.10695));
#7728=CARTESIAN_POINT('',(0.0377763299914139,-0.0185803990789903,0.106891666666667));
#7729=CARTESIAN_POINT('',(0.036995982863506,-0.0191268040203717,0.106833333333333));
#7730=CARTESIAN_POINT('',(0.0361326087395625,-0.018724206054524,0.106775));
#7731=CARTESIAN_POINT('',(0.0352692346156189,-0.0183216080886763,0.106716666666667));
#7732=CARTESIAN_POINT('',(0.0351862076195832,-0.0173726051814472,0.106658333333333));
#7733=CARTESIAN_POINT('',(0.0351031806235475,-0.016423602274218,0.1066));
#7734=CARTESIAN_POINT('',(0.0358835277514554,-0.0158771973328366,0.106541666666667));
#7735=CARTESIAN_POINT('',(0.0366638748793632,-0.0153307923914553,0.106483333333333));
#7736=CARTESIAN_POINT('',(0.0375272490033068,-0.0157333903573031,0.106425));
#7737=CARTESIAN_POINT('',(0.0383906231272503,-0.0161359883231507,0.106366666666667));
#7738=CARTESIAN_POINT('',(0.038473650123286,-0.0170849912303798,0.106308333333333));
#7739=CARTESIAN_POINT('',(0.0385566771193217,-0.018033994137609,0.10625));
#7740=CARTESIAN_POINT('',(0.0377763299914139,-0.0185803990789903,0.106191666666667));
#7741=CARTESIAN_POINT('',(0.036995982863506,-0.0191268040203717,0.106133333333333));
#7742=CARTESIAN_POINT('',(0.0361326087395625,-0.018724206054524,0.106075));
#7743=CARTESIAN_POINT('',(0.0352692346156189,-0.0183216080886763,0.106016666666667));
#7744=CARTESIAN_POINT('',(0.0351862076195832,-0.0173726051814472,0.105958333333333));
#7745=CARTESIAN_POINT('',(0.0351031806235475,-0.016423602274218,0.1059));
#7746=CARTESIAN_POINT('',(0.0358835277514554,-0.0158771973328366,0.105841666666667));
#7747=CARTESIAN_POINT('',(0.0366638748793632,-0.0153307923914553,0.105783333333333));
#7748=CARTESIAN_POINT('',(0.0375272490033068,-0.0157333903573031,0.105725));
#7749=CARTESIAN_POINT('',(0.0383906231272503,-0.0161359883231507,0.105666666666667));
#7750=CARTESIAN_POINT('',(0.038473650123286,-0.0170849912303798,0.105608333333333));
#7751=CARTESIAN_POINT('',(0.0385566771193217,-0.018033994137609,0.10555));
#7752=CARTESIAN_POINT('',(0.0377763299914139,-0.0185803990789903,0.105491666666667));
#7753=CARTESIAN_POINT('',(0.036995982863506,-0.0191268040203717,0.105433333333333));
#7754=CARTESIAN_POINT('',(0.0361326087395625,-0.018724206054524,0.105375));
#7755=CARTESIAN_POINT('',(0.0352692346156189,-0.0183216080886763,0.105316666666667));
#7756=CARTESIAN_POINT('',(0.0351862076195832,-0.0173726051814472,0.105258333333333));
#7757=CARTESIAN_POINT('',(0.0351031806235475,-0.016423602274218,0.1052));
#7758=CARTESIAN_POINT('',(0.0358835277514554,-0.0158771973328366,0.105141666666667));
#7759=CARTESIAN_POINT('',(0.0366638748793632,-0.0153307923914553,0.105083333333333));
#7760=CARTESIAN_POINT('',(0.0375272490033068,-0.0157333903573031,0.105025));
#7761=CARTESIAN_POINT('',(0.0383906231272503,-0.0161359883231507,0.104966666666667));
#7762=CARTESIAN_POINT('',(0.038473650123286,-0.0170849912303798,0.104908333333333));
#7763=CARTESIAN_POINT('',(0.0385566771193217,-0.018033994137609,0.10485));
#7764=CARTESIAN_POINT('',(0.0377763299914139,-0.0185803990789903,0.104791666666667));
#7765=CARTESIAN_POINT('',(0.036995982863506,-0.0191268040203717,0.104733333333333));
#7766=CARTESIAN_POINT('',(0.0361326087395625,-0.018724206054524,0.104675));
#7767=CARTESIAN_POINT('',(0.0352692346156189,-0.0183216080886763,0.104616666666667));
#7768=CARTESIAN_POINT('',(0.0351862076195832,-0.0173726051814472,0.104558333333333));
#7769=CARTESIAN_POINT('',(0.0351031806235475,-0.016423602274218,0.1045));
#7770=CARTESIAN_POINT('',(0.0358835277514554,-0.0158771973328366,0.104441666666667));
#7771=CARTESIAN_POINT('',(0.0366638748793632,-0.0153307923914553,0.104383333333333));
#7772=CARTESIAN_POINT('',(0.0375272490033068,-0.0157333903573031,0.104325));
#7773=CARTESIAN_POINT('',(0.0383906231272503,-0.0161359883231507,0.104266666666667));
#7774=CARTESIAN_POINT('',(0.038473650123286,-0.0170849912303798,0.104208333333333));
#7775=CARTESIAN_POINT('',(0.0385566771193217,-0.018033994137609,0.10415));
#7776=CARTESIAN_POINT('',(0.0377763299914139,-0.0185803990789903,0.104091666666667));
#7777=CARTESIAN_POINT('',(0.036995982863506,-0.0191268040203717,0.104033333333333));
#7778=CARTESIAN_POINT('',(0.0361326087395625,-0.018724206054524,0.103975));
#7779=CARTESIAN_POINT('',(0.0352692346156189,-0.0183216080886763,0.103916666666667));
#7780=CARTESIAN_POINT('',(0.0351862076195832,-0.0173726051814472,0.103858333333333));
#7781=CARTESIAN_POINT('',(0.0351031806235475,-0.016423602274218,0.1038));
#7782=CARTESIAN_POINT('',(0.0358835277514554,-0.0158771973328366,0.103741666666667));
#7783=CARTESIAN_POINT('',(0.0366638748793632,-0.0153307923914553,0.103683333333333));
#7784=CARTESIAN_POINT('',(0.0375272490033068,-0.0157333903573031,0.103625));
#7785=CARTESIAN_POINT('',(0.0383906231272503,-0.0161359883231507,0.103566666666667));
#7786=CARTESIAN_POINT('',(0.038473650123286,-0.0170849912303798,0.103508333333333));
#7787=CARTESIAN_POINT('',(0.0385566771193217,-0.018033994137609,0.10345));
#7788=CARTESIAN_POINT('',(0.0377763299914139,-0.0185803990789903,0.103391666666667));
#7789=CARTESIAN_POINT('',(0.036995982863506,-0.0191268040203717,0.103333333333333));
#7790=CARTESIAN_POINT('',(0.0361326087395625,-0.018724206054524,0.103275));
#7791=CARTESIAN_POINT('',(0.0352692346156189,-0.0183216080886763,0.103216666666667));
#7792=CARTESIAN_POINT('',(0.0351862076195832,-0.0173726051814472,0.103158333333333));
#7793=CARTESIAN_POINT('',(0.0351031806235475,-0.016423602274218,0.1031));
#7794=CARTESIAN_POINT('',(0.0358835277514554,-0.0158771973328366,0.103041666666667));
#7795=CARTESIAN_POINT('',(0.0366638748793632,-0.0153307923914553,0.102983333333333));
#7796=CARTESIAN_POINT('',(0.0375272490033068,-0.0157333903573031,0.102925));
#7797=CARTESIAN_POINT('',(0.0383906231272503,-0.0161359883231507,0.102866666666667));
#7798=CARTESIAN_POINT('',(0.038473650123286,-0.0170849912303798,0.102808333333333));
#7799=CARTESIAN_POINT('',(0.0385566771193217,-0.018033994137609,0.10275));
#7800=CARTESIAN_POINT('',(0.0377763299914139,-0.0185803990789903,0.102691666666667));
#7801=CARTESIAN_POINT('',(0.036995982863506,-0.0191268040203717,0.102633333333333));
#7802=CARTESIAN_POINT('',(0.0361326087395625,-0.018724206054524,0.102575));
#7803=CARTESIAN_POINT('',(0.0352692346156189,-0.0183216080886763,0.102516666666667));
#7804=CARTESIAN_POINT('',(0.0351862076195832,-0.0173726051814472,0.102458333333333));
#7805=CARTESIAN_POINT('',(0.0351031806235475,-0.016423602274218,0.1024));
#7806=CARTESIAN_POINT('',(0.0358835277514554,-0.0158771973328366,0.102341666666667));
#7807=CARTESIAN_POINT('',(0.0366638748793632,-0.0153307923914553,0.102283333333333));
#7808=CARTESIAN_POINT('',(0.0375272490033068,-0.0157333903573031,0.102225));
#7809=CARTESIAN_POINT('',(0.0383906231272503,-0.0161359883231507,0.102166666666667));
#7810=CARTESIAN_POINT('',(0.038473650123286,-0.0170849912303798,0.102108333333333));
#7811=CARTESIAN_POINT('',(0.0385566771193217,-0.018033994137609,0.10205));
#7812=CARTESIAN_POINT('',(0.0377763299914139,-0.0185803990789903,0.101991666666667));
#7813=CARTESIAN_POINT('',(0.036995982863506,-0.0191268040203717,0.101933333333333));
#7814=CARTESIAN_POINT('',(0.0361326087395625,-0.018724206054524,0.101875));
#7815=CARTESIAN_POINT('',(0.0352692346156189,-0.0183216080886763,0.101816666666667));
#7816=CARTESIAN_POINT('',(0.0351862076195832,-0.0173726051814472,0.101758333333333));
#7817=CARTESIAN_POINT('',(0.0351031806235475,-0.016423602274218,0.1017));
#7818=CARTESIAN_POINT('',(0.0358835277514554,-0.0158771973328366,0.101641666666667));
#7819=CARTESIAN_POINT('',(0.0366638748793632,-0.0153307923914553,0.101583333333333));
#7820=CARTESIAN_POINT('',(0.0375272490033068,-0.0157333903573031,0.101525));
#7821=CARTESIAN_POINT('',(0.0383906231272503,-0.0161359883231507,0.101466666666667));
#7822=CARTESIAN_POINT('',(0.038473650123286,-0.0170849912303798,0.101408333333333));
#7823=CARTESIAN_POINT('',(0.0385566771193217,-0.018033994137609,0.10135));
#7824=CARTESIAN_POINT('',(0.0377763299914139,-0.0185803990789903,0.101291666666667));
#7825=CARTESIAN_POINT('',(0.036995982863506,-0.0191268040203717,0.101233333333333));
#7826=CARTESIAN_POINT('',(0.0361326087395625,-0.018724206054524,0.101175));
#7827=CARTESIAN_POINT('',(0.0352692346156189,-0.0183216080886763,0.101116666666667));
#7828=CARTESIAN_POINT('',(0.0351862076195832,-0.0173726051814472,0.101058333333333));
#7829=CARTESIAN_POINT('',(0.0351031806235475,-0.016423602274218,0.101));
#7830=CARTESIAN_POINT('',(0.0358835277514554,-0.0158771973328366,0.100941666666667));
#7831=CARTESIAN_POINT('',(0.0366638748793632,-0.0153307923914553,0.100883333333333));
#7832=CARTESIAN_POINT('',(0.0375272490033068,-0.0157333903573031,0.100825));
#7833=CARTESIAN_POINT('',(0.0383906231272503,-0.0161359883231507,0.100766666666667));
#7834=CARTESIAN_POINT('',(0.038473650123286,-0.0170849912303798,0.100708333333333));
#7835=CARTESIAN_POINT('',(0.0385566771193217,-0.018033994137609,0.10065));
#7836=CARTESIAN_POINT('',(0.0377763299914139,-0.0185803990789903,0.100591666666667));
#7837=CARTESIAN_POINT('',(0.036995982863506,-0.0191268040203717,0.100533333333333));
#7838=CARTESIAN_POINT('',(0.0361326087395625,-0.018724206054524,0.100475));
#7839=CARTESIAN_POINT('',(0.0352692346156189,-0.0183216080886763,0.100416666666667));
#7840=CARTESIAN_POINT('',(0.0351862076195832,-0.0173726051814472,0.100358333333333));
#7841=CARTESIAN_POINT('',(0.0351031806235475,-0.016423602274218,0.1003));
#7842=CARTESIAN_POINT('',(0.0358835277514554,-0.0158771973328366,0.100241666666667));
#7843=CARTESIAN_POINT('',(0.0366638748793632,-0.0153307923914553,0.100183333333333));
#7844=CARTESIAN_POINT('',(0.0375272490033068,-0.0157333903573031,0.100125));
#7845=CARTESIAN_POINT('',(0.0383906231272503,-0.0161359883231507,0.100066666666667));
#7846=CARTESIAN_POINT('',(0.038473650123286,-0.0170849912303798,0.100008333333333));
#7847=CARTESIAN_POINT('',(0.0385566771193217,-0.018033994137609,0.09995));
#7848=CARTESIAN_POINT('',(0.0377763299914139,-0.0185803990789903,0.0998916666666667));
#7849=CARTESIAN_POINT('',(0.036995982863506,-0.0191268040203717,0.0998333333333333));
#7850=CARTESIAN_POINT('',(0.0361326087395625,-0.018724206054524,0.099775));
#7851=CARTESIAN_POINT('',(0.0352692346156189,-0.0183216080886763,0.0997166666666667));
#7852=CARTESIAN_POINT('',(0.0351862076195832,-0.0173726051814472,0.0996583333333333));
#7853=CARTESIAN_POINT('',(0.0351031806235475,-0.016423602274218,0.0996));
#7854=CARTESIAN_POINT('',(0.0358835277514554,-0.0158771973328366,0.0995416666666667));
#7855=CARTESIAN_POINT('',(0.0366638748793632,-0.0153307923914553,0.0994833333333333));
#7856=CARTESIAN_POINT('',(0.0375272490033068,-0.0157333903573031,0.099425));
#7857=CARTESIAN_POINT('',(0.0383906231272503,-0.0161359883231507,0.0993666666666666));
#7858=CARTESIAN_POINT('',(0.038473650123286,-0.0170849912303798,0.0993083333333333));
#7859=CARTESIAN_POINT('',(0.0385566771193217,-0.018033994137609,0.09925));
#7860=CARTESIAN_POINT('',(0.0377763299914139,-0.0185803990789903,0.0991916666666667));
#7861=CARTESIAN_POINT('',(0.036995982863506,-0.0191268040203717,0.0991333333333334));
#7862=CARTESIAN_POINT('',(0.0361326087395625,-0.018724206054524,0.099075));
#7863=CARTESIAN_POINT('',(0.0352692346156189,-0.0183216080886763,0.0990166666666667));
#7864=CARTESIAN_POINT('',(0.0351862076195832,-0.0173726051814472,0.0989583333333333));
#7865=CARTESIAN_POINT('',(0.0351031806235475,-0.016423602274218,0.0989));
#7866=CARTESIAN_POINT('',(0.0358835277514554,-0.0158771973328366,0.0988416666666667));
#7867=CARTESIAN_POINT('',(0.0366638748793632,-0.0153307923914553,0.0987833333333333));
#7868=CARTESIAN_POINT('',(0.0375272490033068,-0.0157333903573031,0.098725));
#7869=CARTESIAN_POINT('',(0.0383906231272503,-0.0161359883231507,0.0986666666666666));
#7870=CARTESIAN_POINT('',(0.038473650123286,-0.0170849912303798,0.0986083333333334));
#7871=CARTESIAN_POINT('',(0.0385566771193217,-0.018033994137609,0.0985499999999999));
#7872=CARTESIAN_POINT('',(0.0377763299914139,-0.0185803990789903,0.0984916666666667));
#7873=CARTESIAN_POINT('',(0.036995982863506,-0.0191268040203717,0.0984333333333334));
#7874=CARTESIAN_POINT('',(0.0361326087395625,-0.018724206054524,0.098375));
#7875=CARTESIAN_POINT('',(0.0352692346156189,-0.0183216080886763,0.0983166666666667));
#7876=CARTESIAN_POINT('',(0.0351862076195832,-0.0173726051814472,0.0982583333333334));
#7877=CARTESIAN_POINT('',(0.0351031806235475,-0.016423602274218,0.0982));
#7878=CARTESIAN_POINT('',(0.0358835277514554,-0.0158771973328366,0.0981416666666667));
#7879=CARTESIAN_POINT('',(0.0366638748793632,-0.0153307923914553,0.0980833333333333));
#7880=CARTESIAN_POINT('',(0.0375272490033068,-0.0157333903573031,0.098025));
#7881=CARTESIAN_POINT('',(0.0383906231272503,-0.0161359883231507,0.0979666666666666));
#7882=CARTESIAN_POINT('',(0.038473650123286,-0.0170849912303798,0.0979083333333333));
#7883=CARTESIAN_POINT('',(0.0385566771193217,-0.018033994137609,0.09785));
#7884=CARTESIAN_POINT('',(0.0377763299914139,-0.0185803990789903,0.0977916666666667));
#7885=CARTESIAN_POINT('',(0.0373155915265287,-0.0189030116252461,0.0977572250579384));
#7886=CARTESIAN_POINT('',(0.0367537337535925,-0.018877037965177,0.0977178089784847));
#7887=CARTESIAN_POINT('',(0.0348139704630017,-0.0174574694829989,0.108279697029606));
#7888=CARTESIAN_POINT('',(0.0348110340106363,-0.0174315818161593,0.108278380777759));
#7889=CARTESIAN_POINT('',(0.0348087632831302,-0.0174056272819988,0.108277083333333));
#7890=CARTESIAN_POINT('',(0.0347066709684517,-0.0162387067855145,0.10821875));
#7891=CARTESIAN_POINT('',(0.0356662076052647,-0.0155668319992296,0.108160416666667));
#7892=CARTESIAN_POINT('',(0.0366257442420778,-0.0148949572129447,0.108102083333333));
#7893=CARTESIAN_POINT('',(0.0376873731935692,-0.0153900029231443,0.10804375));
#7894=CARTESIAN_POINT('',(0.0387490021450607,-0.0158850486333437,0.107985416666667));
#7895=CARTESIAN_POINT('',(0.0388510944597391,-0.0170519691298281,0.107927083333333));
#7896=CARTESIAN_POINT('',(0.0389531867744175,-0.0182188896263125,0.10786875));
#7897=CARTESIAN_POINT('',(0.0379936501376045,-0.0188907644125975,0.107810416666667));
#7898=CARTESIAN_POINT('',(0.0370341135007915,-0.0195626391988823,0.107752083333333));
#7899=CARTESIAN_POINT('',(0.0359724845493,-0.0190675934886828,0.10769375));
#7900=CARTESIAN_POINT('',(0.0349108555978086,-0.0185725477784833,0.107635416666667));
#7901=CARTESIAN_POINT('',(0.0348087632831302,-0.0174056272819988,0.107577083333333));
#7902=CARTESIAN_POINT('',(0.0347066709684517,-0.0162387067855145,0.10751875));
#7903=CARTESIAN_POINT('',(0.0356662076052647,-0.0155668319992296,0.107460416666667));
#7904=CARTESIAN_POINT('',(0.0366257442420778,-0.0148949572129447,0.107402083333333));
#7905=CARTESIAN_POINT('',(0.0376873731935692,-0.0153900029231443,0.10734375));
#7906=CARTESIAN_POINT('',(0.0387490021450607,-0.0158850486333437,0.107285416666667));
#7907=CARTESIAN_POINT('',(0.0388510944597391,-0.0170519691298281,0.107227083333333));
#7908=CARTESIAN_POINT('',(0.0389531867744175,-0.0182188896263125,0.10716875));
#7909=CARTESIAN_POINT('',(0.0379936501376045,-0.0188907644125975,0.107110416666667));
#7910=CARTESIAN_POINT('',(0.0370341135007915,-0.0195626391988823,0.107052083333333));
#7911=CARTESIAN_POINT('',(0.0359724845493,-0.0190675934886828,0.10699375));
#7912=CARTESIAN_POINT('',(0.0349108555978086,-0.0185725477784833,0.106935416666667));
#7913=CARTESIAN_POINT('',(0.0348087632831302,-0.0174056272819988,0.106877083333333));
#7914=CARTESIAN_POINT('',(0.0347066709684517,-0.0162387067855145,0.10681875));
#7915=CARTESIAN_POINT('',(0.0356662076052647,-0.0155668319992296,0.106760416666667));
#7916=CARTESIAN_POINT('',(0.0366257442420778,-0.0148949572129447,0.106702083333333));
#7917=CARTESIAN_POINT('',(0.0376873731935692,-0.0153900029231443,0.10664375));
#7918=CARTESIAN_POINT('',(0.0387490021450607,-0.0158850486333437,0.106585416666667));
#7919=CARTESIAN_POINT('',(0.0388510944597391,-0.0170519691298281,0.106527083333333));
#7920=CARTESIAN_POINT('',(0.0389531867744175,-0.0182188896263125,0.10646875));
#7921=CARTESIAN_POINT('',(0.0379936501376045,-0.0188907644125975,0.106410416666667));
#7922=CARTESIAN_POINT('',(0.0370341135007915,-0.0195626391988823,0.106352083333333));
#7923=CARTESIAN_POINT('',(0.0359724845493,-0.0190675934886828,0.10629375));
#7924=CARTESIAN_POINT('',(0.0349108555978086,-0.0185725477784833,0.106235416666667));
#7925=CARTESIAN_POINT('',(0.0348087632831302,-0.0174056272819988,0.106177083333333));
#7926=CARTESIAN_POINT('',(0.0347066709684517,-0.0162387067855145,0.10611875));
#7927=CARTESIAN_POINT('',(0.0356662076052647,-0.0155668319992296,0.106060416666667));
#7928=CARTESIAN_POINT('',(0.0366257442420778,-0.0148949572129447,0.106002083333333));
#7929=CARTESIAN_POINT('',(0.0376873731935692,-0.0153900029231443,0.10594375));
#7930=CARTESIAN_POINT('',(0.0387490021450607,-0.0158850486333437,0.105885416666667));
#7931=CARTESIAN_POINT('',(0.0388510944597391,-0.0170519691298281,0.105827083333333));
#7932=CARTESIAN_POINT('',(0.0389531867744175,-0.0182188896263125,0.10576875));
#7933=CARTESIAN_POINT('',(0.0379936501376045,-0.0188907644125975,0.105710416666667));
#7934=CARTESIAN_POINT('',(0.0370341135007915,-0.0195626391988823,0.105652083333333));
#7935=CARTESIAN_POINT('',(0.0359724845493,-0.0190675934886828,0.10559375));
#7936=CARTESIAN_POINT('',(0.0349108555978086,-0.0185725477784833,0.105535416666667));
#7937=CARTESIAN_POINT('',(0.0348087632831302,-0.0174056272819988,0.105477083333333));
#7938=CARTESIAN_POINT('',(0.0347066709684517,-0.0162387067855145,0.10541875));
#7939=CARTESIAN_POINT('',(0.0356662076052647,-0.0155668319992296,0.105360416666667));
#7940=CARTESIAN_POINT('',(0.0366257442420778,-0.0148949572129447,0.105302083333333));
#7941=CARTESIAN_POINT('',(0.0376873731935692,-0.0153900029231443,0.10524375));
#7942=CARTESIAN_POINT('',(0.0387490021450607,-0.0158850486333437,0.105185416666667));
#7943=CARTESIAN_POINT('',(0.0388510944597391,-0.0170519691298281,0.105127083333333));
#7944=CARTESIAN_POINT('',(0.0389531867744175,-0.0182188896263125,0.10506875));
#7945=CARTESIAN_POINT('',(0.0379936501376045,-0.0188907644125975,0.105010416666667));
#7946=CARTESIAN_POINT('',(0.0370341135007915,-0.0195626391988823,0.104952083333333));
#7947=CARTESIAN_POINT('',(0.0359724845493,-0.0190675934886828,0.10489375));
#7948=CARTESIAN_POINT('',(0.0349108555978086,-0.0185725477784833,0.104835416666667));
#7949=CARTESIAN_POINT('',(0.0348087632831302,-0.0174056272819988,0.104777083333333));
#7950=CARTESIAN_POINT('',(0.0347066709684517,-0.0162387067855145,0.10471875));
#7951=CARTESIAN_POINT('',(0.0356662076052647,-0.0155668319992296,0.104660416666667));
#7952=CARTESIAN_POINT('',(0.0366257442420778,-0.0148949572129447,0.104602083333333));
#7953=CARTESIAN_POINT('',(0.0376873731935692,-0.0153900029231443,0.10454375));
#7954=CARTESIAN_POINT('',(0.0387490021450607,-0.0158850486333437,0.104485416666667));
#7955=CARTESIAN_POINT('',(0.0388510944597391,-0.0170519691298281,0.104427083333333));
#7956=CARTESIAN_POINT('',(0.0389531867744175,-0.0182188896263125,0.10436875));
#7957=CARTESIAN_POINT('',(0.0379936501376045,-0.0188907644125975,0.104310416666667));
#7958=CARTESIAN_POINT('',(0.0370341135007915,-0.0195626391988823,0.104252083333333));
#7959=CARTESIAN_POINT('',(0.0359724845493,-0.0190675934886828,0.10419375));
#7960=CARTESIAN_POINT('',(0.0349108555978086,-0.0185725477784833,0.104135416666667));
#7961=CARTESIAN_POINT('',(0.0348087632831302,-0.0174056272819988,0.104077083333333));
#7962=CARTESIAN_POINT('',(0.0347066709684517,-0.0162387067855145,0.10401875));
#7963=CARTESIAN_POINT('',(0.0356662076052647,-0.0155668319992296,0.103960416666667));
#7964=CARTESIAN_POINT('',(0.0366257442420778,-0.0148949572129447,0.103902083333333));
#7965=CARTESIAN_POINT('',(0.0376873731935692,-0.0153900029231443,0.10384375));
#7966=CARTESIAN_POINT('',(0.0387490021450607,-0.0158850486333437,0.103785416666667));
#7967=CARTESIAN_POINT('',(0.0388510944597391,-0.0170519691298281,0.103727083333333));
#7968=CARTESIAN_POINT('',(0.0389531867744175,-0.0182188896263125,0.10366875));
#7969=CARTESIAN_POINT('',(0.0379936501376045,-0.0188907644125975,0.103610416666667));
#7970=CARTESIAN_POINT('',(0.0370341135007915,-0.0195626391988823,0.103552083333333));
#7971=CARTESIAN_POINT('',(0.0359724845493,-0.0190675934886828,0.10349375));
#7972=CARTESIAN_POINT('',(0.0349108555978086,-0.0185725477784833,0.103435416666667));
#7973=CARTESIAN_POINT('',(0.0348087632831302,-0.0174056272819988,0.103377083333333));
#7974=CARTESIAN_POINT('',(0.0347066709684517,-0.0162387067855145,0.10331875));
#7975=CARTESIAN_POINT('',(0.0356662076052647,-0.0155668319992296,0.103260416666667));
#7976=CARTESIAN_POINT('',(0.0366257442420778,-0.0148949572129447,0.103202083333333));
#7977=CARTESIAN_POINT('',(0.0376873731935692,-0.0153900029231443,0.10314375));
#7978=CARTESIAN_POINT('',(0.0387490021450607,-0.0158850486333437,0.103085416666667));
#7979=CARTESIAN_POINT('',(0.0388510944597391,-0.0170519691298281,0.103027083333333));
#7980=CARTESIAN_POINT('',(0.0389531867744175,-0.0182188896263125,0.10296875));
#7981=CARTESIAN_POINT('',(0.0379936501376045,-0.0188907644125975,0.102910416666667));
#7982=CARTESIAN_POINT('',(0.0370341135007915,-0.0195626391988823,0.102852083333333));
#7983=CARTESIAN_POINT('',(0.0359724845493,-0.0190675934886828,0.10279375));
#7984=CARTESIAN_POINT('',(0.0349108555978086,-0.0185725477784833,0.102735416666667));
#7985=CARTESIAN_POINT('',(0.0348087632831302,-0.0174056272819988,0.102677083333333));
#7986=CARTESIAN_POINT('',(0.0347066709684517,-0.0162387067855145,0.10261875));
#7987=CARTESIAN_POINT('',(0.0356662076052647,-0.0155668319992296,0.102560416666667));
#7988=CARTESIAN_POINT('',(0.0366257442420778,-0.0148949572129447,0.102502083333333));
#7989=CARTESIAN_POINT('',(0.0376873731935692,-0.0153900029231443,0.10244375));
#7990=CARTESIAN_POINT('',(0.0387490021450607,-0.0158850486333437,0.102385416666667));
#7991=CARTESIAN_POINT('',(0.0388510944597391,-0.0170519691298281,0.102327083333333));
#7992=CARTESIAN_POINT('',(0.0389531867744175,-0.0182188896263125,0.10226875));
#7993=CARTESIAN_POINT('',(0.0379936501376045,-0.0188907644125975,0.102210416666667));
#7994=CARTESIAN_POINT('',(0.0370341135007915,-0.0195626391988823,0.102152083333333));
#7995=CARTESIAN_POINT('',(0.0359724845493,-0.0190675934886828,0.10209375));
#7996=CARTESIAN_POINT('',(0.0349108555978086,-0.0185725477784833,0.102035416666667));
#7997=CARTESIAN_POINT('',(0.0348087632831302,-0.0174056272819988,0.101977083333333));
#7998=CARTESIAN_POINT('',(0.0347066709684517,-0.0162387067855145,0.10191875));
#7999=CARTESIAN_POINT('',(0.0356662076052647,-0.0155668319992296,0.101860416666667));
#8000=CARTESIAN_POINT('',(0.0366257442420778,-0.0148949572129447,0.101802083333333));
#8001=CARTESIAN_POINT('',(0.0376873731935692,-0.0153900029231443,0.10174375));
#8002=CARTESIAN_POINT('',(0.0387490021450607,-0.0158850486333437,0.101685416666667));
#8003=CARTESIAN_POINT('',(0.0388510944597391,-0.0170519691298281,0.101627083333333));
#8004=CARTESIAN_POINT('',(0.0389531867744175,-0.0182188896263125,0.10156875));
#8005=CARTESIAN_POINT('',(0.0379936501376045,-0.0188907644125975,0.101510416666667));
#8006=CARTESIAN_POINT('',(0.0370341135007915,-0.0195626391988823,0.101452083333333));
#8007=CARTESIAN_POINT('',(0.0359724845493,-0.0190675934886828,0.10139375));
#8008=CARTESIAN_POINT('',(0.0349108555978086,-0.0185725477784833,0.101335416666667));
#8009=CARTESIAN_POINT('',(0.0348087632831302,-0.0174056272819988,0.101277083333333));
#8010=CARTESIAN_POINT('',(0.0347066709684517,-0.0162387067855145,0.10121875));
#8011=CARTESIAN_POINT('',(0.0356662076052647,-0.0155668319992296,0.101160416666667));
#8012=CARTESIAN_POINT('',(0.0366257442420778,-0.0148949572129447,0.101102083333333));
#8013=CARTESIAN_POINT('',(0.0376873731935692,-0.0153900029231443,0.10104375));
#8014=CARTESIAN_POINT('',(0.0387490021450607,-0.0158850486333437,0.100985416666667));
#8015=CARTESIAN_POINT('',(0.0388510944597391,-0.0170519691298281,0.100927083333333));
#8016=CARTESIAN_POINT('',(0.0389531867744175,-0.0182188896263125,0.10086875));
#8017=CARTESIAN_POINT('',(0.0379936501376045,-0.0188907644125975,0.100810416666667));
#8018=CARTESIAN_POINT('',(0.0370341135007915,-0.0195626391988823,0.100752083333333));
#8019=CARTESIAN_POINT('',(0.0359724845493,-0.0190675934886828,0.10069375));
#8020=CARTESIAN_POINT('',(0.0349108555978086,-0.0185725477784833,0.100635416666667));
#8021=CARTESIAN_POINT('',(0.0348087632831302,-0.0174056272819988,0.100577083333333));
#8022=CARTESIAN_POINT('',(0.0347066709684517,-0.0162387067855145,0.10051875));
#8023=CARTESIAN_POINT('',(0.0356662076052647,-0.0155668319992296,0.100460416666667));
#8024=CARTESIAN_POINT('',(0.0366257442420778,-0.0148949572129447,0.100402083333333));
#8025=CARTESIAN_POINT('',(0.0376873731935692,-0.0153900029231443,0.10034375));
#8026=CARTESIAN_POINT('',(0.0387490021450607,-0.0158850486333437,0.100285416666667));
#8027=CARTESIAN_POINT('',(0.0388510944597391,-0.0170519691298281,0.100227083333333));
#8028=CARTESIAN_POINT('',(0.0389531867744175,-0.0182188896263125,0.10016875));
#8029=CARTESIAN_POINT('',(0.0379936501376045,-0.0188907644125975,0.100110416666667));
#8030=CARTESIAN_POINT('',(0.0370341135007915,-0.0195626391988823,0.100052083333333));
#8031=CARTESIAN_POINT('',(0.0359724845493,-0.0190675934886828,0.09999375));
#8032=CARTESIAN_POINT('',(0.0349108555978086,-0.0185725477784833,0.0999354166666666));
#8033=CARTESIAN_POINT('',(0.0348087632831302,-0.0174056272819988,0.0998770833333334));
#8034=CARTESIAN_POINT('',(0.0347066709684517,-0.0162387067855145,0.09981875));
#8035=CARTESIAN_POINT('',(0.0356662076052647,-0.0155668319992296,0.0997604166666667));
#8036=CARTESIAN_POINT('',(0.0366257442420778,-0.0148949572129447,0.0997020833333334));
#8037=CARTESIAN_POINT('',(0.0376873731935692,-0.0153900029231443,0.09964375));
#8038=CARTESIAN_POINT('',(0.0387490021450607,-0.0158850486333437,0.0995854166666667));
#8039=CARTESIAN_POINT('',(0.0388510944597391,-0.0170519691298281,0.0995270833333333));
#8040=CARTESIAN_POINT('',(0.0389531867744175,-0.0182188896263125,0.09946875));
#8041=CARTESIAN_POINT('',(0.0379936501376045,-0.0188907644125975,0.0994104166666667));
#8042=CARTESIAN_POINT('',(0.0370341135007915,-0.0195626391988823,0.0993520833333333));
#8043=CARTESIAN_POINT('',(0.0359724845493,-0.0190675934886828,0.09929375));
#8044=CARTESIAN_POINT('',(0.0349108555978086,-0.0185725477784833,0.0992354166666666));
#8045=CARTESIAN_POINT('',(0.0348087632831302,-0.0174056272819988,0.0991770833333333));
#8046=CARTESIAN_POINT('',(0.0347066709684517,-0.0162387067855145,0.0991187500000001));
#8047=CARTESIAN_POINT('',(0.0356662076052647,-0.0155668319992296,0.0990604166666667));
#8048=CARTESIAN_POINT('',(0.0366257442420778,-0.0148949572129447,0.0990020833333334));
#8049=CARTESIAN_POINT('',(0.0376873731935692,-0.0153900029231443,0.09894375));
#8050=CARTESIAN_POINT('',(0.0387490021450607,-0.0158850486333437,0.0988854166666667));
#8051=CARTESIAN_POINT('',(0.0388510944597391,-0.0170519691298281,0.0988270833333333));
#8052=CARTESIAN_POINT('',(0.0389531867744175,-0.0182188896263125,0.09876875));
#8053=CARTESIAN_POINT('',(0.0379936501376045,-0.0188907644125975,0.0987104166666667));
#8054=CARTESIAN_POINT('',(0.0370341135007915,-0.0195626391988823,0.0986520833333333));
#8055=CARTESIAN_POINT('',(0.0359724845493,-0.0190675934886828,0.09859375));
#8056=CARTESIAN_POINT('',(0.0349108555978086,-0.0185725477784833,0.0985354166666666));
#8057=CARTESIAN_POINT('',(0.0348087632831302,-0.0174056272819988,0.0984770833333334));
#8058=CARTESIAN_POINT('',(0.0347066709684517,-0.0162387067855145,0.0984187499999999));
#8059=CARTESIAN_POINT('',(0.0356662076052647,-0.0155668319992296,0.0983604166666667));
#8060=CARTESIAN_POINT('',(0.0366257442420778,-0.0148949572129447,0.0983020833333334));
#8061=CARTESIAN_POINT('',(0.0376873731935692,-0.0153900029231443,0.09824375));
#8062=CARTESIAN_POINT('',(0.0387490021450607,-0.0158850486333437,0.0981854166666667));
#8063=CARTESIAN_POINT('',(0.0388510944597391,-0.0170519691298281,0.0981270833333334));
#8064=CARTESIAN_POINT('',(0.0389531867744175,-0.0182188896263125,0.09806875));
#8065=CARTESIAN_POINT('',(0.0379936501376045,-0.0188907644125975,0.0980104166666667));
#8066=CARTESIAN_POINT('',(0.0374271132449378,-0.0192874578155166,0.0979759750579384));
#8067=CARTESIAN_POINT('',(0.0367362372251132,-0.0192555198772105,0.0979365589784847));
#8068=CARTESIAN_POINT('',(0.0361326087395625,-0.018724206054524,0.108875));
#8069=CARTESIAN_POINT('',(0.0352692346156189,-0.0183216080886763,0.108816666666667));
#8070=CARTESIAN_POINT('',(0.0351862076195832,-0.0173726051814472,0.108758333333333));
#8071=CARTESIAN_POINT('',(0.0351031806235475,-0.016423602274218,0.1087));
#8072=CARTESIAN_POINT('',(0.0358835277514554,-0.0158771973328366,0.108641666666667));
#8073=CARTESIAN_POINT('',(0.0366638748793632,-0.0153307923914553,0.108583333333333));
#8074=CARTESIAN_POINT('',(0.0375272490033068,-0.0157333903573031,0.108525));
#8075=CARTESIAN_POINT('',(0.0383906231272503,-0.0161359883231507,0.108466666666667));
#8076=CARTESIAN_POINT('',(0.038473650123286,-0.0170849912303798,0.108408333333333));
#8077=CARTESIAN_POINT('',(0.0385566771193217,-0.018033994137609,0.10835));
#8078=CARTESIAN_POINT('',(0.0377763299914139,-0.0185803990789903,0.108291666666667));
#8079=CARTESIAN_POINT('',(0.036995982863506,-0.0191268040203717,0.108233333333333));
#8080=CARTESIAN_POINT('',(0.0361326087395625,-0.018724206054524,0.108175));
#8081=CARTESIAN_POINT('',(0.0352692346156189,-0.0183216080886763,0.108116666666667));
#8082=CARTESIAN_POINT('',(0.0351862076195832,-0.0173726051814472,0.108058333333333));
#8083=CARTESIAN_POINT('',(0.0351031806235475,-0.016423602274218,0.108));
#8084=CARTESIAN_POINT('',(0.0358835277514554,-0.0158771973328366,0.107941666666667));
#8085=CARTESIAN_POINT('',(0.0366638748793632,-0.0153307923914553,0.107883333333333));
#8086=CARTESIAN_POINT('',(0.0375272490033068,-0.0157333903573031,0.107825));
#8087=CARTESIAN_POINT('',(0.0383906231272503,-0.0161359883231507,0.107766666666667));
#8088=CARTESIAN_POINT('',(0.038473650123286,-0.0170849912303798,0.107708333333333));
#8089=CARTESIAN_POINT('',(0.0385566771193217,-0.018033994137609,0.10765));
#8090=CARTESIAN_POINT('',(0.0377763299914139,-0.0185803990789903,0.107591666666667));
#8091=CARTESIAN_POINT('',(0.036995982863506,-0.0191268040203717,0.107533333333333));
#8092=CARTESIAN_POINT('',(0.0361326087395625,-0.018724206054524,0.107475));
#8093=CARTESIAN_POINT('',(0.0352692346156189,-0.0183216080886763,0.107416666666667));
#8094=CARTESIAN_POINT('',(0.0351862076195832,-0.0173726051814472,0.107358333333333));
#8095=CARTESIAN_POINT('',(0.0351031806235475,-0.016423602274218,0.1073));
#8096=CARTESIAN_POINT('',(0.0358835277514554,-0.0158771973328366,0.107241666666667));
#8097=CARTESIAN_POINT('',(0.0366638748793632,-0.0153307923914553,0.107183333333333));
#8098=CARTESIAN_POINT('',(0.0375272490033068,-0.0157333903573031,0.107125));
#8099=CARTESIAN_POINT('',(0.0383906231272503,-0.0161359883231507,0.107066666666667));
#8100=CARTESIAN_POINT('',(0.038473650123286,-0.0170849912303798,0.107008333333333));
#8101=CARTESIAN_POINT('',(0.0385566771193217,-0.018033994137609,0.10695));
#8102=CARTESIAN_POINT('',(0.0377763299914139,-0.0185803990789903,0.106891666666667));
#8103=CARTESIAN_POINT('',(0.036995982863506,-0.0191268040203717,0.106833333333333));
#8104=CARTESIAN_POINT('',(0.0361326087395625,-0.018724206054524,0.106775));
#8105=CARTESIAN_POINT('',(0.0352692346156189,-0.0183216080886763,0.106716666666667));
#8106=CARTESIAN_POINT('',(0.0351862076195832,-0.0173726051814472,0.106658333333333));
#8107=CARTESIAN_POINT('',(0.0351031806235475,-0.016423602274218,0.1066));
#8108=CARTESIAN_POINT('',(0.0358835277514554,-0.0158771973328366,0.106541666666667));
#8109=CARTESIAN_POINT('',(0.0366638748793632,-0.0153307923914553,0.106483333333333));
#8110=CARTESIAN_POINT('',(0.0375272490033068,-0.0157333903573031,0.106425));
#8111=CARTESIAN_POINT('',(0.0383906231272503,-0.0161359883231507,0.106366666666667));
#8112=CARTESIAN_POINT('',(0.038473650123286,-0.0170849912303798,0.106308333333333));
#8113=CARTESIAN_POINT('',(0.0385566771193217,-0.018033994137609,0.10625));
#8114=CARTESIAN_POINT('',(0.0377763299914139,-0.0185803990789903,0.106191666666667));
#8115=CARTESIAN_POINT('',(0.036995982863506,-0.0191268040203717,0.106133333333333));
#8116=CARTESIAN_POINT('',(0.0361326087395625,-0.018724206054524,0.106075));
#8117=CARTESIAN_POINT('',(0.0352692346156189,-0.0183216080886763,0.106016666666667));
#8118=CARTESIAN_POINT('',(0.0351862076195832,-0.0173726051814472,0.105958333333333));
#8119=CARTESIAN_POINT('',(0.0351031806235475,-0.016423602274218,0.1059));
#8120=CARTESIAN_POINT('',(0.0358835277514554,-0.0158771973328366,0.105841666666667));
#8121=CARTESIAN_POINT('',(0.0366638748793632,-0.0153307923914553,0.105783333333333));
#8122=CARTESIAN_POINT('',(0.0375272490033068,-0.0157333903573031,0.105725));
#8123=CARTESIAN_POINT('',(0.0383906231272503,-0.0161359883231507,0.105666666666667));
#8124=CARTESIAN_POINT('',(0.038473650123286,-0.0170849912303798,0.105608333333333));
#8125=CARTESIAN_POINT('',(0.0385566771193217,-0.018033994137609,0.10555));
#8126=CARTESIAN_POINT('',(0.0377763299914139,-0.0185803990789903,0.105491666666667));
#8127=CARTESIAN_POINT('',(0.036995982863506,-0.0191268040203717,0.105433333333333));
#8128=CARTESIAN_POINT('',(0.0361326087395625,-0.018724206054524,0.105375));
#8129=CARTESIAN_POINT('',(0.0352692346156189,-0.0183216080886763,0.105316666666667));
#8130=CARTESIAN_POINT('',(0.0351862076195832,-0.0173726051814472,0.105258333333333));
#8131=CARTESIAN_POINT('',(0.0351031806235475,-0.016423602274218,0.1052));
#8132=CARTESIAN_POINT('',(0.0358835277514554,-0.0158771973328366,0.105141666666667));
#8133=CARTESIAN_POINT('',(0.0366638748793632,-0.0153307923914553,0.105083333333333));
#8134=CARTESIAN_POINT('',(0.0375272490033068,-0.0157333903573031,0.105025));
#8135=CARTESIAN_POINT('',(0.0383906231272503,-0.0161359883231507,0.104966666666667));
#8136=CARTESIAN_POINT('',(0.038473650123286,-0.0170849912303798,0.104908333333333));
#8137=CARTESIAN_POINT('',(0.0385566771193217,-0.018033994137609,0.10485));
#8138=CARTESIAN_POINT('',(0.0377763299914139,-0.0185803990789903,0.104791666666667));
#8139=CARTESIAN_POINT('',(0.036995982863506,-0.0191268040203717,0.104733333333333));
#8140=CARTESIAN_POINT('',(0.0361326087395625,-0.018724206054524,0.104675));
#8141=CARTESIAN_POINT('',(0.0352692346156189,-0.0183216080886763,0.104616666666667));
#8142=CARTESIAN_POINT('',(0.0351862076195832,-0.0173726051814472,0.104558333333333));
#8143=CARTESIAN_POINT('',(0.0351031806235475,-0.016423602274218,0.1045));
#8144=CARTESIAN_POINT('',(0.0358835277514554,-0.0158771973328366,0.104441666666667));
#8145=CARTESIAN_POINT('',(0.0366638748793632,-0.0153307923914553,0.104383333333333));
#8146=CARTESIAN_POINT('',(0.0375272490033068,-0.0157333903573031,0.104325));
#8147=CARTESIAN_POINT('',(0.0383906231272503,-0.0161359883231507,0.104266666666667));
#8148=CARTESIAN_POINT('',(0.038473650123286,-0.0170849912303798,0.104208333333333));
#8149=CARTESIAN_POINT('',(0.0385566771193217,-0.018033994137609,0.10415));
#8150=CARTESIAN_POINT('',(0.0377763299914139,-0.0185803990789903,0.104091666666667));
#8151=CARTESIAN_POINT('',(0.036995982863506,-0.0191268040203717,0.104033333333333));
#8152=CARTESIAN_POINT('',(0.0361326087395625,-0.018724206054524,0.103975));
#8153=CARTESIAN_POINT('',(0.0352692346156189,-0.0183216080886763,0.103916666666667));
#8154=CARTESIAN_POINT('',(0.0351862076195832,-0.0173726051814472,0.103858333333333));
#8155=CARTESIAN_POINT('',(0.0351031806235475,-0.016423602274218,0.1038));
#8156=CARTESIAN_POINT('',(0.0358835277514554,-0.0158771973328366,0.103741666666667));
#8157=CARTESIAN_POINT('',(0.0366638748793632,-0.0153307923914553,0.103683333333333));
#8158=CARTESIAN_POINT('',(0.0375272490033068,-0.0157333903573031,0.103625));
#8159=CARTESIAN_POINT('',(0.0383906231272503,-0.0161359883231507,0.103566666666667));
#8160=CARTESIAN_POINT('',(0.038473650123286,-0.0170849912303798,0.103508333333333));
#8161=CARTESIAN_POINT('',(0.0385566771193217,-0.018033994137609,0.10345));
#8162=CARTESIAN_POINT('',(0.0377763299914139,-0.0185803990789903,0.103391666666667));
#8163=CARTESIAN_POINT('',(0.036995982863506,-0.0191268040203717,0.103333333333333));
#8164=CARTESIAN_POINT('',(0.0361326087395625,-0.018724206054524,0.103275));
#8165=CARTESIAN_POINT('',(0.0352692346156189,-0.0183216080886763,0.103216666666667));
#8166=CARTESIAN_POINT('',(0.0351862076195832,-0.0173726051814472,0.103158333333333));
#8167=CARTESIAN_POINT('',(0.0351031806235475,-0.016423602274218,0.1031));
#8168=CARTESIAN_POINT('',(0.0358835277514554,-0.0158771973328366,0.103041666666667));
#8169=CARTESIAN_POINT('',(0.0366638748793632,-0.0153307923914553,0.102983333333333));
#8170=CARTESIAN_POINT('',(0.0375272490033068,-0.0157333903573031,0.102925));
#8171=CARTESIAN_POINT('',(0.0383906231272503,-0.0161359883231507,0.102866666666667));
#8172=CARTESIAN_POINT('',(0.038473650123286,-0.0170849912303798,0.102808333333333));
#8173=CARTESIAN_POINT('',(0.0385566771193217,-0.018033994137609,0.10275));
#8174=CARTESIAN_POINT('',(0.0377763299914139,-0.0185803990789903,0.102691666666667));
#8175=CARTESIAN_POINT('',(0.036995982863506,-0.0191268040203717,0.102633333333333));
#8176=CARTESIAN_POINT('',(0.0361326087395625,-0.018724206054524,0.102575));
#8177=CARTESIAN_POINT('',(0.0352692346156189,-0.0183216080886763,0.102516666666667));
#8178=CARTESIAN_POINT('',(0.0351862076195832,-0.0173726051814472,0.102458333333333));
#8179=CARTESIAN_POINT('',(0.0351031806235475,-0.016423602274218,0.1024));
#8180=CARTESIAN_POINT('',(0.0358835277514554,-0.0158771973328366,0.102341666666667));
#8181=CARTESIAN_POINT('',(0.0366638748793632,-0.0153307923914553,0.102283333333333));
#8182=CARTESIAN_POINT('',(0.0375272490033068,-0.0157333903573031,0.102225));
#8183=CARTESIAN_POINT('',(0.0383906231272503,-0.0161359883231507,0.102166666666667));
#8184=CARTESIAN_POINT('',(0.038473650123286,-0.0170849912303798,0.102108333333333));
#8185=CARTESIAN_POINT('',(0.0385566771193217,-0.018033994137609,0.10205));
#8186=CARTESIAN_POINT('',(0.0377763299914139,-0.0185803990789903,0.101991666666667));
#8187=CARTESIAN_POINT('',(0.036995982863506,-0.0191268040203717,0.101933333333333));
#8188=CARTESIAN_POINT('',(0.0361326087395625,-0.018724206054524,0.101875));
#8189=CARTESIAN_POINT('',(0.0352692346156189,-0.0183216080886763,0.101816666666667));
#8190=CARTESIAN_POINT('',(0.0351862076195832,-0.0173726051814472,0.101758333333333));
#8191=CARTESIAN_POINT('',(0.0351031806235475,-0.016423602274218,0.1017));
#8192=CARTESIAN_POINT('',(0.0358835277514554,-0.0158771973328366,0.101641666666667));
#8193=CARTESIAN_POINT('',(0.0366638748793632,-0.0153307923914553,0.101583333333333));
#8194=CARTESIAN_POINT('',(0.0375272490033067,-0.015733390357303,0.101525));
#8195=CARTESIAN_POINT('',(0.0383906231272503,-0.0161359883231507,0.101466666666667));
#8196=CARTESIAN_POINT('',(0.038473650123286,-0.0170849912303798,0.101408333333333));
#8197=CARTESIAN_POINT('',(0.0385566771193217,-0.018033994137609,0.10135));
#8198=CARTESIAN_POINT('',(0.0377763299914139,-0.0185803990789903,0.101291666666667));
#8199=CARTESIAN_POINT('',(0.036995982863506,-0.0191268040203717,0.101233333333333));
#8200=CARTESIAN_POINT('',(0.0361326087395625,-0.018724206054524,0.101175));
#8201=CARTESIAN_POINT('',(0.0352692346156189,-0.0183216080886763,0.101116666666667));
#8202=CARTESIAN_POINT('',(0.0351862076195832,-0.0173726051814472,0.101058333333333));
#8203=CARTESIAN_POINT('',(0.0351031806235475,-0.016423602274218,0.101));
#8204=CARTESIAN_POINT('',(0.0358835277514554,-0.0158771973328367,0.100941666666667));
#8205=CARTESIAN_POINT('',(0.0366638748793632,-0.0153307923914553,0.100883333333333));
#8206=CARTESIAN_POINT('',(0.0375272490033068,-0.0157333903573031,0.100825));
#8207=CARTESIAN_POINT('',(0.0383906231272503,-0.0161359883231507,0.100766666666667));
#8208=CARTESIAN_POINT('',(0.038473650123286,-0.0170849912303798,0.100708333333333));
#8209=CARTESIAN_POINT('',(0.0385566771193217,-0.018033994137609,0.10065));
#8210=CARTESIAN_POINT('',(0.0377763299914139,-0.0185803990789903,0.100591666666667));
#8211=CARTESIAN_POINT('',(0.036995982863506,-0.0191268040203717,0.100533333333333));
#8212=CARTESIAN_POINT('',(0.0361326087395625,-0.018724206054524,0.100475));
#8213=CARTESIAN_POINT('',(0.0352692346156189,-0.0183216080886763,0.100416666666667));
#8214=CARTESIAN_POINT('',(0.0351862076195832,-0.0173726051814472,0.100358333333333));
#8215=CARTESIAN_POINT('',(0.0351031806235475,-0.016423602274218,0.1003));
#8216=CARTESIAN_POINT('',(0.0358835277514554,-0.0158771973328366,0.100241666666667));
#8217=CARTESIAN_POINT('',(0.0366638748793632,-0.0153307923914553,0.100183333333333));
#8218=CARTESIAN_POINT('',(0.0375272490033067,-0.015733390357303,0.100125));
#8219=CARTESIAN_POINT('',(0.0383906231272503,-0.0161359883231507,0.100066666666667));
#8220=CARTESIAN_POINT('',(0.038473650123286,-0.0170849912303798,0.100008333333333));
#8221=CARTESIAN_POINT('',(0.0385566771193217,-0.018033994137609,0.09995));
#8222=CARTESIAN_POINT('',(0.0377763299914139,-0.0185803990789903,0.0998916666666667));
#8223=CARTESIAN_POINT('',(0.036995982863506,-0.0191268040203717,0.0998333333333333));
#8224=CARTESIAN_POINT('',(0.0361326087395625,-0.018724206054524,0.099775));
#8225=CARTESIAN_POINT('',(0.0352692346156189,-0.0183216080886763,0.0997166666666667));
#8226=CARTESIAN_POINT('',(0.0351862076195832,-0.0173726051814472,0.0996583333333333));
#8227=CARTESIAN_POINT('',(0.0351031806235475,-0.0164236022742181,0.0996));
#8228=CARTESIAN_POINT('',(0.0358835277514554,-0.0158771973328367,0.0995416666666667));
#8229=CARTESIAN_POINT('',(0.0366638748793632,-0.0153307923914553,0.0994833333333333));
#8230=CARTESIAN_POINT('',(0.0375272490033068,-0.0157333903573031,0.099425));
#8231=CARTESIAN_POINT('',(0.0383906231272503,-0.0161359883231507,0.0993666666666666));
#8232=CARTESIAN_POINT('',(0.038473650123286,-0.0170849912303798,0.0993083333333333));
#8233=CARTESIAN_POINT('',(0.0385566771193217,-0.018033994137609,0.09925));
#8234=CARTESIAN_POINT('',(0.0377763299914139,-0.0185803990789903,0.0991916666666667));
#8235=CARTESIAN_POINT('',(0.036995982863506,-0.0191268040203717,0.0991333333333334));
#8236=CARTESIAN_POINT('',(0.0361326087395625,-0.018724206054524,0.099075));
#8237=CARTESIAN_POINT('',(0.0352692346156189,-0.0183216080886763,0.0990166666666667));
#8238=CARTESIAN_POINT('',(0.0351862076195832,-0.0173726051814472,0.0989583333333333));
#8239=CARTESIAN_POINT('',(0.0351031806235475,-0.016423602274218,0.0989));
#8240=CARTESIAN_POINT('',(0.0358835277514554,-0.0158771973328366,0.0988416666666667));
#8241=CARTESIAN_POINT('',(0.0366638748793632,-0.0153307923914553,0.0987833333333333));
#8242=CARTESIAN_POINT('',(0.0375272490033067,-0.015733390357303,0.098725));
#8243=CARTESIAN_POINT('',(0.0383906231272503,-0.0161359883231507,0.0986666666666666));
#8244=CARTESIAN_POINT('',(0.038473650123286,-0.0170849912303798,0.0986083333333334));
#8245=CARTESIAN_POINT('',(0.0385566771193217,-0.018033994137609,0.0985499999999999));
#8246=CARTESIAN_POINT('',(0.0377763299914139,-0.0185803990789903,0.0984916666666667));
#8247=CARTESIAN_POINT('',(0.036995982863506,-0.0191268040203717,0.0984333333333334));
#8248=CARTESIAN_POINT('',(0.0361326087395625,-0.018724206054524,0.098375));
#8249=CARTESIAN_POINT('',(0.0352692346156189,-0.0183216080886763,0.0983166666666667));
#8250=CARTESIAN_POINT('',(0.0351862076195832,-0.0173726051814472,0.0982583333333334));
#8251=CARTESIAN_POINT('',(0.0351031806235475,-0.0164236022742181,0.0982));
#8252=CARTESIAN_POINT('',(0.0358835277514554,-0.0158771973328367,0.0981416666666667));
#8253=CARTESIAN_POINT('',(0.0366638748793632,-0.0153307923914553,0.0980833333333333));
#8254=CARTESIAN_POINT('',(0.0375272490033068,-0.0157333903573031,0.098025));
#8255=CARTESIAN_POINT('',(0.0383906231272503,-0.0161359883231507,0.0979666666666666));
#8256=CARTESIAN_POINT('',(0.038473650123286,-0.0170849912303798,0.0979083333333333));
#8257=CARTESIAN_POINT('',(0.0385566771193217,-0.018033994137609,0.09785));
#8258=CARTESIAN_POINT('',(0.0377763299914139,-0.0185803990789903,0.0977916666666667));
#8259=CARTESIAN_POINT('',(0.036995982863506,-0.0191268040203717,0.0977333333333334));
#8260=CARTESIAN_POINT('',(0.0361326087395625,-0.018724206054524,0.097675));
#8261=CARTESIAN_POINT('',(0.0352692346156189,-0.0183216080886763,0.0976166666666667));
#8262=CARTESIAN_POINT('',(0.0351862076195832,-0.0173726051814472,0.0975583333333333));
#8263=CARTESIAN_POINT('',(0.0351031806235475,-0.0164236022742181,0.0975));
#8264=CARTESIAN_POINT('',(0.0358835277514554,-0.0158771973328366,0.0974416666666667));
#8265=CARTESIAN_POINT('',(0.0366638748793632,-0.0153307923914553,0.0973833333333333));
#8266=CARTESIAN_POINT('',(0.0375272490033067,-0.015733390357303,0.097325));
#8267=CARTESIAN_POINT('',(0.0383906231272503,-0.0161359883231507,0.0972666666666666));
#8268=CARTESIAN_POINT('',(0.038473650123286,-0.0170849912303798,0.0972083333333333));
#8269=CARTESIAN_POINT('',(0.0385566771193217,-0.018033994137609,0.09715));
#8270=CARTESIAN_POINT('',(0.0377763299914139,-0.0185803990789903,0.0970916666666667));
#8271=CARTESIAN_POINT('',(0.036995982863506,-0.0191268040203717,0.0970333333333334));
#8272=CARTESIAN_POINT('',(0.0361326087395625,-0.018724206054524,0.096975));
#8273=CARTESIAN_POINT('',(0.0352692346156189,-0.0183216080886763,0.0969166666666667));
#8274=CARTESIAN_POINT('',(0.0351862076195832,-0.0173726051814472,0.0968583333333334));
#8275=CARTESIAN_POINT('',(0.0351031806235475,-0.0164236022742181,0.0968));
#8276=CARTESIAN_POINT('',(0.0358835277514554,-0.0158771973328367,0.0967416666666667));
#8277=CARTESIAN_POINT('',(0.0366638748793632,-0.0153307923914553,0.0966833333333333));
#8278=CARTESIAN_POINT('',(0.0375272490033068,-0.015733390357303,0.096625));
#8279=CARTESIAN_POINT('',(0.0383906231272503,-0.0161359883231507,0.0965666666666666));
#8280=CARTESIAN_POINT('',(0.038473650123286,-0.0170849912303798,0.0965083333333333));
#8281=CARTESIAN_POINT('',(0.0385566771193217,-0.018033994137609,0.09645));
#8282=CARTESIAN_POINT('',(0.0377763299914139,-0.0185803990789903,0.0963916666666667));
#8283=CARTESIAN_POINT('',(0.036995982863506,-0.0191268040203717,0.0963333333333334));
#8284=CARTESIAN_POINT('',(0.0361326087395625,-0.018724206054524,0.096275));
#8285=CARTESIAN_POINT('',(0.0359724845493,-0.0190675934886827,0.10909375));
#8286=CARTESIAN_POINT('',(0.0349108555978086,-0.0185725477784833,0.109035416666667));
#8287=CARTESIAN_POINT('',(0.0348087632831302,-0.0174056272819988,0.108977083333333));
#8288=CARTESIAN_POINT('',(0.0347066709684517,-0.0162387067855145,0.10891875));
#8289=CARTESIAN_POINT('',(0.0356662076052647,-0.0155668319992296,0.108860416666667));
#8290=CARTESIAN_POINT('',(0.0366257442420778,-0.0148949572129447,0.108802083333333));
#8291=CARTESIAN_POINT('',(0.0376873731935692,-0.0153900029231443,0.10874375));
#8292=CARTESIAN_POINT('',(0.0387490021450607,-0.0158850486333437,0.108685416666667));
#8293=CARTESIAN_POINT('',(0.0388510944597391,-0.0170519691298281,0.108627083333333));
#8294=CARTESIAN_POINT('',(0.0389531867744175,-0.0182188896263125,0.10856875));
#8295=CARTESIAN_POINT('',(0.0379936501376045,-0.0188907644125975,0.108510416666667));
#8296=CARTESIAN_POINT('',(0.0370341135007915,-0.0195626391988823,0.108452083333333));
#8297=CARTESIAN_POINT('',(0.0359724845493,-0.0190675934886827,0.10839375));
#8298=CARTESIAN_POINT('',(0.0349108555978086,-0.0185725477784833,0.108335416666667));
#8299=CARTESIAN_POINT('',(0.0348087632831302,-0.0174056272819988,0.108277083333333));
#8300=CARTESIAN_POINT('',(0.0347066709684517,-0.0162387067855145,0.10821875));
#8301=CARTESIAN_POINT('',(0.0356662076052647,-0.0155668319992296,0.108160416666667));
#8302=CARTESIAN_POINT('',(0.0366257442420778,-0.0148949572129447,0.108102083333333));
#8303=CARTESIAN_POINT('',(0.0376873731935692,-0.0153900029231443,0.10804375));
#8304=CARTESIAN_POINT('',(0.0387490021450607,-0.0158850486333437,0.107985416666667));
#8305=CARTESIAN_POINT('',(0.0388510944597391,-0.0170519691298281,0.107927083333333));
#8306=CARTESIAN_POINT('',(0.0389531867744175,-0.0182188896263125,0.10786875));
#8307=CARTESIAN_POINT('',(0.0379936501376045,-0.0188907644125975,0.107810416666667));
#8308=CARTESIAN_POINT('',(0.0370341135007915,-0.0195626391988823,0.107752083333333));
#8309=CARTESIAN_POINT('',(0.0359724845493,-0.0190675934886827,0.10769375));
#8310=CARTESIAN_POINT('',(0.0349108555978086,-0.0185725477784833,0.107635416666667));
#8311=CARTESIAN_POINT('',(0.0348087632831302,-0.0174056272819988,0.107577083333333));
#8312=CARTESIAN_POINT('',(0.0347066709684517,-0.0162387067855145,0.10751875));
#8313=CARTESIAN_POINT('',(0.0356662076052647,-0.0155668319992296,0.107460416666667));
#8314=CARTESIAN_POINT('',(0.0366257442420778,-0.0148949572129447,0.107402083333333));
#8315=CARTESIAN_POINT('',(0.0376873731935692,-0.0153900029231443,0.10734375));
#8316=CARTESIAN_POINT('',(0.0387490021450607,-0.0158850486333437,0.107285416666667));
#8317=CARTESIAN_POINT('',(0.0388510944597391,-0.0170519691298281,0.107227083333333));
#8318=CARTESIAN_POINT('',(0.0389531867744175,-0.0182188896263125,0.10716875));
#8319=CARTESIAN_POINT('',(0.0379936501376045,-0.0188907644125974,0.107110416666667));
#8320=CARTESIAN_POINT('',(0.0370341135007915,-0.0195626391988823,0.107052083333333));
#8321=CARTESIAN_POINT('',(0.0359724845493,-0.0190675934886827,0.10699375));
#8322=CARTESIAN_POINT('',(0.0349108555978086,-0.0185725477784833,0.106935416666667));
#8323=CARTESIAN_POINT('',(0.0348087632831302,-0.0174056272819988,0.106877083333333));
#8324=CARTESIAN_POINT('',(0.0347066709684517,-0.0162387067855145,0.10681875));
#8325=CARTESIAN_POINT('',(0.0356662076052647,-0.0155668319992296,0.106760416666667));
#8326=CARTESIAN_POINT('',(0.0366257442420778,-0.0148949572129447,0.106702083333333));
#8327=CARTESIAN_POINT('',(0.0376873731935692,-0.0153900029231443,0.10664375));
#8328=CARTESIAN_POINT('',(0.0387490021450607,-0.0158850486333437,0.106585416666667));
#8329=CARTESIAN_POINT('',(0.0388510944597391,-0.0170519691298281,0.106527083333333));
#8330=CARTESIAN_POINT('',(0.0389531867744175,-0.0182188896263125,0.10646875));
#8331=CARTESIAN_POINT('',(0.0379936501376045,-0.0188907644125974,0.106410416666667));
#8332=CARTESIAN_POINT('',(0.0370341135007915,-0.0195626391988823,0.106352083333333));
#8333=CARTESIAN_POINT('',(0.0359724845493,-0.0190675934886827,0.10629375));
#8334=CARTESIAN_POINT('',(0.0349108555978086,-0.0185725477784833,0.106235416666667));
#8335=CARTESIAN_POINT('',(0.0348087632831302,-0.0174056272819988,0.106177083333333));
#8336=CARTESIAN_POINT('',(0.0347066709684517,-0.0162387067855145,0.10611875));
#8337=CARTESIAN_POINT('',(0.0356662076052647,-0.0155668319992296,0.106060416666667));
#8338=CARTESIAN_POINT('',(0.0366257442420778,-0.0148949572129447,0.106002083333333));
#8339=CARTESIAN_POINT('',(0.0376873731935692,-0.0153900029231443,0.10594375));
#8340=CARTESIAN_POINT('',(0.0387490021450607,-0.0158850486333437,0.105885416666667));
#8341=CARTESIAN_POINT('',(0.0388510944597391,-0.0170519691298281,0.105827083333333));
#8342=CARTESIAN_POINT('',(0.0389531867744175,-0.0182188896263125,0.10576875));
#8343=CARTESIAN_POINT('',(0.0379936501376045,-0.0188907644125974,0.105710416666667));
#8344=CARTESIAN_POINT('',(0.0370341135007915,-0.0195626391988823,0.105652083333333));
#8345=CARTESIAN_POINT('',(0.0359724845493,-0.0190675934886828,0.10559375));
#8346=CARTESIAN_POINT('',(0.0349108555978086,-0.0185725477784833,0.105535416666667));
#8347=CARTESIAN_POINT('',(0.0348087632831302,-0.0174056272819988,0.105477083333333));
#8348=CARTESIAN_POINT('',(0.0347066709684517,-0.0162387067855145,0.10541875));
#8349=CARTESIAN_POINT('',(0.0356662076052647,-0.0155668319992296,0.105360416666667));
#8350=CARTESIAN_POINT('',(0.0366257442420778,-0.0148949572129447,0.105302083333333));
#8351=CARTESIAN_POINT('',(0.0376873731935692,-0.0153900029231443,0.10524375));
#8352=CARTESIAN_POINT('',(0.0387490021450607,-0.0158850486333437,0.105185416666667));
#8353=CARTESIAN_POINT('',(0.0388510944597391,-0.0170519691298281,0.105127083333333));
#8354=CARTESIAN_POINT('',(0.0389531867744175,-0.0182188896263125,0.10506875));
#8355=CARTESIAN_POINT('',(0.0379936501376045,-0.0188907644125974,0.105010416666667));
#8356=CARTESIAN_POINT('',(0.0370341135007915,-0.0195626391988823,0.104952083333333));
#8357=CARTESIAN_POINT('',(0.0359724845493,-0.0190675934886827,0.10489375));
#8358=CARTESIAN_POINT('',(0.0349108555978086,-0.0185725477784833,0.104835416666667));
#8359=CARTESIAN_POINT('',(0.0348087632831302,-0.0174056272819988,0.104777083333333));
#8360=CARTESIAN_POINT('',(0.0347066709684517,-0.0162387067855145,0.10471875));
#8361=CARTESIAN_POINT('',(0.0356662076052647,-0.0155668319992296,0.104660416666667));
#8362=CARTESIAN_POINT('',(0.0366257442420778,-0.0148949572129447,0.104602083333333));
#8363=CARTESIAN_POINT('',(0.0376873731935692,-0.0153900029231443,0.10454375));
#8364=CARTESIAN_POINT('',(0.0387490021450607,-0.0158850486333437,0.104485416666667));
#8365=CARTESIAN_POINT('',(0.0388510944597391,-0.0170519691298281,0.104427083333333));
#8366=CARTESIAN_POINT('',(0.0389531867744175,-0.0182188896263125,0.10436875));
#8367=CARTESIAN_POINT('',(0.0379936501376045,-0.0188907644125974,0.104310416666667));
#8368=CARTESIAN_POINT('',(0.0370341135007915,-0.0195626391988823,0.104252083333333));
#8369=CARTESIAN_POINT('',(0.0359724845493,-0.0190675934886827,0.10419375));
#8370=CARTESIAN_POINT('',(0.0349108555978086,-0.0185725477784833,0.104135416666667));
#8371=CARTESIAN_POINT('',(0.0348087632831302,-0.0174056272819988,0.104077083333333));
#8372=CARTESIAN_POINT('',(0.0347066709684517,-0.0162387067855145,0.10401875));
#8373=CARTESIAN_POINT('',(0.0356662076052647,-0.0155668319992296,0.103960416666667));
#8374=CARTESIAN_POINT('',(0.0366257442420777,-0.0148949572129447,0.103902083333333));
#8375=CARTESIAN_POINT('',(0.0376873731935692,-0.0153900029231443,0.10384375));
#8376=CARTESIAN_POINT('',(0.0387490021450607,-0.0158850486333437,0.103785416666667));
#8377=CARTESIAN_POINT('',(0.0388510944597391,-0.0170519691298281,0.103727083333333));
#8378=CARTESIAN_POINT('',(0.0389531867744175,-0.0182188896263125,0.10366875));
#8379=CARTESIAN_POINT('',(0.0379936501376045,-0.0188907644125974,0.103610416666667));
#8380=CARTESIAN_POINT('',(0.0370341135007915,-0.0195626391988823,0.103552083333333));
#8381=CARTESIAN_POINT('',(0.0359724845493,-0.0190675934886827,0.10349375));
#8382=CARTESIAN_POINT('',(0.0349108555978086,-0.0185725477784833,0.103435416666667));
#8383=CARTESIAN_POINT('',(0.0348087632831302,-0.0174056272819988,0.103377083333333));
#8384=CARTESIAN_POINT('',(0.0347066709684517,-0.0162387067855145,0.10331875));
#8385=CARTESIAN_POINT('',(0.0356662076052647,-0.0155668319992296,0.103260416666667));
#8386=CARTESIAN_POINT('',(0.0366257442420777,-0.0148949572129447,0.103202083333333));
#8387=CARTESIAN_POINT('',(0.0376873731935692,-0.0153900029231443,0.10314375));
#8388=CARTESIAN_POINT('',(0.0387490021450607,-0.0158850486333437,0.103085416666667));
#8389=CARTESIAN_POINT('',(0.0388510944597391,-0.0170519691298281,0.103027083333333));
#8390=CARTESIAN_POINT('',(0.0389531867744175,-0.0182188896263125,0.10296875));
#8391=CARTESIAN_POINT('',(0.0379936501376045,-0.0188907644125974,0.102910416666667));
#8392=CARTESIAN_POINT('',(0.0370341135007915,-0.0195626391988823,0.102852083333333));
#8393=CARTESIAN_POINT('',(0.0359724845493,-0.0190675934886828,0.10279375));
#8394=CARTESIAN_POINT('',(0.0349108555978086,-0.0185725477784833,0.102735416666667));
#8395=CARTESIAN_POINT('',(0.0348087632831302,-0.0174056272819988,0.102677083333333));
#8396=CARTESIAN_POINT('',(0.0347066709684517,-0.0162387067855145,0.10261875));
#8397=CARTESIAN_POINT('',(0.0356662076052647,-0.0155668319992296,0.102560416666667));
#8398=CARTESIAN_POINT('',(0.0366257442420777,-0.0148949572129447,0.102502083333333));
#8399=CARTESIAN_POINT('',(0.0376873731935692,-0.0153900029231443,0.10244375));
#8400=CARTESIAN_POINT('',(0.0387490021450607,-0.0158850486333437,0.102385416666667));
#8401=CARTESIAN_POINT('',(0.0388510944597391,-0.0170519691298281,0.102327083333333));
#8402=CARTESIAN_POINT('',(0.0389531867744175,-0.0182188896263125,0.10226875));
#8403=CARTESIAN_POINT('',(0.0379936501376045,-0.0188907644125974,0.102210416666667));
#8404=CARTESIAN_POINT('',(0.0370341135007915,-0.0195626391988823,0.102152083333333));
#8405=CARTESIAN_POINT('',(0.0359724845493,-0.0190675934886828,0.10209375));
#8406=CARTESIAN_POINT('',(0.0349108555978086,-0.0185725477784833,0.102035416666667));
#8407=CARTESIAN_POINT('',(0.0348087632831302,-0.0174056272819988,0.101977083333333));
#8408=CARTESIAN_POINT('',(0.0347066709684517,-0.0162387067855145,0.10191875));
#8409=CARTESIAN_POINT('',(0.0356662076052647,-0.0155668319992296,0.101860416666667));
#8410=CARTESIAN_POINT('',(0.0366257442420778,-0.0148949572129447,0.101802083333333));
#8411=CARTESIAN_POINT('',(0.0376873731935692,-0.0153900029231442,0.10174375));
#8412=CARTESIAN_POINT('',(0.0387490021450607,-0.0158850486333437,0.101685416666667));
#8413=CARTESIAN_POINT('',(0.0388510944597391,-0.0170519691298281,0.101627083333333));
#8414=CARTESIAN_POINT('',(0.0389531867744175,-0.0182188896263125,0.10156875));
#8415=CARTESIAN_POINT('',(0.0379936501376045,-0.0188907644125974,0.101510416666667));
#8416=CARTESIAN_POINT('',(0.0370341135007915,-0.0195626391988823,0.101452083333333));
#8417=CARTESIAN_POINT('',(0.0359724845493,-0.0190675934886828,0.10139375));
#8418=CARTESIAN_POINT('',(0.0349108555978086,-0.0185725477784833,0.101335416666667));
#8419=CARTESIAN_POINT('',(0.0348087632831302,-0.0174056272819988,0.101277083333333));
#8420=CARTESIAN_POINT('',(0.0347066709684517,-0.0162387067855145,0.10121875));
#8421=CARTESIAN_POINT('',(0.0356662076052647,-0.0155668319992296,0.101160416666667));
#8422=CARTESIAN_POINT('',(0.0366257442420777,-0.0148949572129447,0.101102083333333));
#8423=CARTESIAN_POINT('',(0.0376873731935692,-0.0153900029231443,0.10104375));
#8424=CARTESIAN_POINT('',(0.0387490021450607,-0.0158850486333437,0.100985416666667));
#8425=CARTESIAN_POINT('',(0.0388510944597391,-0.0170519691298281,0.100927083333333));
#8426=CARTESIAN_POINT('',(0.0389531867744176,-0.0182188896263125,0.10086875));
#8427=CARTESIAN_POINT('',(0.0379936501376045,-0.0188907644125974,0.100810416666667));
#8428=CARTESIAN_POINT('',(0.0370341135007915,-0.0195626391988823,0.100752083333333));
#8429=CARTESIAN_POINT('',(0.0359724845493,-0.0190675934886828,0.10069375));
#8430=CARTESIAN_POINT('',(0.0349108555978086,-0.0185725477784833,0.100635416666667));
#8431=CARTESIAN_POINT('',(0.0348087632831302,-0.0174056272819988,0.100577083333333));
#8432=CARTESIAN_POINT('',(0.0347066709684517,-0.0162387067855145,0.10051875));
#8433=CARTESIAN_POINT('',(0.0356662076052647,-0.0155668319992296,0.100460416666667));
#8434=CARTESIAN_POINT('',(0.0366257442420778,-0.0148949572129447,0.100402083333333));
#8435=CARTESIAN_POINT('',(0.0376873731935692,-0.0153900029231442,0.10034375));
#8436=CARTESIAN_POINT('',(0.0387490021450607,-0.0158850486333437,0.100285416666667));
#8437=CARTESIAN_POINT('',(0.0388510944597391,-0.0170519691298281,0.100227083333333));
#8438=CARTESIAN_POINT('',(0.0389531867744175,-0.0182188896263125,0.10016875));
#8439=CARTESIAN_POINT('',(0.0379936501376045,-0.0188907644125974,0.100110416666667));
#8440=CARTESIAN_POINT('',(0.0370341135007915,-0.0195626391988823,0.100052083333333));
#8441=CARTESIAN_POINT('',(0.0359724845493,-0.0190675934886828,0.09999375));
#8442=CARTESIAN_POINT('',(0.0349108555978086,-0.0185725477784833,0.0999354166666666));
#8443=CARTESIAN_POINT('',(0.0348087632831302,-0.0174056272819988,0.0998770833333334));
#8444=CARTESIAN_POINT('',(0.0347066709684517,-0.0162387067855145,0.09981875));
#8445=CARTESIAN_POINT('',(0.0356662076052647,-0.0155668319992296,0.0997604166666667));
#8446=CARTESIAN_POINT('',(0.0366257442420777,-0.0148949572129447,0.0997020833333334));
#8447=CARTESIAN_POINT('',(0.0376873731935692,-0.0153900029231443,0.09964375));
#8448=CARTESIAN_POINT('',(0.0387490021450607,-0.0158850486333437,0.0995854166666667));
#8449=CARTESIAN_POINT('',(0.0388510944597391,-0.0170519691298281,0.0995270833333333));
#8450=CARTESIAN_POINT('',(0.0389531867744176,-0.0182188896263125,0.09946875));
#8451=CARTESIAN_POINT('',(0.0379936501376045,-0.0188907644125974,0.0994104166666667));
#8452=CARTESIAN_POINT('',(0.0370341135007915,-0.0195626391988823,0.0993520833333333));
#8453=CARTESIAN_POINT('',(0.0359724845493,-0.0190675934886828,0.09929375));
#8454=CARTESIAN_POINT('',(0.0349108555978086,-0.0185725477784833,0.0992354166666666));
#8455=CARTESIAN_POINT('',(0.0348087632831302,-0.0174056272819988,0.0991770833333333));
#8456=CARTESIAN_POINT('',(0.0347066709684517,-0.0162387067855145,0.0991187500000001));
#8457=CARTESIAN_POINT('',(0.0356662076052647,-0.0155668319992296,0.0990604166666667));
#8458=CARTESIAN_POINT('',(0.0366257442420778,-0.0148949572129447,0.0990020833333334));
#8459=CARTESIAN_POINT('',(0.0376873731935692,-0.0153900029231442,0.09894375));
#8460=CARTESIAN_POINT('',(0.0387490021450607,-0.0158850486333437,0.0988854166666667));
#8461=CARTESIAN_POINT('',(0.0388510944597391,-0.0170519691298281,0.0988270833333333));
#8462=CARTESIAN_POINT('',(0.0389531867744175,-0.0182188896263125,0.09876875));
#8463=CARTESIAN_POINT('',(0.0379936501376045,-0.0188907644125974,0.0987104166666667));
#8464=CARTESIAN_POINT('',(0.0370341135007915,-0.0195626391988823,0.0986520833333333));
#8465=CARTESIAN_POINT('',(0.0359724845493,-0.0190675934886828,0.09859375));
#8466=CARTESIAN_POINT('',(0.0349108555978086,-0.0185725477784833,0.0985354166666666));
#8467=CARTESIAN_POINT('',(0.0348087632831302,-0.0174056272819988,0.0984770833333334));
#8468=CARTESIAN_POINT('',(0.0347066709684517,-0.0162387067855145,0.0984187499999999));
#8469=CARTESIAN_POINT('',(0.0356662076052647,-0.0155668319992296,0.0983604166666667));
#8470=CARTESIAN_POINT('',(0.0366257442420777,-0.0148949572129447,0.0983020833333334));
#8471=CARTESIAN_POINT('',(0.0376873731935692,-0.0153900029231443,0.09824375));
#8472=CARTESIAN_POINT('',(0.0387490021450607,-0.0158850486333437,0.0981854166666667));
#8473=CARTESIAN_POINT('',(0.0388510944597391,-0.0170519691298281,0.0981270833333334));
#8474=CARTESIAN_POINT('',(0.0389531867744176,-0.0182188896263125,0.09806875));
#8475=CARTESIAN_POINT('',(0.0379936501376045,-0.0188907644125974,0.0980104166666667));
#8476=CARTESIAN_POINT('',(0.0370341135007915,-0.0195626391988823,0.0979520833333333));
#8477=CARTESIAN_POINT('',(0.0359724845493,-0.0190675934886828,0.09789375));
#8478=CARTESIAN_POINT('',(0.0349108555978086,-0.0185725477784833,0.0978354166666666));
#8479=CARTESIAN_POINT('',(0.0348087632831302,-0.0174056272819989,0.0977770833333333));
#8480=CARTESIAN_POINT('',(0.0347066709684517,-0.0162387067855145,0.09771875));
#8481=CARTESIAN_POINT('',(0.0356662076052647,-0.0155668319992296,0.0976604166666667));
#8482=CARTESIAN_POINT('',(0.0366257442420777,-0.0148949572129447,0.0976020833333334));
#8483=CARTESIAN_POINT('',(0.0376873731935692,-0.0153900029231442,0.09754375));
#8484=CARTESIAN_POINT('',(0.0387490021450607,-0.0158850486333437,0.0974854166666667));
#8485=CARTESIAN_POINT('',(0.0388510944597391,-0.0170519691298281,0.0974270833333333));
#8486=CARTESIAN_POINT('',(0.0389531867744175,-0.0182188896263125,0.09736875));
#8487=CARTESIAN_POINT('',(0.0379936501376045,-0.0188907644125974,0.0973104166666667));
#8488=CARTESIAN_POINT('',(0.0370341135007915,-0.0195626391988823,0.0972520833333333));
#8489=CARTESIAN_POINT('',(0.0359724845493,-0.0190675934886828,0.09719375));
#8490=CARTESIAN_POINT('',(0.0349108555978086,-0.0185725477784833,0.0971354166666667));
#8491=CARTESIAN_POINT('',(0.0348087632831302,-0.0174056272819988,0.0970770833333334));
#8492=CARTESIAN_POINT('',(0.0347066709684517,-0.0162387067855145,0.09701875));
#8493=CARTESIAN_POINT('',(0.0356662076052647,-0.0155668319992296,0.0969604166666667));
#8494=CARTESIAN_POINT('',(0.0366257442420777,-0.0148949572129447,0.0969020833333333));
#8495=CARTESIAN_POINT('',(0.0376873731935692,-0.0153900029231443,0.09684375));
#8496=CARTESIAN_POINT('',(0.0387490021450607,-0.0158850486333437,0.0967854166666667));
#8497=CARTESIAN_POINT('',(0.0388510944597391,-0.0170519691298281,0.0967270833333334));
#8498=CARTESIAN_POINT('',(0.0389531867744176,-0.0182188896263125,0.09666875));
#8499=CARTESIAN_POINT('',(0.0379936501376045,-0.0188907644125974,0.0966104166666667));
#8500=CARTESIAN_POINT('',(0.0370341135007915,-0.0195626391988823,0.0965520833333333));
#8501=CARTESIAN_POINT('',(0.0359724845493001,-0.0190675934886828,0.09649375));
#8502=CARTESIAN_POINT('',(0.0374261938844064,-0.0152895078996929,0.108058207744914));
#8503=CARTESIAN_POINT('',(0.0375602571528302,-0.0153307277398733,0.108050734645969));
#8504=CARTESIAN_POINT('',(0.0376873731935692,-0.0153900029231443,0.10804375));
#8505=CARTESIAN_POINT('',(0.0387490021450607,-0.0158850486333437,0.107985416666667));
#8506=CARTESIAN_POINT('',(0.0388510944597391,-0.0170519691298281,0.107927083333333));
#8507=CARTESIAN_POINT('',(0.0389531867744175,-0.0182188896263125,0.10786875));
#8508=CARTESIAN_POINT('',(0.0379936501376045,-0.0188907644125975,0.107810416666667));
#8509=CARTESIAN_POINT('',(0.0370341135007915,-0.0195626391988823,0.107752083333333));
#8510=CARTESIAN_POINT('',(0.0359724845493,-0.0190675934886827,0.10769375));
#8511=CARTESIAN_POINT('',(0.0349108555978086,-0.0185725477784833,0.107635416666667));
#8512=CARTESIAN_POINT('',(0.0348087632831302,-0.0174056272819988,0.107577083333333));
#8513=CARTESIAN_POINT('',(0.0347066709684517,-0.0162387067855145,0.10751875));
#8514=CARTESIAN_POINT('',(0.0356662076052647,-0.0155668319992296,0.107460416666667));
#8515=CARTESIAN_POINT('',(0.0366257442420778,-0.0148949572129447,0.107402083333333));
#8516=CARTESIAN_POINT('',(0.0376873731935692,-0.0153900029231443,0.10734375));
#8517=CARTESIAN_POINT('',(0.0387490021450607,-0.0158850486333437,0.107285416666667));
#8518=CARTESIAN_POINT('',(0.0388510944597391,-0.0170519691298281,0.107227083333333));
#8519=CARTESIAN_POINT('',(0.0389531867744175,-0.0182188896263125,0.10716875));
#8520=CARTESIAN_POINT('',(0.0379936501376045,-0.0188907644125975,0.107110416666667));
#8521=CARTESIAN_POINT('',(0.0370341135007915,-0.0195626391988823,0.107052083333333));
#8522=CARTESIAN_POINT('',(0.0359724845493,-0.0190675934886827,0.10699375));
#8523=CARTESIAN_POINT('',(0.0349108555978086,-0.0185725477784833,0.106935416666667));
#8524=CARTESIAN_POINT('',(0.0348087632831302,-0.0174056272819988,0.106877083333333));
#8525=CARTESIAN_POINT('',(0.0347066709684517,-0.0162387067855145,0.10681875));
#8526=CARTESIAN_POINT('',(0.0356662076052647,-0.0155668319992296,0.106760416666667));
#8527=CARTESIAN_POINT('',(0.0366257442420778,-0.0148949572129447,0.106702083333333));
#8528=CARTESIAN_POINT('',(0.0376873731935692,-0.0153900029231443,0.10664375));
#8529=CARTESIAN_POINT('',(0.0387490021450607,-0.0158850486333437,0.106585416666667));
#8530=CARTESIAN_POINT('',(0.0388510944597391,-0.0170519691298281,0.106527083333333));
#8531=CARTESIAN_POINT('',(0.0389531867744175,-0.0182188896263125,0.10646875));
#8532=CARTESIAN_POINT('',(0.0379936501376045,-0.0188907644125975,0.106410416666667));
#8533=CARTESIAN_POINT('',(0.0370341135007915,-0.0195626391988823,0.106352083333333));
#8534=CARTESIAN_POINT('',(0.0359724845493,-0.0190675934886827,0.10629375));
#8535=CARTESIAN_POINT('',(0.0349108555978086,-0.0185725477784833,0.106235416666667));
#8536=CARTESIAN_POINT('',(0.0348087632831302,-0.0174056272819988,0.106177083333333));
#8537=CARTESIAN_POINT('',(0.0347066709684517,-0.0162387067855145,0.10611875));
#8538=CARTESIAN_POINT('',(0.0356662076052647,-0.0155668319992296,0.106060416666667));
#8539=CARTESIAN_POINT('',(0.0366257442420778,-0.0148949572129447,0.106002083333333));
#8540=CARTESIAN_POINT('',(0.0376873731935692,-0.0153900029231443,0.10594375));
#8541=CARTESIAN_POINT('',(0.0387490021450607,-0.0158850486333437,0.105885416666667));
#8542=CARTESIAN_POINT('',(0.0388510944597391,-0.0170519691298281,0.105827083333333));
#8543=CARTESIAN_POINT('',(0.0389531867744175,-0.0182188896263125,0.10576875));
#8544=CARTESIAN_POINT('',(0.0379936501376045,-0.0188907644125975,0.105710416666667));
#8545=CARTESIAN_POINT('',(0.0370341135007915,-0.0195626391988823,0.105652083333333));
#8546=CARTESIAN_POINT('',(0.0359724845493,-0.0190675934886827,0.10559375));
#8547=CARTESIAN_POINT('',(0.0349108555978086,-0.0185725477784833,0.105535416666667));
#8548=CARTESIAN_POINT('',(0.0348087632831302,-0.0174056272819988,0.105477083333333));
#8549=CARTESIAN_POINT('',(0.0347066709684517,-0.0162387067855145,0.10541875));
#8550=CARTESIAN_POINT('',(0.0356662076052647,-0.0155668319992296,0.105360416666667));
#8551=CARTESIAN_POINT('',(0.0366257442420778,-0.0148949572129447,0.105302083333333));
#8552=CARTESIAN_POINT('',(0.0376873731935692,-0.0153900029231443,0.10524375));
#8553=CARTESIAN_POINT('',(0.0387490021450607,-0.0158850486333437,0.105185416666667));
#8554=CARTESIAN_POINT('',(0.0388510944597391,-0.0170519691298281,0.105127083333333));
#8555=CARTESIAN_POINT('',(0.0389531867744175,-0.0182188896263125,0.10506875));
#8556=CARTESIAN_POINT('',(0.0379936501376045,-0.0188907644125975,0.105010416666667));
#8557=CARTESIAN_POINT('',(0.0370341135007915,-0.0195626391988823,0.104952083333333));
#8558=CARTESIAN_POINT('',(0.0359724845493,-0.0190675934886827,0.10489375));
#8559=CARTESIAN_POINT('',(0.0349108555978086,-0.0185725477784833,0.104835416666667));
#8560=CARTESIAN_POINT('',(0.0348087632831302,-0.0174056272819988,0.104777083333333));
#8561=CARTESIAN_POINT('',(0.0347066709684517,-0.0162387067855145,0.10471875));
#8562=CARTESIAN_POINT('',(0.0356662076052647,-0.0155668319992296,0.104660416666667));
#8563=CARTESIAN_POINT('',(0.0366257442420778,-0.0148949572129447,0.104602083333333));
#8564=CARTESIAN_POINT('',(0.0376873731935692,-0.0153900029231443,0.10454375));
#8565=CARTESIAN_POINT('',(0.0387490021450607,-0.0158850486333437,0.104485416666667));
#8566=CARTESIAN_POINT('',(0.0388510944597391,-0.0170519691298281,0.104427083333333));
#8567=CARTESIAN_POINT('',(0.0389531867744175,-0.0182188896263125,0.10436875));
#8568=CARTESIAN_POINT('',(0.0379936501376045,-0.0188907644125975,0.104310416666667));
#8569=CARTESIAN_POINT('',(0.0370341135007915,-0.0195626391988823,0.104252083333333));
#8570=CARTESIAN_POINT('',(0.0359724845493,-0.0190675934886827,0.10419375));
#8571=CARTESIAN_POINT('',(0.0349108555978086,-0.0185725477784833,0.104135416666667));
#8572=CARTESIAN_POINT('',(0.0348087632831302,-0.0174056272819988,0.104077083333333));
#8573=CARTESIAN_POINT('',(0.0347066709684517,-0.0162387067855145,0.10401875));
#8574=CARTESIAN_POINT('',(0.0356662076052647,-0.0155668319992296,0.103960416666667));
#8575=CARTESIAN_POINT('',(0.0366257442420778,-0.0148949572129447,0.103902083333333));
#8576=CARTESIAN_POINT('',(0.0376873731935692,-0.0153900029231443,0.10384375));
#8577=CARTESIAN_POINT('',(0.0387490021450607,-0.0158850486333437,0.103785416666667));
#8578=CARTESIAN_POINT('',(0.0388510944597391,-0.0170519691298281,0.103727083333333));
#8579=CARTESIAN_POINT('',(0.0389531867744175,-0.0182188896263125,0.10366875));
#8580=CARTESIAN_POINT('',(0.0379936501376045,-0.0188907644125975,0.103610416666667));
#8581=CARTESIAN_POINT('',(0.0370341135007915,-0.0195626391988823,0.103552083333333));
#8582=CARTESIAN_POINT('',(0.0359724845493,-0.0190675934886827,0.10349375));
#8583=CARTESIAN_POINT('',(0.0349108555978086,-0.0185725477784833,0.103435416666667));
#8584=CARTESIAN_POINT('',(0.0348087632831302,-0.0174056272819988,0.103377083333333));
#8585=CARTESIAN_POINT('',(0.0347066709684517,-0.0162387067855145,0.10331875));
#8586=CARTESIAN_POINT('',(0.0356662076052647,-0.0155668319992296,0.103260416666667));
#8587=CARTESIAN_POINT('',(0.0366257442420778,-0.0148949572129447,0.103202083333333));
#8588=CARTESIAN_POINT('',(0.0376873731935692,-0.0153900029231443,0.10314375));
#8589=CARTESIAN_POINT('',(0.0387490021450607,-0.0158850486333437,0.103085416666667));
#8590=CARTESIAN_POINT('',(0.0388510944597391,-0.0170519691298281,0.103027083333333));
#8591=CARTESIAN_POINT('',(0.0389531867744175,-0.0182188896263125,0.10296875));
#8592=CARTESIAN_POINT('',(0.0379936501376045,-0.0188907644125975,0.102910416666667));
#8593=CARTESIAN_POINT('',(0.0370341135007915,-0.0195626391988823,0.102852083333333));
#8594=CARTESIAN_POINT('',(0.0359724845493,-0.0190675934886827,0.10279375));
#8595=CARTESIAN_POINT('',(0.0349108555978086,-0.0185725477784833,0.102735416666667));
#8596=CARTESIAN_POINT('',(0.0348087632831302,-0.0174056272819988,0.102677083333333));
#8597=CARTESIAN_POINT('',(0.0347066709684517,-0.0162387067855145,0.10261875));
#8598=CARTESIAN_POINT('',(0.0356662076052647,-0.0155668319992296,0.102560416666667));
#8599=CARTESIAN_POINT('',(0.0366257442420778,-0.0148949572129447,0.102502083333333));
#8600=CARTESIAN_POINT('',(0.0376873731935692,-0.0153900029231443,0.10244375));
#8601=CARTESIAN_POINT('',(0.0387490021450607,-0.0158850486333437,0.102385416666667));
#8602=CARTESIAN_POINT('',(0.0388510944597391,-0.0170519691298281,0.102327083333333));
#8603=CARTESIAN_POINT('',(0.0389531867744175,-0.0182188896263125,0.10226875));
#8604=CARTESIAN_POINT('',(0.0379936501376045,-0.0188907644125975,0.102210416666667));
#8605=CARTESIAN_POINT('',(0.0370341135007915,-0.0195626391988823,0.102152083333333));
#8606=CARTESIAN_POINT('',(0.0359724845493,-0.0190675934886827,0.10209375));
#8607=CARTESIAN_POINT('',(0.0349108555978086,-0.0185725477784833,0.102035416666667));
#8608=CARTESIAN_POINT('',(0.0348087632831302,-0.0174056272819988,0.101977083333333));
#8609=CARTESIAN_POINT('',(0.0347066709684517,-0.0162387067855145,0.10191875));
#8610=CARTESIAN_POINT('',(0.0356662076052647,-0.0155668319992296,0.101860416666667));
#8611=CARTESIAN_POINT('',(0.0366257442420778,-0.0148949572129447,0.101802083333333));
#8612=CARTESIAN_POINT('',(0.0376873731935692,-0.0153900029231443,0.10174375));
#8613=CARTESIAN_POINT('',(0.0387490021450607,-0.0158850486333437,0.101685416666667));
#8614=CARTESIAN_POINT('',(0.0388510944597391,-0.0170519691298281,0.101627083333333));
#8615=CARTESIAN_POINT('',(0.0389531867744175,-0.0182188896263125,0.10156875));
#8616=CARTESIAN_POINT('',(0.0379936501376045,-0.0188907644125975,0.101510416666667));
#8617=CARTESIAN_POINT('',(0.0370341135007915,-0.0195626391988823,0.101452083333333));
#8618=CARTESIAN_POINT('',(0.0359724845493,-0.0190675934886827,0.10139375));
#8619=CARTESIAN_POINT('',(0.0349108555978086,-0.0185725477784833,0.101335416666667));
#8620=CARTESIAN_POINT('',(0.0348087632831302,-0.0174056272819988,0.101277083333333));
#8621=CARTESIAN_POINT('',(0.0347066709684517,-0.0162387067855145,0.10121875));
#8622=CARTESIAN_POINT('',(0.0356662076052647,-0.0155668319992296,0.101160416666667));
#8623=CARTESIAN_POINT('',(0.0366257442420778,-0.0148949572129447,0.101102083333333));
#8624=CARTESIAN_POINT('',(0.0376873731935692,-0.0153900029231443,0.10104375));
#8625=CARTESIAN_POINT('',(0.0387490021450607,-0.0158850486333437,0.100985416666667));
#8626=CARTESIAN_POINT('',(0.0388510944597391,-0.0170519691298281,0.100927083333333));
#8627=CARTESIAN_POINT('',(0.0389531867744175,-0.0182188896263125,0.10086875));
#8628=CARTESIAN_POINT('',(0.0379936501376045,-0.0188907644125975,0.100810416666667));
#8629=CARTESIAN_POINT('',(0.0370341135007915,-0.0195626391988823,0.100752083333333));
#8630=CARTESIAN_POINT('',(0.0359724845493,-0.0190675934886827,0.10069375));
#8631=CARTESIAN_POINT('',(0.0349108555978086,-0.0185725477784833,0.100635416666667));
#8632=CARTESIAN_POINT('',(0.0348087632831302,-0.0174056272819988,0.100577083333333));
#8633=CARTESIAN_POINT('',(0.0347066709684517,-0.0162387067855145,0.10051875));
#8634=CARTESIAN_POINT('',(0.0356662076052647,-0.0155668319992296,0.100460416666667));
#8635=CARTESIAN_POINT('',(0.0366257442420778,-0.0148949572129447,0.100402083333333));
#8636=CARTESIAN_POINT('',(0.0376873731935692,-0.0153900029231443,0.10034375));
#8637=CARTESIAN_POINT('',(0.0387490021450607,-0.0158850486333437,0.100285416666667));
#8638=CARTESIAN_POINT('',(0.0388510944597391,-0.0170519691298281,0.100227083333333));
#8639=CARTESIAN_POINT('',(0.0389531867744175,-0.0182188896263125,0.10016875));
#8640=CARTESIAN_POINT('',(0.0379936501376045,-0.0188907644125975,0.100110416666667));
#8641=CARTESIAN_POINT('',(0.0370341135007915,-0.0195626391988823,0.100052083333333));
#8642=CARTESIAN_POINT('',(0.0359724845493,-0.0190675934886827,0.09999375));
#8643=CARTESIAN_POINT('',(0.0349108555978086,-0.0185725477784833,0.0999354166666666));
#8644=CARTESIAN_POINT('',(0.0348087632831302,-0.0174056272819988,0.0998770833333334));
#8645=CARTESIAN_POINT('',(0.0347066709684517,-0.0162387067855145,0.09981875));
#8646=CARTESIAN_POINT('',(0.0356662076052647,-0.0155668319992296,0.0997604166666667));
#8647=CARTESIAN_POINT('',(0.0366257442420778,-0.0148949572129447,0.0997020833333334));
#8648=CARTESIAN_POINT('',(0.0376873731935692,-0.0153900029231443,0.09964375));
#8649=CARTESIAN_POINT('',(0.0387490021450607,-0.0158850486333437,0.0995854166666667));
#8650=CARTESIAN_POINT('',(0.0388510944597391,-0.0170519691298281,0.0995270833333333));
#8651=CARTESIAN_POINT('',(0.0389531867744175,-0.0182188896263125,0.09946875));
#8652=CARTESIAN_POINT('',(0.0379936501376045,-0.0188907644125975,0.0994104166666667));
#8653=CARTESIAN_POINT('',(0.0370341135007915,-0.0195626391988823,0.0993520833333333));
#8654=CARTESIAN_POINT('',(0.0359724845493,-0.0190675934886827,0.09929375));
#8655=CARTESIAN_POINT('',(0.0349108555978086,-0.0185725477784833,0.0992354166666666));
#8656=CARTESIAN_POINT('',(0.0348087632831302,-0.0174056272819988,0.0991770833333333));
#8657=CARTESIAN_POINT('',(0.0347066709684517,-0.0162387067855145,0.0991187500000001));
#8658=CARTESIAN_POINT('',(0.0356662076052647,-0.0155668319992296,0.0990604166666667));
#8659=CARTESIAN_POINT('',(0.0366257442420778,-0.0148949572129447,0.0990020833333334));
#8660=CARTESIAN_POINT('',(0.0376873731935692,-0.0153900029231443,0.09894375));
#8661=CARTESIAN_POINT('',(0.0387490021450607,-0.0158850486333437,0.0988854166666667));
#8662=CARTESIAN_POINT('',(0.0388510944597391,-0.0170519691298281,0.0988270833333333));
#8663=CARTESIAN_POINT('',(0.0389531867744175,-0.0182188896263125,0.09876875));
#8664=CARTESIAN_POINT('',(0.0379936501376045,-0.0188907644125975,0.0987104166666667));
#8665=CARTESIAN_POINT('',(0.0370341135007915,-0.0195626391988823,0.0986520833333333));
#8666=CARTESIAN_POINT('',(0.0359724845493,-0.0190675934886827,0.09859375));
#8667=CARTESIAN_POINT('',(0.0349108555978086,-0.0185725477784833,0.0985354166666666));
#8668=CARTESIAN_POINT('',(0.0348087632831302,-0.0174056272819988,0.0984770833333334));
#8669=CARTESIAN_POINT('',(0.0347066709684517,-0.0162387067855145,0.0984187499999999));
#8670=CARTESIAN_POINT('',(0.0356662076052647,-0.0155668319992296,0.0983604166666667));
#8671=CARTESIAN_POINT('',(0.0366257442420778,-0.0148949572129447,0.0983020833333334));
#8672=CARTESIAN_POINT('',(0.0376873731935692,-0.0153900029231443,0.09824375));
#8673=CARTESIAN_POINT('',(0.0387490021450607,-0.0158850486333437,0.0981854166666667));
#8674=CARTESIAN_POINT('',(0.0388510944597391,-0.0170519691298281,0.0981270833333334));
#8675=CARTESIAN_POINT('',(0.0389531867744175,-0.0182188896263125,0.09806875));
#8676=CARTESIAN_POINT('',(0.0379936501376045,-0.0188907644125975,0.0980104166666667));
#8677=CARTESIAN_POINT('',(0.0370341135007915,-0.0195626391988823,0.0979520833333333));
#8678=CARTESIAN_POINT('',(0.0359724845493,-0.0190675934886827,0.09789375));
#8679=CARTESIAN_POINT('',(0.0356400286652718,-0.0189125667639617,0.0978754825442431));
#8680=CARTESIAN_POINT('',(0.0353829035294802,-0.0186509432467715,0.0978546785795243));
#8681=CARTESIAN_POINT('',(0.0374355448620082,-0.0152590948118506,0.108082071381277));
#8682=CARTESIAN_POINT('',(0.0375717105892263,-0.0153009610857372,0.108074598282332));
#8683=CARTESIAN_POINT('',(0.0377008201382609,-0.015361165857193,0.108067613636364));
#8684=CARTESIAN_POINT('',(0.038779098177542,-0.0158639751645301,0.10800928030303));
#8685=CARTESIAN_POINT('',(0.0388827915637693,-0.0170491959925589,0.107950946969697));
#8686=CARTESIAN_POINT('',(0.0389864849499966,-0.0182344168205877,0.107892613636364));
#8687=CARTESIAN_POINT('',(0.0380119002969429,-0.0189168283412793,0.10783428030303));
#8688=CARTESIAN_POINT('',(0.0370373156438893,-0.019599239861971,0.107775946969697));
#8689=CARTESIAN_POINT('',(0.0359590376046083,-0.0190964305546339,0.107717613636364));
#8690=CARTESIAN_POINT('',(0.0348807595653273,-0.0185936212472969,0.10765928030303));
#8691=CARTESIAN_POINT('',(0.0347770661790999,-0.0174084004192681,0.107600946969697));
#8692=CARTESIAN_POINT('',(0.0346733727928726,-0.0162231795912393,0.107542613636364));
#8693=CARTESIAN_POINT('',(0.0356479574459263,-0.0155407680705477,0.10748428030303));
#8694=CARTESIAN_POINT('',(0.03662254209898,-0.014858356549856,0.107425946969697));
#8695=CARTESIAN_POINT('',(0.0377008201382609,-0.015361165857193,0.107367613636364));
#8696=CARTESIAN_POINT('',(0.038779098177542,-0.0158639751645301,0.10730928030303));
#8697=CARTESIAN_POINT('',(0.0388827915637693,-0.0170491959925589,0.107250946969697));
#8698=CARTESIAN_POINT('',(0.0389864849499966,-0.0182344168205877,0.107192613636364));
#8699=CARTESIAN_POINT('',(0.0380119002969429,-0.0189168283412793,0.10713428030303));
#8700=CARTESIAN_POINT('',(0.0370373156438893,-0.019599239861971,0.107075946969697));
#8701=CARTESIAN_POINT('',(0.0359590376046083,-0.0190964305546339,0.107017613636364));
#8702=CARTESIAN_POINT('',(0.0348807595653273,-0.0185936212472969,0.10695928030303));
#8703=CARTESIAN_POINT('',(0.0347770661790999,-0.0174084004192681,0.106900946969697));
#8704=CARTESIAN_POINT('',(0.0346733727928726,-0.0162231795912393,0.106842613636364));
#8705=CARTESIAN_POINT('',(0.0356479574459263,-0.0155407680705477,0.10678428030303));
#8706=CARTESIAN_POINT('',(0.03662254209898,-0.014858356549856,0.106725946969697));
#8707=CARTESIAN_POINT('',(0.0377008201382609,-0.015361165857193,0.106667613636364));
#8708=CARTESIAN_POINT('',(0.038779098177542,-0.0158639751645301,0.10660928030303));
#8709=CARTESIAN_POINT('',(0.0388827915637693,-0.0170491959925589,0.106550946969697));
#8710=CARTESIAN_POINT('',(0.0389864849499966,-0.0182344168205877,0.106492613636364));
#8711=CARTESIAN_POINT('',(0.0380119002969429,-0.0189168283412793,0.10643428030303));
#8712=CARTESIAN_POINT('',(0.0370373156438893,-0.019599239861971,0.106375946969697));
#8713=CARTESIAN_POINT('',(0.0359590376046083,-0.0190964305546339,0.106317613636364));
#8714=CARTESIAN_POINT('',(0.0348807595653273,-0.0185936212472969,0.10625928030303));
#8715=CARTESIAN_POINT('',(0.0347770661790999,-0.0174084004192681,0.106200946969697));
#8716=CARTESIAN_POINT('',(0.0346733727928726,-0.0162231795912393,0.106142613636364));
#8717=CARTESIAN_POINT('',(0.0356479574459263,-0.0155407680705477,0.10608428030303));
#8718=CARTESIAN_POINT('',(0.03662254209898,-0.014858356549856,0.106025946969697));
#8719=CARTESIAN_POINT('',(0.0377008201382609,-0.015361165857193,0.105967613636364));
#8720=CARTESIAN_POINT('',(0.038779098177542,-0.0158639751645301,0.10590928030303));
#8721=CARTESIAN_POINT('',(0.0388827915637693,-0.0170491959925589,0.105850946969697));
#8722=CARTESIAN_POINT('',(0.0389864849499966,-0.0182344168205877,0.105792613636364));
#8723=CARTESIAN_POINT('',(0.0380119002969429,-0.0189168283412793,0.10573428030303));
#8724=CARTESIAN_POINT('',(0.0370373156438893,-0.019599239861971,0.105675946969697));
#8725=CARTESIAN_POINT('',(0.0359590376046083,-0.0190964305546339,0.105617613636364));
#8726=CARTESIAN_POINT('',(0.0348807595653273,-0.0185936212472969,0.10555928030303));
#8727=CARTESIAN_POINT('',(0.0347770661790999,-0.0174084004192681,0.105500946969697));
#8728=CARTESIAN_POINT('',(0.0346733727928726,-0.0162231795912393,0.105442613636364));
#8729=CARTESIAN_POINT('',(0.0356479574459263,-0.0155407680705477,0.10538428030303));
#8730=CARTESIAN_POINT('',(0.03662254209898,-0.014858356549856,0.105325946969697));
#8731=CARTESIAN_POINT('',(0.0377008201382609,-0.015361165857193,0.105267613636364));
#8732=CARTESIAN_POINT('',(0.038779098177542,-0.0158639751645301,0.10520928030303));
#8733=CARTESIAN_POINT('',(0.0388827915637693,-0.0170491959925589,0.105150946969697));
#8734=CARTESIAN_POINT('',(0.0389864849499966,-0.0182344168205877,0.105092613636364));
#8735=CARTESIAN_POINT('',(0.0380119002969429,-0.0189168283412793,0.10503428030303));
#8736=CARTESIAN_POINT('',(0.0370373156438893,-0.019599239861971,0.104975946969697));
#8737=CARTESIAN_POINT('',(0.0359590376046083,-0.0190964305546339,0.104917613636364));
#8738=CARTESIAN_POINT('',(0.0348807595653273,-0.0185936212472969,0.10485928030303));
#8739=CARTESIAN_POINT('',(0.0347770661790999,-0.0174084004192681,0.104800946969697));
#8740=CARTESIAN_POINT('',(0.0346733727928726,-0.0162231795912393,0.104742613636364));
#8741=CARTESIAN_POINT('',(0.0356479574459263,-0.0155407680705477,0.10468428030303));
#8742=CARTESIAN_POINT('',(0.03662254209898,-0.014858356549856,0.104625946969697));
#8743=CARTESIAN_POINT('',(0.0377008201382609,-0.015361165857193,0.104567613636364));
#8744=CARTESIAN_POINT('',(0.038779098177542,-0.0158639751645301,0.10450928030303));
#8745=CARTESIAN_POINT('',(0.0388827915637693,-0.0170491959925589,0.104450946969697));
#8746=CARTESIAN_POINT('',(0.0389864849499966,-0.0182344168205877,0.104392613636364));
#8747=CARTESIAN_POINT('',(0.0380119002969429,-0.0189168283412793,0.10433428030303));
#8748=CARTESIAN_POINT('',(0.0370373156438893,-0.019599239861971,0.104275946969697));
#8749=CARTESIAN_POINT('',(0.0359590376046083,-0.0190964305546339,0.104217613636364));
#8750=CARTESIAN_POINT('',(0.0348807595653273,-0.0185936212472969,0.10415928030303));
#8751=CARTESIAN_POINT('',(0.0347770661790999,-0.0174084004192681,0.104100946969697));
#8752=CARTESIAN_POINT('',(0.0346733727928726,-0.0162231795912393,0.104042613636364));
#8753=CARTESIAN_POINT('',(0.0356479574459263,-0.0155407680705477,0.10398428030303));
#8754=CARTESIAN_POINT('',(0.03662254209898,-0.014858356549856,0.103925946969697));
#8755=CARTESIAN_POINT('',(0.0377008201382609,-0.015361165857193,0.103867613636364));
#8756=CARTESIAN_POINT('',(0.038779098177542,-0.0158639751645301,0.10380928030303));
#8757=CARTESIAN_POINT('',(0.0388827915637693,-0.0170491959925589,0.103750946969697));
#8758=CARTESIAN_POINT('',(0.0389864849499966,-0.0182344168205877,0.103692613636364));
#8759=CARTESIAN_POINT('',(0.0380119002969429,-0.0189168283412793,0.10363428030303));
#8760=CARTESIAN_POINT('',(0.0370373156438893,-0.019599239861971,0.103575946969697));
#8761=CARTESIAN_POINT('',(0.0359590376046083,-0.0190964305546339,0.103517613636364));
#8762=CARTESIAN_POINT('',(0.0348807595653273,-0.0185936212472969,0.10345928030303));
#8763=CARTESIAN_POINT('',(0.0347770661790999,-0.0174084004192681,0.103400946969697));
#8764=CARTESIAN_POINT('',(0.0346733727928726,-0.0162231795912393,0.103342613636364));
#8765=CARTESIAN_POINT('',(0.0356479574459263,-0.0155407680705477,0.10328428030303));
#8766=CARTESIAN_POINT('',(0.03662254209898,-0.014858356549856,0.103225946969697));
#8767=CARTESIAN_POINT('',(0.0377008201382609,-0.015361165857193,0.103167613636364));
#8768=CARTESIAN_POINT('',(0.038779098177542,-0.0158639751645301,0.10310928030303));
#8769=CARTESIAN_POINT('',(0.0388827915637693,-0.0170491959925589,0.103050946969697));
#8770=CARTESIAN_POINT('',(0.0389864849499966,-0.0182344168205877,0.102992613636364));
#8771=CARTESIAN_POINT('',(0.0380119002969429,-0.0189168283412793,0.10293428030303));
#8772=CARTESIAN_POINT('',(0.0370373156438893,-0.019599239861971,0.102875946969697));
#8773=CARTESIAN_POINT('',(0.0359590376046083,-0.0190964305546339,0.102817613636364));
#8774=CARTESIAN_POINT('',(0.0348807595653273,-0.0185936212472969,0.10275928030303));
#8775=CARTESIAN_POINT('',(0.0347770661790999,-0.0174084004192681,0.102700946969697));
#8776=CARTESIAN_POINT('',(0.0346733727928726,-0.0162231795912393,0.102642613636364));
#8777=CARTESIAN_POINT('',(0.0356479574459263,-0.0155407680705477,0.10258428030303));
#8778=CARTESIAN_POINT('',(0.03662254209898,-0.014858356549856,0.102525946969697));
#8779=CARTESIAN_POINT('',(0.0377008201382609,-0.015361165857193,0.102467613636364));
#8780=CARTESIAN_POINT('',(0.038779098177542,-0.0158639751645301,0.10240928030303));
#8781=CARTESIAN_POINT('',(0.0388827915637693,-0.0170491959925589,0.102350946969697));
#8782=CARTESIAN_POINT('',(0.0389864849499966,-0.0182344168205877,0.102292613636364));
#8783=CARTESIAN_POINT('',(0.0380119002969429,-0.0189168283412793,0.10223428030303));
#8784=CARTESIAN_POINT('',(0.0370373156438893,-0.019599239861971,0.102175946969697));
#8785=CARTESIAN_POINT('',(0.0359590376046083,-0.0190964305546339,0.102117613636364));
#8786=CARTESIAN_POINT('',(0.0348807595653273,-0.0185936212472969,0.10205928030303));
#8787=CARTESIAN_POINT('',(0.0347770661790999,-0.0174084004192681,0.102000946969697));
#8788=CARTESIAN_POINT('',(0.0346733727928726,-0.0162231795912393,0.101942613636364));
#8789=CARTESIAN_POINT('',(0.0356479574459263,-0.0155407680705477,0.10188428030303));
#8790=CARTESIAN_POINT('',(0.03662254209898,-0.014858356549856,0.101825946969697));
#8791=CARTESIAN_POINT('',(0.0377008201382609,-0.015361165857193,0.101767613636364));
#8792=CARTESIAN_POINT('',(0.038779098177542,-0.0158639751645301,0.10170928030303));
#8793=CARTESIAN_POINT('',(0.0388827915637693,-0.0170491959925589,0.101650946969697));
#8794=CARTESIAN_POINT('',(0.0389864849499966,-0.0182344168205877,0.101592613636364));
#8795=CARTESIAN_POINT('',(0.0380119002969429,-0.0189168283412793,0.10153428030303));
#8796=CARTESIAN_POINT('',(0.0370373156438893,-0.019599239861971,0.101475946969697));
#8797=CARTESIAN_POINT('',(0.0359590376046083,-0.0190964305546339,0.101417613636364));
#8798=CARTESIAN_POINT('',(0.0348807595653273,-0.0185936212472969,0.10135928030303));
#8799=CARTESIAN_POINT('',(0.0347770661790999,-0.0174084004192681,0.101300946969697));
#8800=CARTESIAN_POINT('',(0.0346733727928726,-0.0162231795912393,0.101242613636364));
#8801=CARTESIAN_POINT('',(0.0356479574459263,-0.0155407680705477,0.10118428030303));
#8802=CARTESIAN_POINT('',(0.03662254209898,-0.014858356549856,0.101125946969697));
#8803=CARTESIAN_POINT('',(0.0377008201382609,-0.015361165857193,0.101067613636364));
#8804=CARTESIAN_POINT('',(0.038779098177542,-0.0158639751645301,0.10100928030303));
#8805=CARTESIAN_POINT('',(0.0388827915637693,-0.0170491959925589,0.100950946969697));
#8806=CARTESIAN_POINT('',(0.0389864849499966,-0.0182344168205877,0.100892613636364));
#8807=CARTESIAN_POINT('',(0.0380119002969429,-0.0189168283412793,0.10083428030303));
#8808=CARTESIAN_POINT('',(0.0370373156438893,-0.019599239861971,0.100775946969697));
#8809=CARTESIAN_POINT('',(0.0359590376046083,-0.0190964305546339,0.100717613636364));
#8810=CARTESIAN_POINT('',(0.0348807595653273,-0.0185936212472969,0.10065928030303));
#8811=CARTESIAN_POINT('',(0.0347770661790999,-0.0174084004192681,0.100600946969697));
#8812=CARTESIAN_POINT('',(0.0346733727928726,-0.0162231795912393,0.100542613636364));
#8813=CARTESIAN_POINT('',(0.0356479574459263,-0.0155407680705477,0.10048428030303));
#8814=CARTESIAN_POINT('',(0.03662254209898,-0.014858356549856,0.100425946969697));
#8815=CARTESIAN_POINT('',(0.0377008201382609,-0.015361165857193,0.100367613636364));
#8816=CARTESIAN_POINT('',(0.038779098177542,-0.0158639751645301,0.10030928030303));
#8817=CARTESIAN_POINT('',(0.0388827915637693,-0.0170491959925589,0.100250946969697));
#8818=CARTESIAN_POINT('',(0.0389864849499966,-0.0182344168205877,0.100192613636364));
#8819=CARTESIAN_POINT('',(0.0380119002969429,-0.0189168283412793,0.10013428030303));
#8820=CARTESIAN_POINT('',(0.0370373156438893,-0.019599239861971,0.100075946969697));
#8821=CARTESIAN_POINT('',(0.0359590376046083,-0.0190964305546339,0.100017613636364));
#8822=CARTESIAN_POINT('',(0.0348807595653273,-0.0185936212472969,0.0999592803030304));
#8823=CARTESIAN_POINT('',(0.0347770661790999,-0.0174084004192681,0.099900946969697));
#8824=CARTESIAN_POINT('',(0.0346733727928726,-0.0162231795912393,0.0998426136363638));
#8825=CARTESIAN_POINT('',(0.0356479574459263,-0.0155407680705477,0.0997842803030302));
#8826=CARTESIAN_POINT('',(0.03662254209898,-0.014858356549856,0.0997259469696971));
#8827=CARTESIAN_POINT('',(0.0377008201382609,-0.015361165857193,0.0996676136363635));
#8828=CARTESIAN_POINT('',(0.038779098177542,-0.0158639751645301,0.0996092803030304));
#8829=CARTESIAN_POINT('',(0.0388827915637693,-0.0170491959925589,0.0995509469696969));
#8830=CARTESIAN_POINT('',(0.0389864849499966,-0.0182344168205877,0.0994926136363638));
#8831=CARTESIAN_POINT('',(0.0380119002969429,-0.0189168283412793,0.0994342803030302));
#8832=CARTESIAN_POINT('',(0.0370373156438893,-0.019599239861971,0.099375946969697));
#8833=CARTESIAN_POINT('',(0.0359590376046083,-0.0190964305546339,0.0993176136363636));
#8834=CARTESIAN_POINT('',(0.0348807595653273,-0.0185936212472969,0.0992592803030303));
#8835=CARTESIAN_POINT('',(0.0347770661790999,-0.0174084004192681,0.0992009469696969));
#8836=CARTESIAN_POINT('',(0.0346733727928726,-0.0162231795912393,0.0991426136363637));
#8837=CARTESIAN_POINT('',(0.0356479574459263,-0.0155407680705477,0.0990842803030302));
#8838=CARTESIAN_POINT('',(0.03662254209898,-0.014858356549856,0.099025946969697));
#8839=CARTESIAN_POINT('',(0.0377008201382609,-0.015361165857193,0.0989676136363636));
#8840=CARTESIAN_POINT('',(0.038779098177542,-0.0158639751645301,0.0989092803030303));
#8841=CARTESIAN_POINT('',(0.0388827915637693,-0.0170491959925589,0.0988509469696969));
#8842=CARTESIAN_POINT('',(0.0389864849499966,-0.0182344168205877,0.0987926136363637));
#8843=CARTESIAN_POINT('',(0.0380119002969429,-0.0189168283412793,0.0987342803030303));
#8844=CARTESIAN_POINT('',(0.0370373156438893,-0.019599239861971,0.098675946969697));
#8845=CARTESIAN_POINT('',(0.0359590376046083,-0.0190964305546339,0.0986176136363636));
#8846=CARTESIAN_POINT('',(0.0348807595653273,-0.0185936212472969,0.0985592803030304));
#8847=CARTESIAN_POINT('',(0.0347770661790999,-0.0174084004192681,0.0985009469696969));
#8848=CARTESIAN_POINT('',(0.0346733727928726,-0.0162231795912393,0.0984426136363637));
#8849=CARTESIAN_POINT('',(0.0356479574459263,-0.0155407680705477,0.0983842803030303));
#8850=CARTESIAN_POINT('',(0.03662254209898,-0.014858356549856,0.0983259469696971));
#8851=CARTESIAN_POINT('',(0.0377008201382609,-0.015361165857193,0.0982676136363635));
#8852=CARTESIAN_POINT('',(0.038779098177542,-0.0158639751645301,0.0982092803030304));
#8853=CARTESIAN_POINT('',(0.0388827915637693,-0.0170491959925589,0.098150946969697));
#8854=CARTESIAN_POINT('',(0.0389864849499966,-0.0182344168205877,0.0980926136363637));
#8855=CARTESIAN_POINT('',(0.0380119002969429,-0.0189168283412793,0.0980342803030303));
#8856=CARTESIAN_POINT('',(0.0370373156438893,-0.019599239861971,0.0979759469696971));
#8857=CARTESIAN_POINT('',(0.0359590376046083,-0.0190964305546339,0.0979176136363635));
#8858=CARTESIAN_POINT('',(0.0356213679524442,-0.0189389726099033,0.0978993461806067));
#8859=CARTESIAN_POINT('',(0.035360210429487,-0.0186732461592924,0.097878542215888));
#8860=CARTESIAN_POINT('',(0.0374355448620082,-0.0152590948118506,0.10812184410855));
#8861=CARTESIAN_POINT('',(0.0375717105892263,-0.0153009610857372,0.108114371009605));
#8862=CARTESIAN_POINT('',(0.0377008201382609,-0.015361165857193,0.108107386363636));
#8863=CARTESIAN_POINT('',(0.038779098177542,-0.0158639751645301,0.108049053030303));
#8864=CARTESIAN_POINT('',(0.0388827915637693,-0.0170491959925589,0.10799071969697));
#8865=CARTESIAN_POINT('',(0.0389864849499967,-0.0182344168205877,0.107932386363636));
#8866=CARTESIAN_POINT('',(0.0380119002969429,-0.0189168283412793,0.107874053030303));
#8867=CARTESIAN_POINT('',(0.0370373156438893,-0.019599239861971,0.10781571969697));
#8868=CARTESIAN_POINT('',(0.0359590376046083,-0.0190964305546339,0.107757386363636));
#8869=CARTESIAN_POINT('',(0.0348807595653273,-0.0185936212472969,0.107699053030303));
#8870=CARTESIAN_POINT('',(0.0347770661790999,-0.0174084004192681,0.10764071969697));
#8871=CARTESIAN_POINT('',(0.0346733727928726,-0.0162231795912393,0.107582386363636));
#8872=CARTESIAN_POINT('',(0.0356479574459263,-0.0155407680705476,0.107524053030303));
#8873=CARTESIAN_POINT('',(0.03662254209898,-0.014858356549856,0.10746571969697));
#8874=CARTESIAN_POINT('',(0.0377008201382609,-0.015361165857193,0.107407386363636));
#8875=CARTESIAN_POINT('',(0.038779098177542,-0.0158639751645301,0.107349053030303));
#8876=CARTESIAN_POINT('',(0.0388827915637693,-0.0170491959925589,0.10729071969697));
#8877=CARTESIAN_POINT('',(0.0389864849499967,-0.0182344168205877,0.107232386363636));
#8878=CARTESIAN_POINT('',(0.0380119002969429,-0.0189168283412793,0.107174053030303));
#8879=CARTESIAN_POINT('',(0.0370373156438893,-0.019599239861971,0.10711571969697));
#8880=CARTESIAN_POINT('',(0.0359590376046083,-0.0190964305546339,0.107057386363636));
#8881=CARTESIAN_POINT('',(0.0348807595653273,-0.0185936212472969,0.106999053030303));
#8882=CARTESIAN_POINT('',(0.0347770661790999,-0.0174084004192681,0.10694071969697));
#8883=CARTESIAN_POINT('',(0.0346733727928726,-0.0162231795912393,0.106882386363636));
#8884=CARTESIAN_POINT('',(0.0356479574459263,-0.0155407680705476,0.106824053030303));
#8885=CARTESIAN_POINT('',(0.03662254209898,-0.014858356549856,0.10676571969697));
#8886=CARTESIAN_POINT('',(0.0377008201382609,-0.015361165857193,0.106707386363636));
#8887=CARTESIAN_POINT('',(0.038779098177542,-0.0158639751645301,0.106649053030303));
#8888=CARTESIAN_POINT('',(0.0388827915637693,-0.0170491959925589,0.10659071969697));
#8889=CARTESIAN_POINT('',(0.0389864849499967,-0.0182344168205877,0.106532386363636));
#8890=CARTESIAN_POINT('',(0.0380119002969429,-0.0189168283412793,0.106474053030303));
#8891=CARTESIAN_POINT('',(0.0370373156438893,-0.019599239861971,0.10641571969697));
#8892=CARTESIAN_POINT('',(0.0359590376046083,-0.0190964305546339,0.106357386363636));
#8893=CARTESIAN_POINT('',(0.0348807595653273,-0.0185936212472969,0.106299053030303));
#8894=CARTESIAN_POINT('',(0.0347770661790999,-0.0174084004192681,0.10624071969697));
#8895=CARTESIAN_POINT('',(0.0346733727928726,-0.0162231795912393,0.106182386363636));
#8896=CARTESIAN_POINT('',(0.0356479574459263,-0.0155407680705476,0.106124053030303));
#8897=CARTESIAN_POINT('',(0.03662254209898,-0.014858356549856,0.10606571969697));
#8898=CARTESIAN_POINT('',(0.0377008201382609,-0.015361165857193,0.106007386363636));
#8899=CARTESIAN_POINT('',(0.038779098177542,-0.0158639751645301,0.105949053030303));
#8900=CARTESIAN_POINT('',(0.0388827915637693,-0.0170491959925589,0.10589071969697));
#8901=CARTESIAN_POINT('',(0.0389864849499967,-0.0182344168205877,0.105832386363636));
#8902=CARTESIAN_POINT('',(0.0380119002969429,-0.0189168283412793,0.105774053030303));
#8903=CARTESIAN_POINT('',(0.0370373156438893,-0.019599239861971,0.10571571969697));
#8904=CARTESIAN_POINT('',(0.0359590376046083,-0.0190964305546339,0.105657386363636));
#8905=CARTESIAN_POINT('',(0.0348807595653273,-0.0185936212472969,0.105599053030303));
#8906=CARTESIAN_POINT('',(0.0347770661790999,-0.0174084004192681,0.10554071969697));
#8907=CARTESIAN_POINT('',(0.0346733727928726,-0.0162231795912393,0.105482386363636));
#8908=CARTESIAN_POINT('',(0.0356479574459263,-0.0155407680705476,0.105424053030303));
#8909=CARTESIAN_POINT('',(0.03662254209898,-0.014858356549856,0.10536571969697));
#8910=CARTESIAN_POINT('',(0.0377008201382609,-0.015361165857193,0.105307386363636));
#8911=CARTESIAN_POINT('',(0.038779098177542,-0.0158639751645301,0.105249053030303));
#8912=CARTESIAN_POINT('',(0.0388827915637693,-0.0170491959925589,0.10519071969697));
#8913=CARTESIAN_POINT('',(0.0389864849499967,-0.0182344168205877,0.105132386363636));
#8914=CARTESIAN_POINT('',(0.0380119002969429,-0.0189168283412793,0.105074053030303));
#8915=CARTESIAN_POINT('',(0.0370373156438893,-0.019599239861971,0.10501571969697));
#8916=CARTESIAN_POINT('',(0.0359590376046083,-0.0190964305546339,0.104957386363636));
#8917=CARTESIAN_POINT('',(0.0348807595653273,-0.0185936212472969,0.104899053030303));
#8918=CARTESIAN_POINT('',(0.0347770661790999,-0.0174084004192681,0.10484071969697));
#8919=CARTESIAN_POINT('',(0.0346733727928726,-0.0162231795912393,0.104782386363636));
#8920=CARTESIAN_POINT('',(0.0356479574459263,-0.0155407680705476,0.104724053030303));
#8921=CARTESIAN_POINT('',(0.03662254209898,-0.014858356549856,0.10466571969697));
#8922=CARTESIAN_POINT('',(0.0377008201382609,-0.015361165857193,0.104607386363636));
#8923=CARTESIAN_POINT('',(0.038779098177542,-0.0158639751645301,0.104549053030303));
#8924=CARTESIAN_POINT('',(0.0388827915637693,-0.0170491959925589,0.10449071969697));
#8925=CARTESIAN_POINT('',(0.0389864849499967,-0.0182344168205877,0.104432386363636));
#8926=CARTESIAN_POINT('',(0.0380119002969429,-0.0189168283412793,0.104374053030303));
#8927=CARTESIAN_POINT('',(0.0370373156438893,-0.019599239861971,0.10431571969697));
#8928=CARTESIAN_POINT('',(0.0359590376046083,-0.0190964305546339,0.104257386363636));
#8929=CARTESIAN_POINT('',(0.0348807595653273,-0.0185936212472969,0.104199053030303));
#8930=CARTESIAN_POINT('',(0.0347770661790999,-0.0174084004192681,0.10414071969697));
#8931=CARTESIAN_POINT('',(0.0346733727928726,-0.0162231795912393,0.104082386363636));
#8932=CARTESIAN_POINT('',(0.0356479574459263,-0.0155407680705476,0.104024053030303));
#8933=CARTESIAN_POINT('',(0.03662254209898,-0.014858356549856,0.10396571969697));
#8934=CARTESIAN_POINT('',(0.0377008201382609,-0.015361165857193,0.103907386363636));
#8935=CARTESIAN_POINT('',(0.038779098177542,-0.0158639751645301,0.103849053030303));
#8936=CARTESIAN_POINT('',(0.0388827915637693,-0.0170491959925589,0.10379071969697));
#8937=CARTESIAN_POINT('',(0.0389864849499967,-0.0182344168205877,0.103732386363636));
#8938=CARTESIAN_POINT('',(0.0380119002969429,-0.0189168283412793,0.103674053030303));
#8939=CARTESIAN_POINT('',(0.0370373156438893,-0.019599239861971,0.10361571969697));
#8940=CARTESIAN_POINT('',(0.0359590376046083,-0.0190964305546339,0.103557386363636));
#8941=CARTESIAN_POINT('',(0.0348807595653273,-0.0185936212472969,0.103499053030303));
#8942=CARTESIAN_POINT('',(0.0347770661790999,-0.0174084004192681,0.10344071969697));
#8943=CARTESIAN_POINT('',(0.0346733727928726,-0.0162231795912393,0.103382386363636));
#8944=CARTESIAN_POINT('',(0.0356479574459263,-0.0155407680705476,0.103324053030303));
#8945=CARTESIAN_POINT('',(0.03662254209898,-0.014858356549856,0.10326571969697));
#8946=CARTESIAN_POINT('',(0.0377008201382609,-0.015361165857193,0.103207386363636));
#8947=CARTESIAN_POINT('',(0.038779098177542,-0.0158639751645301,0.103149053030303));
#8948=CARTESIAN_POINT('',(0.0388827915637693,-0.0170491959925589,0.10309071969697));
#8949=CARTESIAN_POINT('',(0.0389864849499967,-0.0182344168205877,0.103032386363636));
#8950=CARTESIAN_POINT('',(0.0380119002969429,-0.0189168283412793,0.102974053030303));
#8951=CARTESIAN_POINT('',(0.0370373156438893,-0.019599239861971,0.10291571969697));
#8952=CARTESIAN_POINT('',(0.0359590376046083,-0.0190964305546339,0.102857386363636));
#8953=CARTESIAN_POINT('',(0.0348807595653273,-0.0185936212472969,0.102799053030303));
#8954=CARTESIAN_POINT('',(0.0347770661790999,-0.0174084004192681,0.10274071969697));
#8955=CARTESIAN_POINT('',(0.0346733727928726,-0.0162231795912393,0.102682386363636));
#8956=CARTESIAN_POINT('',(0.0356479574459263,-0.0155407680705476,0.102624053030303));
#8957=CARTESIAN_POINT('',(0.03662254209898,-0.014858356549856,0.10256571969697));
#8958=CARTESIAN_POINT('',(0.0377008201382609,-0.015361165857193,0.102507386363636));
#8959=CARTESIAN_POINT('',(0.038779098177542,-0.0158639751645301,0.102449053030303));
#8960=CARTESIAN_POINT('',(0.0388827915637693,-0.0170491959925589,0.10239071969697));
#8961=CARTESIAN_POINT('',(0.0389864849499967,-0.0182344168205877,0.102332386363636));
#8962=CARTESIAN_POINT('',(0.0380119002969429,-0.0189168283412793,0.102274053030303));
#8963=CARTESIAN_POINT('',(0.0370373156438893,-0.019599239861971,0.10221571969697));
#8964=CARTESIAN_POINT('',(0.0359590376046083,-0.0190964305546339,0.102157386363636));
#8965=CARTESIAN_POINT('',(0.0348807595653273,-0.0185936212472969,0.102099053030303));
#8966=CARTESIAN_POINT('',(0.0347770661790999,-0.0174084004192681,0.10204071969697));
#8967=CARTESIAN_POINT('',(0.0346733727928726,-0.0162231795912393,0.101982386363636));
#8968=CARTESIAN_POINT('',(0.0356479574459263,-0.0155407680705476,0.101924053030303));
#8969=CARTESIAN_POINT('',(0.03662254209898,-0.014858356549856,0.10186571969697));
#8970=CARTESIAN_POINT('',(0.0377008201382609,-0.015361165857193,0.101807386363636));
#8971=CARTESIAN_POINT('',(0.038779098177542,-0.0158639751645301,0.101749053030303));
#8972=CARTESIAN_POINT('',(0.0388827915637693,-0.0170491959925589,0.10169071969697));
#8973=CARTESIAN_POINT('',(0.0389864849499967,-0.0182344168205877,0.101632386363636));
#8974=CARTESIAN_POINT('',(0.0380119002969429,-0.0189168283412793,0.101574053030303));
#8975=CARTESIAN_POINT('',(0.0370373156438893,-0.019599239861971,0.10151571969697));
#8976=CARTESIAN_POINT('',(0.0359590376046083,-0.0190964305546339,0.101457386363636));
#8977=CARTESIAN_POINT('',(0.0348807595653273,-0.0185936212472969,0.101399053030303));
#8978=CARTESIAN_POINT('',(0.0347770661790999,-0.0174084004192681,0.10134071969697));
#8979=CARTESIAN_POINT('',(0.0346733727928726,-0.0162231795912393,0.101282386363636));
#8980=CARTESIAN_POINT('',(0.0356479574459263,-0.0155407680705476,0.101224053030303));
#8981=CARTESIAN_POINT('',(0.03662254209898,-0.014858356549856,0.10116571969697));
#8982=CARTESIAN_POINT('',(0.0377008201382609,-0.015361165857193,0.101107386363636));
#8983=CARTESIAN_POINT('',(0.038779098177542,-0.0158639751645301,0.101049053030303));
#8984=CARTESIAN_POINT('',(0.0388827915637693,-0.0170491959925589,0.10099071969697));
#8985=CARTESIAN_POINT('',(0.0389864849499967,-0.0182344168205877,0.100932386363636));
#8986=CARTESIAN_POINT('',(0.0380119002969429,-0.0189168283412793,0.100874053030303));
#8987=CARTESIAN_POINT('',(0.0370373156438893,-0.019599239861971,0.10081571969697));
#8988=CARTESIAN_POINT('',(0.0359590376046083,-0.0190964305546339,0.100757386363636));
#8989=CARTESIAN_POINT('',(0.0348807595653273,-0.0185936212472969,0.100699053030303));
#8990=CARTESIAN_POINT('',(0.0347770661790999,-0.0174084004192681,0.10064071969697));
#8991=CARTESIAN_POINT('',(0.0346733727928726,-0.0162231795912393,0.100582386363636));
#8992=CARTESIAN_POINT('',(0.0356479574459263,-0.0155407680705476,0.100524053030303));
#8993=CARTESIAN_POINT('',(0.03662254209898,-0.014858356549856,0.10046571969697));
#8994=CARTESIAN_POINT('',(0.0377008201382609,-0.015361165857193,0.100407386363636));
#8995=CARTESIAN_POINT('',(0.038779098177542,-0.0158639751645301,0.100349053030303));
#8996=CARTESIAN_POINT('',(0.0388827915637693,-0.0170491959925589,0.10029071969697));
#8997=CARTESIAN_POINT('',(0.0389864849499967,-0.0182344168205877,0.100232386363636));
#8998=CARTESIAN_POINT('',(0.0380119002969429,-0.0189168283412793,0.100174053030303));
#8999=CARTESIAN_POINT('',(0.0370373156438893,-0.019599239861971,0.10011571969697));
#9000=CARTESIAN_POINT('',(0.0359590376046083,-0.0190964305546339,0.100057386363636));
#9001=CARTESIAN_POINT('',(0.0348807595653273,-0.0185936212472969,0.099999053030303));
#9002=CARTESIAN_POINT('',(0.0347770661790999,-0.0174084004192681,0.0999407196969696));
#9003=CARTESIAN_POINT('',(0.0346733727928726,-0.0162231795912393,0.0998823863636364));
#9004=CARTESIAN_POINT('',(0.0356479574459263,-0.0155407680705476,0.099824053030303));
#9005=CARTESIAN_POINT('',(0.03662254209898,-0.014858356549856,0.0997657196969697));
#9006=CARTESIAN_POINT('',(0.0377008201382609,-0.015361165857193,0.0997073863636363));
#9007=CARTESIAN_POINT('',(0.038779098177542,-0.0158639751645301,0.0996490530303031));
#9008=CARTESIAN_POINT('',(0.0388827915637693,-0.0170491959925589,0.0995907196969696));
#9009=CARTESIAN_POINT('',(0.0389864849499967,-0.0182344168205877,0.0995323863636364));
#9010=CARTESIAN_POINT('',(0.0380119002969429,-0.0189168283412793,0.099474053030303));
#9011=CARTESIAN_POINT('',(0.0370373156438893,-0.019599239861971,0.0994157196969698));
#9012=CARTESIAN_POINT('',(0.0359590376046083,-0.0190964305546339,0.0993573863636363));
#9013=CARTESIAN_POINT('',(0.0348807595653273,-0.0185936212472969,0.0992990530303031));
#9014=CARTESIAN_POINT('',(0.0347770661790999,-0.0174084004192681,0.0992407196969697));
#9015=CARTESIAN_POINT('',(0.0346733727928726,-0.0162231795912393,0.0991823863636365));
#9016=CARTESIAN_POINT('',(0.0356479574459263,-0.0155407680705476,0.099124053030303));
#9017=CARTESIAN_POINT('',(0.03662254209898,-0.014858356549856,0.0990657196969698));
#9018=CARTESIAN_POINT('',(0.0377008201382609,-0.015361165857193,0.0990073863636362));
#9019=CARTESIAN_POINT('',(0.038779098177542,-0.0158639751645301,0.0989490530303031));
#9020=CARTESIAN_POINT('',(0.0388827915637693,-0.0170491959925589,0.0988907196969697));
#9021=CARTESIAN_POINT('',(0.0389864849499967,-0.0182344168205877,0.0988323863636365));
#9022=CARTESIAN_POINT('',(0.0380119002969429,-0.0189168283412793,0.0987740530303029));
#9023=CARTESIAN_POINT('',(0.0370373156438893,-0.019599239861971,0.0987157196969697));
#9024=CARTESIAN_POINT('',(0.0359590376046083,-0.0190964305546339,0.0986573863636364));
#9025=CARTESIAN_POINT('',(0.0348807595653273,-0.0185936212472969,0.098599053030303));
#9026=CARTESIAN_POINT('',(0.0347770661790999,-0.0174084004192681,0.0985407196969696));
#9027=CARTESIAN_POINT('',(0.0346733727928726,-0.0162231795912393,0.0984823863636363));
#9028=CARTESIAN_POINT('',(0.0356479574459263,-0.0155407680705476,0.0984240530303029));
#9029=CARTESIAN_POINT('',(0.03662254209898,-0.014858356549856,0.0983657196969697));
#9030=CARTESIAN_POINT('',(0.0377008201382609,-0.015361165857193,0.0983073863636363));
#9031=CARTESIAN_POINT('',(0.038779098177542,-0.0158639751645301,0.098249053030303));
#9032=CARTESIAN_POINT('',(0.0388827915637693,-0.0170491959925589,0.0981907196969696));
#9033=CARTESIAN_POINT('',(0.0389864849499967,-0.0182344168205877,0.0981323863636364));
#9034=CARTESIAN_POINT('',(0.0380119002969429,-0.0189168283412793,0.098074053030303));
#9035=CARTESIAN_POINT('',(0.0370373156438893,-0.019599239861971,0.0980157196969697));
#9036=CARTESIAN_POINT('',(0.0359590376046083,-0.0190964305546339,0.0979573863636363));
#9037=CARTESIAN_POINT('',(0.0356213679524442,-0.0189389726099033,0.0979391189078794));
#9038=CARTESIAN_POINT('',(0.035360210429487,-0.0186732461592924,0.0979183149431607));
#9039=CARTESIAN_POINT('',(0.0374261938844064,-0.0152895078996929,0.108145707744914));
#9040=CARTESIAN_POINT('',(0.0375602571528302,-0.0153307277398733,0.108138234645969));
#9041=CARTESIAN_POINT('',(0.0376873731935692,-0.0153900029231443,0.10813125));
#9042=CARTESIAN_POINT('',(0.0387490021450607,-0.0158850486333437,0.108072916666667));
#9043=CARTESIAN_POINT('',(0.0388510944597391,-0.0170519691298281,0.108014583333333));
#9044=CARTESIAN_POINT('',(0.0389531867744175,-0.0182188896263125,0.10795625));
#9045=CARTESIAN_POINT('',(0.0379936501376045,-0.0188907644125975,0.107897916666667));
#9046=CARTESIAN_POINT('',(0.0370341135007915,-0.0195626391988823,0.107839583333333));
#9047=CARTESIAN_POINT('',(0.0359724845493,-0.0190675934886828,0.10778125));
#9048=CARTESIAN_POINT('',(0.0349108555978086,-0.0185725477784833,0.107722916666667));
#9049=CARTESIAN_POINT('',(0.0348087632831302,-0.0174056272819988,0.107664583333333));
#9050=CARTESIAN_POINT('',(0.0347066709684517,-0.0162387067855145,0.10760625));
#9051=CARTESIAN_POINT('',(0.0356662076052647,-0.0155668319992296,0.107547916666667));
#9052=CARTESIAN_POINT('',(0.0366257442420778,-0.0148949572129447,0.107489583333333));
#9053=CARTESIAN_POINT('',(0.0376873731935692,-0.0153900029231443,0.10743125));
#9054=CARTESIAN_POINT('',(0.0387490021450607,-0.0158850486333437,0.107372916666667));
#9055=CARTESIAN_POINT('',(0.0388510944597391,-0.0170519691298281,0.107314583333333));
#9056=CARTESIAN_POINT('',(0.0389531867744175,-0.0182188896263125,0.10725625));
#9057=CARTESIAN_POINT('',(0.0379936501376045,-0.0188907644125975,0.107197916666667));
#9058=CARTESIAN_POINT('',(0.0370341135007915,-0.0195626391988823,0.107139583333333));
#9059=CARTESIAN_POINT('',(0.0359724845493,-0.0190675934886828,0.10708125));
#9060=CARTESIAN_POINT('',(0.0349108555978086,-0.0185725477784833,0.107022916666667));
#9061=CARTESIAN_POINT('',(0.0348087632831302,-0.0174056272819988,0.106964583333333));
#9062=CARTESIAN_POINT('',(0.0347066709684517,-0.0162387067855145,0.10690625));
#9063=CARTESIAN_POINT('',(0.0356662076052647,-0.0155668319992296,0.106847916666667));
#9064=CARTESIAN_POINT('',(0.0366257442420778,-0.0148949572129447,0.106789583333333));
#9065=CARTESIAN_POINT('',(0.0376873731935692,-0.0153900029231443,0.10673125));
#9066=CARTESIAN_POINT('',(0.0387490021450607,-0.0158850486333437,0.106672916666667));
#9067=CARTESIAN_POINT('',(0.0388510944597391,-0.0170519691298281,0.106614583333333));
#9068=CARTESIAN_POINT('',(0.0389531867744175,-0.0182188896263125,0.10655625));
#9069=CARTESIAN_POINT('',(0.0379936501376045,-0.0188907644125975,0.106497916666667));
#9070=CARTESIAN_POINT('',(0.0370341135007915,-0.0195626391988823,0.106439583333333));
#9071=CARTESIAN_POINT('',(0.0359724845493,-0.0190675934886828,0.10638125));
#9072=CARTESIAN_POINT('',(0.0349108555978086,-0.0185725477784833,0.106322916666667));
#9073=CARTESIAN_POINT('',(0.0348087632831302,-0.0174056272819988,0.106264583333333));
#9074=CARTESIAN_POINT('',(0.0347066709684517,-0.0162387067855145,0.10620625));
#9075=CARTESIAN_POINT('',(0.0356662076052647,-0.0155668319992296,0.106147916666667));
#9076=CARTESIAN_POINT('',(0.0366257442420778,-0.0148949572129447,0.106089583333333));
#9077=CARTESIAN_POINT('',(0.0376873731935692,-0.0153900029231443,0.10603125));
#9078=CARTESIAN_POINT('',(0.0387490021450607,-0.0158850486333437,0.105972916666667));
#9079=CARTESIAN_POINT('',(0.0388510944597391,-0.0170519691298281,0.105914583333333));
#9080=CARTESIAN_POINT('',(0.0389531867744175,-0.0182188896263125,0.10585625));
#9081=CARTESIAN_POINT('',(0.0379936501376045,-0.0188907644125975,0.105797916666667));
#9082=CARTESIAN_POINT('',(0.0370341135007915,-0.0195626391988823,0.105739583333333));
#9083=CARTESIAN_POINT('',(0.0359724845493,-0.0190675934886828,0.10568125));
#9084=CARTESIAN_POINT('',(0.0349108555978086,-0.0185725477784833,0.105622916666667));
#9085=CARTESIAN_POINT('',(0.0348087632831302,-0.0174056272819988,0.105564583333333));
#9086=CARTESIAN_POINT('',(0.0347066709684517,-0.0162387067855145,0.10550625));
#9087=CARTESIAN_POINT('',(0.0356662076052647,-0.0155668319992296,0.105447916666667));
#9088=CARTESIAN_POINT('',(0.0366257442420778,-0.0148949572129447,0.105389583333333));
#9089=CARTESIAN_POINT('',(0.0376873731935692,-0.0153900029231443,0.10533125));
#9090=CARTESIAN_POINT('',(0.0387490021450607,-0.0158850486333437,0.105272916666667));
#9091=CARTESIAN_POINT('',(0.0388510944597391,-0.0170519691298281,0.105214583333333));
#9092=CARTESIAN_POINT('',(0.0389531867744175,-0.0182188896263125,0.10515625));
#9093=CARTESIAN_POINT('',(0.0379936501376045,-0.0188907644125975,0.105097916666667));
#9094=CARTESIAN_POINT('',(0.0370341135007915,-0.0195626391988823,0.105039583333333));
#9095=CARTESIAN_POINT('',(0.0359724845493,-0.0190675934886828,0.10498125));
#9096=CARTESIAN_POINT('',(0.0349108555978086,-0.0185725477784833,0.104922916666667));
#9097=CARTESIAN_POINT('',(0.0348087632831302,-0.0174056272819988,0.104864583333333));
#9098=CARTESIAN_POINT('',(0.0347066709684517,-0.0162387067855145,0.10480625));
#9099=CARTESIAN_POINT('',(0.0356662076052647,-0.0155668319992296,0.104747916666667));
#9100=CARTESIAN_POINT('',(0.0366257442420778,-0.0148949572129447,0.104689583333333));
#9101=CARTESIAN_POINT('',(0.0376873731935692,-0.0153900029231443,0.10463125));
#9102=CARTESIAN_POINT('',(0.0387490021450607,-0.0158850486333437,0.104572916666667));
#9103=CARTESIAN_POINT('',(0.0388510944597391,-0.0170519691298281,0.104514583333333));
#9104=CARTESIAN_POINT('',(0.0389531867744175,-0.0182188896263125,0.10445625));
#9105=CARTESIAN_POINT('',(0.0379936501376045,-0.0188907644125975,0.104397916666667));
#9106=CARTESIAN_POINT('',(0.0370341135007915,-0.0195626391988823,0.104339583333333));
#9107=CARTESIAN_POINT('',(0.0359724845493,-0.0190675934886828,0.10428125));
#9108=CARTESIAN_POINT('',(0.0349108555978086,-0.0185725477784833,0.104222916666667));
#9109=CARTESIAN_POINT('',(0.0348087632831302,-0.0174056272819988,0.104164583333333));
#9110=CARTESIAN_POINT('',(0.0347066709684517,-0.0162387067855145,0.10410625));
#9111=CARTESIAN_POINT('',(0.0356662076052647,-0.0155668319992296,0.104047916666667));
#9112=CARTESIAN_POINT('',(0.0366257442420778,-0.0148949572129447,0.103989583333333));
#9113=CARTESIAN_POINT('',(0.0376873731935692,-0.0153900029231443,0.10393125));
#9114=CARTESIAN_POINT('',(0.0387490021450607,-0.0158850486333437,0.103872916666667));
#9115=CARTESIAN_POINT('',(0.0388510944597391,-0.0170519691298281,0.103814583333333));
#9116=CARTESIAN_POINT('',(0.0389531867744175,-0.0182188896263125,0.10375625));
#9117=CARTESIAN_POINT('',(0.0379936501376045,-0.0188907644125975,0.103697916666667));
#9118=CARTESIAN_POINT('',(0.0370341135007915,-0.0195626391988823,0.103639583333333));
#9119=CARTESIAN_POINT('',(0.0359724845493,-0.0190675934886828,0.10358125));
#9120=CARTESIAN_POINT('',(0.0349108555978086,-0.0185725477784833,0.103522916666667));
#9121=CARTESIAN_POINT('',(0.0348087632831302,-0.0174056272819988,0.103464583333333));
#9122=CARTESIAN_POINT('',(0.0347066709684517,-0.0162387067855145,0.10340625));
#9123=CARTESIAN_POINT('',(0.0356662076052647,-0.0155668319992296,0.103347916666667));
#9124=CARTESIAN_POINT('',(0.0366257442420778,-0.0148949572129447,0.103289583333333));
#9125=CARTESIAN_POINT('',(0.0376873731935692,-0.0153900029231443,0.10323125));
#9126=CARTESIAN_POINT('',(0.0387490021450607,-0.0158850486333437,0.103172916666667));
#9127=CARTESIAN_POINT('',(0.0388510944597391,-0.0170519691298281,0.103114583333333));
#9128=CARTESIAN_POINT('',(0.0389531867744175,-0.0182188896263125,0.10305625));
#9129=CARTESIAN_POINT('',(0.0379936501376045,-0.0188907644125975,0.102997916666667));
#9130=CARTESIAN_POINT('',(0.0370341135007915,-0.0195626391988823,0.102939583333333));
#9131=CARTESIAN_POINT('',(0.0359724845493,-0.0190675934886828,0.10288125));
#9132=CARTESIAN_POINT('',(0.0349108555978086,-0.0185725477784833,0.102822916666667));
#9133=CARTESIAN_POINT('',(0.0348087632831302,-0.0174056272819988,0.102764583333333));
#9134=CARTESIAN_POINT('',(0.0347066709684517,-0.0162387067855145,0.10270625));
#9135=CARTESIAN_POINT('',(0.0356662076052647,-0.0155668319992296,0.102647916666667));
#9136=CARTESIAN_POINT('',(0.0366257442420778,-0.0148949572129447,0.102589583333333));
#9137=CARTESIAN_POINT('',(0.0376873731935692,-0.0153900029231443,0.10253125));
#9138=CARTESIAN_POINT('',(0.0387490021450607,-0.0158850486333437,0.102472916666667));
#9139=CARTESIAN_POINT('',(0.0388510944597391,-0.0170519691298281,0.102414583333333));
#9140=CARTESIAN_POINT('',(0.0389531867744175,-0.0182188896263125,0.10235625));
#9141=CARTESIAN_POINT('',(0.0379936501376045,-0.0188907644125975,0.102297916666667));
#9142=CARTESIAN_POINT('',(0.0370341135007915,-0.0195626391988823,0.102239583333333));
#9143=CARTESIAN_POINT('',(0.0359724845493,-0.0190675934886828,0.10218125));
#9144=CARTESIAN_POINT('',(0.0349108555978086,-0.0185725477784833,0.102122916666667));
#9145=CARTESIAN_POINT('',(0.0348087632831302,-0.0174056272819988,0.102064583333333));
#9146=CARTESIAN_POINT('',(0.0347066709684517,-0.0162387067855145,0.10200625));
#9147=CARTESIAN_POINT('',(0.0356662076052647,-0.0155668319992296,0.101947916666667));
#9148=CARTESIAN_POINT('',(0.0366257442420778,-0.0148949572129447,0.101889583333333));
#9149=CARTESIAN_POINT('',(0.0376873731935692,-0.0153900029231443,0.10183125));
#9150=CARTESIAN_POINT('',(0.0387490021450607,-0.0158850486333437,0.101772916666667));
#9151=CARTESIAN_POINT('',(0.0388510944597391,-0.0170519691298281,0.101714583333333));
#9152=CARTESIAN_POINT('',(0.0389531867744175,-0.0182188896263125,0.10165625));
#9153=CARTESIAN_POINT('',(0.0379936501376045,-0.0188907644125975,0.101597916666667));
#9154=CARTESIAN_POINT('',(0.0370341135007915,-0.0195626391988823,0.101539583333333));
#9155=CARTESIAN_POINT('',(0.0359724845493,-0.0190675934886828,0.10148125));
#9156=CARTESIAN_POINT('',(0.0349108555978086,-0.0185725477784833,0.101422916666667));
#9157=CARTESIAN_POINT('',(0.0348087632831302,-0.0174056272819988,0.101364583333333));
#9158=CARTESIAN_POINT('',(0.0347066709684517,-0.0162387067855145,0.10130625));
#9159=CARTESIAN_POINT('',(0.0356662076052647,-0.0155668319992296,0.101247916666667));
#9160=CARTESIAN_POINT('',(0.0366257442420778,-0.0148949572129447,0.101189583333333));
#9161=CARTESIAN_POINT('',(0.0376873731935692,-0.0153900029231443,0.10113125));
#9162=CARTESIAN_POINT('',(0.0387490021450607,-0.0158850486333437,0.101072916666667));
#9163=CARTESIAN_POINT('',(0.0388510944597391,-0.0170519691298281,0.101014583333333));
#9164=CARTESIAN_POINT('',(0.0389531867744175,-0.0182188896263125,0.10095625));
#9165=CARTESIAN_POINT('',(0.0379936501376045,-0.0188907644125975,0.100897916666667));
#9166=CARTESIAN_POINT('',(0.0370341135007915,-0.0195626391988823,0.100839583333333));
#9167=CARTESIAN_POINT('',(0.0359724845493,-0.0190675934886828,0.10078125));
#9168=CARTESIAN_POINT('',(0.0349108555978086,-0.0185725477784833,0.100722916666667));
#9169=CARTESIAN_POINT('',(0.0348087632831302,-0.0174056272819988,0.100664583333333));
#9170=CARTESIAN_POINT('',(0.0347066709684517,-0.0162387067855145,0.10060625));
#9171=CARTESIAN_POINT('',(0.0356662076052647,-0.0155668319992296,0.100547916666667));
#9172=CARTESIAN_POINT('',(0.0366257442420778,-0.0148949572129447,0.100489583333333));
#9173=CARTESIAN_POINT('',(0.0376873731935692,-0.0153900029231443,0.10043125));
#9174=CARTESIAN_POINT('',(0.0387490021450607,-0.0158850486333437,0.100372916666667));
#9175=CARTESIAN_POINT('',(0.0388510944597391,-0.0170519691298281,0.100314583333333));
#9176=CARTESIAN_POINT('',(0.0389531867744175,-0.0182188896263125,0.10025625));
#9177=CARTESIAN_POINT('',(0.0379936501376045,-0.0188907644125975,0.100197916666667));
#9178=CARTESIAN_POINT('',(0.0370341135007915,-0.0195626391988823,0.100139583333333));
#9179=CARTESIAN_POINT('',(0.0359724845493,-0.0190675934886828,0.10008125));
#9180=CARTESIAN_POINT('',(0.0349108555978086,-0.0185725477784833,0.100022916666667));
#9181=CARTESIAN_POINT('',(0.0348087632831302,-0.0174056272819988,0.0999645833333333));
#9182=CARTESIAN_POINT('',(0.0347066709684517,-0.0162387067855145,0.09990625));
#9183=CARTESIAN_POINT('',(0.0356662076052647,-0.0155668319992296,0.0998479166666667));
#9184=CARTESIAN_POINT('',(0.0366257442420778,-0.0148949572129447,0.0997895833333333));
#9185=CARTESIAN_POINT('',(0.0376873731935692,-0.0153900029231443,0.09973125));
#9186=CARTESIAN_POINT('',(0.0387490021450607,-0.0158850486333437,0.0996729166666666));
#9187=CARTESIAN_POINT('',(0.0388510944597391,-0.0170519691298281,0.0996145833333333));
#9188=CARTESIAN_POINT('',(0.0389531867744175,-0.0182188896263125,0.0995562499999999));
#9189=CARTESIAN_POINT('',(0.0379936501376045,-0.0188907644125975,0.0994979166666667));
#9190=CARTESIAN_POINT('',(0.0370341135007915,-0.0195626391988823,0.0994395833333334));
#9191=CARTESIAN_POINT('',(0.0359724845493,-0.0190675934886828,0.09938125));
#9192=CARTESIAN_POINT('',(0.0349108555978086,-0.0185725477784833,0.0993229166666667));
#9193=CARTESIAN_POINT('',(0.0348087632831302,-0.0174056272819988,0.0992645833333333));
#9194=CARTESIAN_POINT('',(0.0347066709684517,-0.0162387067855145,0.09920625));
#9195=CARTESIAN_POINT('',(0.0356662076052647,-0.0155668319992296,0.0991479166666667));
#9196=CARTESIAN_POINT('',(0.0366257442420778,-0.0148949572129447,0.0990895833333333));
#9197=CARTESIAN_POINT('',(0.0376873731935692,-0.0153900029231443,0.09903125));
#9198=CARTESIAN_POINT('',(0.0387490021450607,-0.0158850486333437,0.0989729166666666));
#9199=CARTESIAN_POINT('',(0.0388510944597391,-0.0170519691298281,0.0989145833333333));
#9200=CARTESIAN_POINT('',(0.0389531867744175,-0.0182188896263125,0.09885625));
#9201=CARTESIAN_POINT('',(0.0379936501376045,-0.0188907644125975,0.0987979166666667));
#9202=CARTESIAN_POINT('',(0.0370341135007915,-0.0195626391988823,0.0987395833333333));
#9203=CARTESIAN_POINT('',(0.0359724845493,-0.0190675934886828,0.09868125));
#9204=CARTESIAN_POINT('',(0.0349108555978086,-0.0185725477784833,0.0986229166666667));
#9205=CARTESIAN_POINT('',(0.0348087632831302,-0.0174056272819988,0.0985645833333333));
#9206=CARTESIAN_POINT('',(0.0347066709684517,-0.0162387067855145,0.09850625));
#9207=CARTESIAN_POINT('',(0.0356662076052647,-0.0155668319992296,0.0984479166666667));
#9208=CARTESIAN_POINT('',(0.0366257442420778,-0.0148949572129447,0.0983895833333333));
#9209=CARTESIAN_POINT('',(0.0376873731935692,-0.0153900029231443,0.09833125));
#9210=CARTESIAN_POINT('',(0.0387490021450607,-0.0158850486333437,0.0982729166666667));
#9211=CARTESIAN_POINT('',(0.0388510944597391,-0.0170519691298281,0.0982145833333333));
#9212=CARTESIAN_POINT('',(0.0389531867744175,-0.0182188896263125,0.09815625));
#9213=CARTESIAN_POINT('',(0.0379936501376045,-0.0188907644125975,0.0980979166666667));
#9214=CARTESIAN_POINT('',(0.0370341135007915,-0.0195626391988823,0.0980395833333333));
#9215=CARTESIAN_POINT('',(0.0359724845493,-0.0190675934886828,0.09798125));
#9216=CARTESIAN_POINT('',(0.0356400286652718,-0.0189125667639617,0.0979629825442431));
#9217=CARTESIAN_POINT('',(0.0353829035294802,-0.0186509432467716,0.0979421785795243));
#9218=CARTESIAN_POINT('',(0.0368299288714347,-0.0172287982059135,0.108));
#9219=CARTESIAN_POINT('',(0.0381340947634661,-0.0123303603684348,0.087));
#9220=MECHANICAL_DESIGN_GEOMETRIC_PRESENTATION_REPRESENTATION('',(#1379),
#9221);
#9221=(
GEOMETRIC_REPRESENTATION_CONTEXT(3)
GLOBAL_UNCERTAINTY_ASSIGNED_CONTEXT((#9222))
GLOBAL_UNIT_ASSIGNED_CONTEXT((#9225,#9224,#9223))
REPRESENTATION_CONTEXT('Obroc_noge','TOP_LEVEL_ASSEMBLY_PART')
);
#9222=UNCERTAINTY_MEASURE_WITH_UNIT(LENGTH_MEASURE(2.E-5),#9225,
'DISTANCE_ACCURACY_VALUE','Maximum Tolerance applied to model');
#9223=(
NAMED_UNIT(*)
SI_UNIT($,.STERADIAN.)
SOLID_ANGLE_UNIT()
);
#9224=(
NAMED_UNIT(*)
PLANE_ANGLE_UNIT()
SI_UNIT($,.RADIAN.)
);
#9225=(
LENGTH_UNIT()
NAMED_UNIT(*)
SI_UNIT($,.METRE.)
);
#9226=PRODUCT_DEFINITION_SHAPE('','',#9227);
#9227=PRODUCT_DEFINITION('','',#9229,#9228);
#9228=PRODUCT_DEFINITION_CONTEXT('',#9235,'design');
#9229=PRODUCT_DEFINITION_FORMATION_WITH_SPECIFIED_SOURCE('','',#9231,
 .NOT_KNOWN.);
#9230=PRODUCT_RELATED_PRODUCT_CATEGORY('','',(#9231));
#9231=PRODUCT('Obroc_noge','Obroc_noge','Obroc_noge',(#9233));
#9232=PRODUCT_CATEGORY('','');
#9233=PRODUCT_CONTEXT('',#9235,'mechanical');
#9234=APPLICATION_PROTOCOL_DEFINITION('international standard',
'ap242_managed_model_based_3d_engineering',2020,#9235);
#9235=APPLICATION_CONTEXT('managed model based 3d engineering');
ENDSEC;
END-ISO-10303-21;
